date,hsr_passengers,hsr_daily_passengers,hsr_passenger_km,hsr_avg_trip_km,hsr_occupancy_pct,hsr_punctuality_pct,hsr_trips,hsr_train_km,hsr_entry_total,hsr_entry_nangang,hsr_entry_taipei,hsr_entry_banqiao,hsr_entry_taoyuan,hsr_entry_hsinchu,hsr_entry_miaoli,hsr_entry_taichung,hsr_entry_changhua,hsr_entry_yunlin,hsr_entry_chiayi,hsr_entry_tainan,hsr_entry_zuoying,hsr_exit_total,hsr_exit_nangang,hsr_exit_taipei,hsr_exit_banqiao,hsr_exit_taoyuan,hsr_exit_hsinchu,hsr_exit_miaoli,hsr_exit_taichung,hsr_exit_changhua,hsr_exit_yunlin,hsr_exit_chiayi,hsr_exit_tainan,hsr_exit_zuoying,bus_total_route_km,bus_total_vehicles,bus_total_trips,bus_total_vehicle_km,bus_total_passengers,bus_total_passenger_km,bus_total_revenue_twd,bus_city_route_km,bus_city_vehicles,bus_city_trips,bus_city_vehicle_km,bus_city_vehicle_days,bus_city_fuel_liters,bus_city_passengers,bus_city_daily_passengers,bus_city_passenger_km,bus_city_revenue_twd,bus_highway_route_km,bus_highway_vehicles,bus_highway_trips,bus_highway_vehicle_km,bus_highway_passengers,bus_highway_passenger_km,bus_highway_revenue_twd,month_sin,month_cos,days_in_month,hsr_passengers_is_missing,hsr_daily_passengers_is_missing,hsr_passenger_km_is_missing,hsr_avg_trip_km_is_missing,hsr_occupancy_pct_is_missing,hsr_punctuality_pct_is_missing,hsr_trips_is_missing,hsr_train_km_is_missing,hsr_entry_total_is_missing,hsr_entry_nangang_is_missing,hsr_entry_taipei_is_missing,hsr_entry_banqiao_is_missing,hsr_entry_taoyuan_is_missing,hsr_entry_hsinchu_is_missing,hsr_entry_miaoli_is_missing,hsr_entry_taichung_is_missing,hsr_entry_changhua_is_missing,hsr_entry_yunlin_is_missing,hsr_entry_chiayi_is_missing,hsr_entry_tainan_is_missing,hsr_entry_zuoying_is_missing,hsr_exit_total_is_missing,hsr_exit_nangang_is_missing,hsr_exit_taipei_is_missing,hsr_exit_banqiao_is_missing,hsr_exit_taoyuan_is_missing,hsr_exit_hsinchu_is_missing,hsr_exit_miaoli_is_missing,hsr_exit_taichung_is_missing,hsr_exit_changhua_is_missing,hsr_exit_yunlin_is_missing,hsr_exit_chiayi_is_missing,hsr_exit_tainan_is_missing,hsr_exit_zuoying_is_missing,bus_total_route_km_is_missing,bus_total_vehicles_is_missing,bus_total_trips_is_missing,bus_total_vehicle_km_is_missing,bus_total_passengers_is_missing,bus_total_passenger_km_is_missing,bus_total_revenue_twd_is_missing,bus_city_route_km_is_missing,bus_city_vehicles_is_missing,bus_city_trips_is_missing,bus_city_vehicle_km_is_missing,bus_city_vehicle_days_is_missing,bus_city_fuel_liters_is_missing,bus_city_passengers_is_missing,bus_city_daily_passengers_is_missing,bus_city_passenger_km_is_missing,bus_city_revenue_twd_is_missing,bus_highway_route_km_is_missing,bus_highway_vehicles_is_missing,bus_highway_trips_is_missing,bus_highway_vehicle_km_is_missing,bus_highway_passengers_is_missing,bus_highway_passenger_km_is_missing,bus_highway_revenue_twd_is_missing
2007-01-01,1161047.0,43002.0,252905393.0,217.83,79.36,99.61,1034.0,322218.0,1161047.0,0.0,0.0,361483.0,83374.0,70811.0,0.0,190724.0,0.0,0.0,60498.0,101015.0,293142.0,1161047.0,0.0,0.0,362768.0,81237.0,70768.0,0.0,185591.0,0.0,0.0,58444.0,96571.0,305668.0,68619.1,13138.0,3806831.0,97309094.0,87400630.0,1315321418.0,2256799885.0,9770.7,5745.0,2723215.0,28555766.0,166333.0,11906438.0,65651581.0,2117793.0,532801980.0,1010396541.0,58848.4,7393.0,1083616.0,68753328.0,21749049.0,782519438.0,1246403344.0,0.0,1.0,31,0,0,0,0,0,0,0,0,0,1,1,0,0,0,1,0,1,1,0,0,0,0,1,1,0,0,0,1,0,1,1,0,0,0,0,0,0,0,0,0,0,0,0,0,0,0,0,0,0,0,0,0,0,0,0,0,0,0
2007-02-01,724784.0,25885.0,163397100.0,225.44,49.44,99.81,1064.0,334152.0,724784.0,0.0,0.0,251462.0,50236.0,42628.0,0.0,102085.0,0.0,0.0,46227.0,66191.0,165955.0,724784.0,0.0,0.0,253325.0,45302.0,39911.0,0.0,101043.0,0.0,0.0,45798.0,66933.0,172472.0,69245.2,13174.0,3104948.0,87107501.0,67436292.0,1201605442.0,1991039043.0,9813.7,5712.0,2173058.0,22886167.0,145926.0,9872684.0,51061980.0,1823642.0,417128454.0,785664149.0,59431.5,7462.0,931890.0,64221334.0,16374312.0,784476988.0,1205374894.0,0.49999999999999994,0.8660254037844387,28,0,0,0,0,0,0,0,0,0,1,1,0,0,0,1,0,1,1,0,0,0,0,1,1,0,0,0,1,0,1,1,0,0,0,0,0,0,0,0,0,0,0,0,0,0,0,0,0,0,0,0,0,0,0,0,0,0,0
2007-03-01,919455.0,29660.0,211535284.0,230.07,55.82,99.92,1190.0,383166.0,919455.0,0.0,253993.0,80047.0,56640.0,53230.0,0.0,147960.0,0.0,0.0,54326.0,76138.0,197121.0,919455.0,0.0,262122.0,75285.0,52037.0,50916.0,0.0,145496.0,0.0,0.0,54723.0,75676.0,203200.0,69104.6,13213.0,3813800.0,98110547.0,91091835.0,1395284628.0,2310147904.0,9800.0,5732.0,2708274.0,28412147.0,166358.0,12267910.0,69539385.0,2243206.0,563965796.0,1064015437.0,59304.6,7481.0,1105526.0,69698400.0,21552450.0,831318832.0,1246132467.0,0.8660254037844386,0.5000000000000001,31,0,0,0,0,0,0,0,0,0,1,0,0,0,0,1,0,1,1,0,0,0,0,1,0,0,0,0,1,0,1,1,0,0,0,0,0,0,0,0,0,0,0,0,0,0,0,0,0,0,0,0,0,0,0,0,0,0,0
2007-04-01,1076413.0,35880.0,251318735.0,233.48,51.87,99.93,1500.0,489900.0,1076413.0,0.0,308830.0,82046.0,64569.0,61063.0,0.0,172817.0,0.0,0.0,66119.0,85099.0,235870.0,1076413.0,0.0,319834.0,78831.0,60157.0,57897.0,0.0,168412.0,0.0,0.0,60910.0,85819.0,244553.0,68130.3,13173.0,3683710.0,95906576.0,85654429.0,1388736790.0,2271131367.0,9766.6,5730.0,2618660.0,27056727.0,160430.0,11835086.0,64461069.0,2148702.0,520722426.0,983723973.0,58363.7,7443.0,1065050.0,68849849.0,21193360.0,868014364.0,1287407394.0,1.0,6.123233995736766e-17,30,0,0,0,0,0,0,0,0,0,1,0,0,0,0,1,0,1,1,0,0,0,0,1,0,0,0,0,1,0,1,1,0,0,0,0,0,0,0,0,0,0,0,0,0,0,0,0,0,0,0,0,0,0,0,0,0,0,0
2007-05-01,1155098.0,37261.0,266817258.0,230.99,53.29,99.94,1550.0,506230.0,1155098.0,0.0,329918.0,82357.0,69446.0,69308.0,0.0,198274.0,0.0,0.0,69305.0,88887.0,247603.0,1155098.0,0.0,340350.0,80829.0,64234.0,64768.0,0.0,189667.0,0.0,0.0,63860.0,88064.0,263326.0,68009.5,13145.0,3835633.0,98200898.0,89707553.0,1399243357.0,2308733748.0,9756.7,5704.0,2727309.0,28250288.0,166080.0,13131209.0,68668949.0,2215127.0,557157628.0,1053211418.0,58252.8,7441.0,1108324.0,69950610.0,21038604.0,842085729.0,1255522330.0,0.8660254037844387,-0.4999999999999998,31,0,0,0,0,0,0,0,0,0,1,0,0,0,0,1,0,1,1,0,0,0,0,1,0,0,0,0,1,0,1,1,0,0,0,0,0,0,0,0,0,0,0,0,0,0,0,0,0,0,0,0,0,0,0,0,0,0,0
2007-06-01,1241227.0,41374.0,287557049.0,231.67,49.19,99.03,1860.0,591060.0,1241227.0,0.0,360047.0,85127.0,76233.0,74777.0,0.0,212548.0,0.0,0.0,73461.0,98874.0,260160.0,1241227.0,0.0,373003.0,84322.0,69183.0,70129.0,0.0,197066.0,0.0,0.0,68031.0,96468.0,283025.0,68300.0,13085.0,3642881.0,94326950.0,81883197.0,1291674914.0,2162671361.0,9954.9,5652.0,2588918.0,26939165.0,158492.0,12607845.0,62515643.0,2083855.0,506100446.0,958320403.0,58345.1,7433.0,1053963.0,67387785.0,19367554.0,785574468.0,1204350958.0,0.49999999999999994,-0.8660254037844387,30,0,0,0,0,0,0,0,0,0,1,0,0,0,0,1,0,1,1,0,0,0,0,1,0,0,0,0,1,0,1,1,0,0,0,0,0,0,0,0,0,0,0,0,0,0,0,0,0,0,0,0,0,0,0,0,0,0,0
2007-07-01,1425755.0,45992.0,327989649.0,230.05,52.69,99.39,1982.0,629422.0,1425755.0,0.0,415411.0,97873.0,89316.0,87534.0,0.0,243267.0,0.0,0.0,81970.0,111738.0,298646.0,1425755.0,0.0,429991.0,97188.0,81295.0,83468.0,0.0,228697.0,0.0,0.0,78518.0,109636.0,316962.0,68017.1,13117.0,3690184.0,94210751.0,81693071.0,1336276442.0,2222993057.0,9742.3,5712.0,2661064.0,27685960.0,163725.0,13410083.0,62934076.0,2030131.0,509573736.0,969704434.0,58274.8,7405.0,1029120.0,66524791.0,18758995.0,826702706.0,1253288623.0,1.2246467991473532e-16,-1.0,31,0,0,0,0,0,0,0,0,0,1,0,0,0,0,1,0,1,1,0,0,0,0,1,0,0,0,0,1,0,1,1,0,0,0,0,0,0,0,0,0,0,0,0,0,0,0,0,0,0,0,0,0,0,0,0,0,0,0
2007-08-01,1373686.0,44312.0,313322354.0,228.09,43.61,99.64,2240.0,726454.0,1373686.0,0.0,417663.0,92484.0,84869.0,87666.0,0.0,236629.0,0.0,0.0,73671.0,105988.0,274716.0,1373686.0,0.0,420593.0,88873.0,78825.0,83446.0,0.0,232658.0,0.0,0.0,73558.0,107625.0,288108.0,68062.0,13012.0,3660838.0,92431674.0,81146814.0,1296460776.0,2177997923.0,9850.7,5637.0,2644764.0,27492159.0,162773.0,13036065.0,63005607.0,2032439.0,509087686.0,970443950.0,58211.3,7375.0,1016074.0,64939515.0,18141207.0,787373090.0,1207553973.0,-0.4999999999999997,-0.8660254037844388,31,0,0,0,0,0,0,0,0,0,1,0,0,0,0,1,0,1,1,0,0,0,0,1,0,0,0,0,1,0,1,1,0,0,0,0,0,0,0,0,0,0,0,0,0,0,0,0,0,0,0,0,0,0,0,0,0,0,0
2007-09-01,1367236.0,45575.0,313785859.0,229.5,39.73,99.96,2509.0,798509.0,1367236.0,0.0,409056.0,92286.0,83326.0,87251.0,0.0,232930.0,0.0,0.0,76050.0,107223.0,279114.0,1367236.0,0.0,423675.0,90219.0,77356.0,84625.0,0.0,222300.0,0.0,0.0,72946.0,107214.0,288901.0,67818.1,13004.0,3526462.0,90952195.0,82846896.0,1323290431.0,2267829121.0,9746.5,5609.0,2508658.0,26246349.0,156384.0,12449491.0,62861341.0,2095378.0,506313065.0,944486571.0,58071.6,7395.0,1017804.0,64705846.0,19985555.0,816977366.0,1323342550.0,-0.8660254037844385,-0.5000000000000004,30,0,0,0,0,0,0,0,0,0,1,0,0,0,0,1,0,1,1,0,0,0,0,1,0,0,0,0,1,0,1,1,0,0,0,0,0,0,0,0,0,0,0,0,0,0,0,0,0,0,0,0,0,0,0,0,0,0,0
2007-10-01,1448553.0,46728.0,325843898.0,224.94,36.58,98.0,2754.0,900581.0,1448553.0,0.0,443597.0,94070.0,83139.0,90434.0,0.0,249212.0,0.0,0.0,78094.0,119349.0,290658.0,1448553.0,0.0,433624.0,94493.0,91847.0,95405.0,0.0,259328.0,0.0,0.0,80689.0,117230.0,275937.0,67865.9,12893.0,3688143.0,91984218.0,90008962.0,1317595304.0,2273625675.0,9735.2,5584.0,2647812.0,27677991.0,162439.0,12507974.0,67945702.0,2191797.0,546695687.0,1053060441.0,58130.7,7309.0,1040331.0,64306227.0,22063260.0,770899617.0,1220565234.0,-1.0,-1.8369701987210297e-16,31,0,0,0,0,0,0,0,0,0,1,0,0,0,0,1,0,1,1,0,0,0,0,1,0,0,0,0,1,0,1,1,0,0,0,0,0,0,0,0,0,0,0,0,0,0,0,0,0,0,0,0,0,0,0,0,0,0,0
2007-11-01,1659506.0,55317.0,368249058.0,221.9,34.9,99.28,3214.0,1066761.0,1659506.0,0.0,498064.0,107349.0,107157.0,113115.0,0.0,303174.0,0.0,0.0,89111.0,128190.0,313346.0,1659506.0,0.0,509569.0,105704.0,94680.0,109017.0,0.0,291269.0,0.0,0.0,88283.0,131606.0,329378.0,68393.9,12991.0,3668935.0,91595963.0,88926815.0,1321692933.0,2261372420.0,9801.1,5629.0,2627169.0,27377470.0,158951.0,12000867.0,68444801.0,2281493.0,550621517.0,1050307590.0,58592.8,7362.0,1041766.0,64218493.0,20482014.0,771071416.0,1211064830.0,-0.8660254037844386,0.5000000000000001,30,0,0,0,0,0,0,0,0,0,1,0,0,0,0,1,0,1,1,0,0,0,0,1,0,0,0,0,1,0,1,1,0,0,0,0,0,0,0,0,0,0,0,0,0,0,0,0,0,0,0,0,0,0,0,0,0,0,0
2007-12-01,2002896.0,64610.0,437451789.0,218.41,37.57,99.89,3503.0,1177375.0,2002896.0,0.0,601838.0,128064.0,129220.0,138945.0,0.0,374293.0,0.0,0.0,110145.0,149769.0,370622.0,2002896.0,0.0,619617.0,131251.0,116193.0,132936.0,0.0,358107.0,0.0,0.0,107272.0,150699.0,386821.0,68376.55,13155.0,3763147.0,95500857.0,92994531.0,1392062057.0,2429990237.0,10115.35,5707.0,2692109.0,28475306.0,166274.0,12107017.0,71370523.0,2302275.0,573665703.0,1098003119.0,58261.2,7448.0,1071038.0,67025551.0,21624008.0,818396354.0,1331987118.0,-0.5000000000000004,0.8660254037844384,31,0,0,0,0,0,0,0,0,0,1,0,0,0,0,1,0,1,1,0,0,0,0,1,0,0,0,0,1,0,1,1,0,0,0,0,0,0,0,0,0,0,0,0,0,0,0,0,0,0,0,0,0,0,0,0,0,0,0
2008-01-01,1958004.0,63161.0,427087575.0,218.12,35.95,99.75,3589.0,1201170.0,1958004.0,0.0,601161.0,127417.0,126560.0,135946.0,0.0,357300.0,0.0,0.0,103790.0,148858.0,356972.0,1958004.0,0.0,592024.0,128060.0,119604.0,134925.0,0.0,356003.0,0.0,0.0,104778.0,153753.0,368857.0,68138.25,13117.0,3741200.0,94314253.0,88912808.0,1297397104.0,2267957549.0,10097.45,5714.0,2682470.0,28279638.0,166153.0,12049836.0,68154760.0,2198541.0,551035790.0,1056773381.0,58040.8,7403.0,1058730.0,66034615.0,20758048.0,746361314.0,1211184168.0,0.0,1.0,31,0,0,0,0,0,0,0,0,0,1,0,0,0,0,1,0,1,1,0,0,0,0,1,0,0,0,0,1,0,1,1,0,0,0,0,0,0,0,0,0,0,0,0,0,0,0,0,0,0,0,0,0,0,0,0,0,0,0
2008-02-01,2095210.0,72249.0,464631472.0,221.76,40.12,98.86,3516.0,1171120.0,2095210.0,0.0,627687.0,150185.0,136347.0,140603.0,0.0,348979.0,0.0,0.0,130408.0,158187.0,402814.0,2095210.0,0.0,615057.0,145893.0,127148.0,134519.0,0.0,357194.0,0.0,0.0,133140.0,164651.0,417608.0,67544.25,12945.0,3259856.0,84111506.0,73531152.0,1178175067.0,2029402338.0,10100.65,5663.0,2300381.0,24354690.0,152587.0,10061611.0,56756500.0,1957121.0,460120715.0,878743722.0,57443.6,7282.0,959475.0,59756816.0,16774652.0,718054352.0,1150658616.0,0.49999999999999994,0.8660254037844387,29,0,0,0,0,0,0,0,0,0,1,0,0,0,0,1,0,1,1,0,0,0,0,1,0,0,0,0,1,0,1,1,0,0,0,0,0,0,0,0,0,0,0,0,0,0,0,0,0,0,0,0,0,0,0,0,0,0,0
2008-03-01,2311821.0,74575.0,499869206.0,216.22,40.88,99.33,3712.0,1236242.0,2311821.0,0.0,680217.0,146052.0,152306.0,166206.0,0.0,415344.0,0.0,0.0,130199.0,181928.0,439569.0,2311821.0,0.0,694204.0,149349.0,141627.0,163923.0,0.0,405854.0,0.0,0.0,127347.0,182945.0,446572.0,67336.85,13032.0,3730867.0,91207072.0,92730314.0,1380305957.0,2389393821.0,10084.25,5745.0,2671316.0,28125407.0,166618.0,11896295.0,70249369.0,2266109.0,562259485.0,1079940985.0,57252.6,7287.0,1059551.0,63081665.0,22480945.0,818046472.0,1309452836.0,0.8660254037844386,0.5000000000000001,31,0,0,0,0,0,0,0,0,0,1,0,0,0,0,1,0,1,1,0,0,0,0,1,0,0,0,0,1,0,1,1,0,0,0,0,0,0,0,0,0,0,0,0,0,0,0,0,0,0,0,0,0,0,0,0,0,0,0
2008-04-01,2545527.0,84851.0,549950673.0,216.05,46.5,99.78,3590.0,1195907.0,2545527.0,0.0,746241.0,163968.0,171640.0,184111.0,0.0,451602.0,0.0,0.0,151205.0,193241.0,483519.0,2545527.0,0.0,744716.0,169443.0,161238.0,181288.0,0.0,446806.0,0.0,0.0,148284.0,197524.0,496228.0,66967.85,13024.0,3617411.0,88435632.0,88489243.0,1299102967.0,2249619911.0,9827.35,5751.0,2584706.0,27325045.0,160190.0,11930029.0,67585988.0,2252866.0,539339178.0,1040022017.0,57140.5,7273.0,1032705.0,61110587.0,20903255.0,759763789.0,1209597894.0,1.0,6.123233995736766e-17,30,0,0,0,0,0,0,0,0,0,1,0,0,0,0,1,0,1,1,0,0,0,0,1,0,0,0,0,1,0,1,1,0,0,0,0,0,0,0,0,0,0,0,0,0,0,0,0,0,0,0,0,0,0,0,0,0,0,0
2008-05-01,2603395.0,83980.0,560909249.0,215.45,45.84,99.62,3715.0,1237279.0,2603395.0,0.0,757563.0,167943.0,184388.0,197591.0,0.0,462999.0,0.0,0.0,141277.0,195250.0,496384.0,2603395.0,0.0,759411.0,171732.0,170799.0,193473.0,0.0,457179.0,0.0,0.0,140492.0,196776.0,513533.0,66644.75,13080.0,3729498.0,90610885.0,91881669.0,1361691676.0,2333461408.0,9873.75,5765.0,2675979.0,28366055.0,166866.0,12710213.0,70113148.0,2261714.0,558071923.0,1087262150.0,56771.0,7315.0,1053519.0,62244830.0,21768521.0,803619753.0,1246199258.0,0.8660254037844387,-0.4999999999999998,31,0,0,0,0,0,0,0,0,0,1,0,0,0,0,1,0,1,1,0,0,0,0,1,0,0,0,0,1,0,1,1,0,0,0,0,0,0,0,0,0,0,0,0,0,0,0,0,0,0,0,0,0,0,0,0,0,0,0
2008-06-01,2537620.0,84587.0,544917884.0,214.74,45.92,99.53,3603.0,1199818.0,2537620.0,0.0,747432.0,158977.0,178109.0,196844.0,0.0,445344.0,0.0,0.0,133284.0,189474.0,488156.0,2537620.0,0.0,759417.0,164531.0,169848.0,196371.0,0.0,438429.0,0.0,0.0,131282.0,189349.0,488393.0,66482.15,13042.0,3542039.0,84374552.0,87325441.0,1294887914.0,2197593358.0,9832.45,5763.0,2561958.0,27409262.0,160209.0,12445702.0,66522948.0,2217432.0,527288192.0,1022887462.0,56649.7,7279.0,980081.0,56965290.0,20802493.0,767599722.0,1174705896.0,0.49999999999999994,-0.8660254037844387,30,0,0,0,0,0,0,0,0,0,1,0,0,0,0,1,0,1,1,0,0,0,0,1,0,0,0,0,1,0,1,1,0,0,0,0,0,0,0,0,0,0,0,0,0,0,0,0,0,0,0,0,0,0,0,0,0,0,0
2008-07-01,2811997.0,90710.0,605923969.0,215.48,47.12,97.98,3918.0,1300355.0,2811997.0,0.0,832443.0,174964.0,200223.0,216229.0,0.0,481409.0,0.0,0.0,148002.0,208881.0,549846.0,2811997.0,0.0,833450.0,179384.0,190026.0,214343.0,0.0,478230.0,0.0,0.0,147806.0,212036.0,556722.0,66341.8,12907.0,3566972.0,84684888.0,84020450.0,1316680169.0,2189858287.0,9865.3,5727.0,2619110.0,27691412.0,165109.0,12902361.0,65399695.0,2109668.0,524356087.0,1007629228.0,56476.5,7180.0,947862.0,56993476.0,18620755.0,792324082.0,1182229059.0,1.2246467991473532e-16,-1.0,31,0,0,0,0,0,0,0,0,0,1,0,0,0,0,1,0,1,1,0,0,0,0,1,0,0,0,0,1,0,1,1,0,0,0,0,0,0,0,0,0,0,0,0,0,0,0,0,0,0,0,0,0,0,0,0,0,0,0
2008-08-01,2973150.0,95908.0,630249077.0,211.98,46.63,99.03,4123.0,1366694.0,2973150.0,0.0,888463.0,178344.0,207903.0,236777.0,0.0,522404.0,0.0,0.0,153969.0,215642.0,569648.0,2973150.0,0.0,887347.0,184322.0,196283.0,234302.0,0.0,521789.0,0.0,0.0,154468.0,218706.0,575933.0,67332.0,12929.0,3612772.0,87035922.0,86142624.0,1365328988.0,2295245682.0,11113.2,5767.0,2634744.0,27928273.0,166697.0,12994221.0,66658411.0,2150271.0,511672176.0,1030664737.0,56218.8,7162.0,978028.0,59107649.0,19484213.0,853656812.0,1264580945.0,-0.4999999999999997,-0.8660254037844388,31,0,0,0,0,0,0,0,0,0,1,0,0,0,0,1,0,1,1,0,0,0,0,1,0,0,0,0,1,0,1,1,0,0,0,0,0,0,0,0,0,0,0,0,0,0,0,0,0,0,0,0,0,0,0,0,0,0,0
2008-09-01,2488574.0,82952.0,529600881.0,212.81,42.4,98.5,3808.0,1262933.0,2488574.0,0.0,726719.0,155180.0,181986.0,197803.0,0.0,438035.0,0.0,0.0,129193.0,186611.0,473047.0,2488574.0,0.0,735772.0,159807.0,168664.0,196852.0,0.0,435810.0,0.0,0.0,128347.0,190978.0,472344.0,67133.9,12927.0,3378754.0,79395022.0,84840855.0,1256736354.0,2174198867.0,11067.4,5766.0,2455576.0,26103716.0,158400.0,11903884.0,64461084.0,2148703.0,515465915.0,1005570937.0,56066.5,7161.0,923178.0,53291306.0,20379771.0,741270439.0,1168627930.0,-0.8660254037844385,-0.5000000000000004,30,0,0,0,0,0,0,0,0,0,1,0,0,0,0,1,0,1,1,0,0,0,0,1,0,0,0,0,1,0,1,1,0,0,0,0,0,0,0,0,0,0,0,0,0,0,0,0,0,0,0,0,0,0,0,0,0,0,0
2008-10-01,2855980.0,92128.0,606826369.0,212.48,44.69,99.3,4144.0,1373101.0,2855980.0,0.0,835333.0,177968.0,210059.0,228215.0,0.0,500975.0,0.0,0.0,149661.0,211640.0,542129.0,2855980.0,0.0,835853.0,181662.0,196035.0,222539.0,0.0,497163.0,0.0,0.0,151298.0,215006.0,556424.0,67033.6,12935.0,3684918.0,85627117.0,93708424.0,1370144162.0,2373736028.0,11034.1,5799.0,2671630.0,28436370.0,166272.0,12619067.0,71977718.0,2321862.0,574904807.0,1118172348.0,55999.5,7136.0,1013288.0,57190747.0,21730706.0,795239355.0,1255563680.0,-1.0,-1.8369701987210297e-16,31,0,0,0,0,0,0,0,0,0,1,0,0,0,0,1,0,1,1,0,0,0,0,1,0,0,0,0,1,0,1,1,0,0,0,0,0,0,0,0,0,0,0,0,0,0,0,0,0,0,0,0,0,0,0,0,0,0,0
2008-11-01,2741710.0,91390.0,583940627.0,212.98,44.6,98.92,3994.0,1323964.0,2741710.0,0.0,779226.0,194947.0,202217.0,212475.0,0.0,482811.0,0.0,0.0,143585.0,207495.0,518954.0,2741710.0,0.0,795516.0,194307.0,182502.0,211158.0,0.0,477831.0,0.0,0.0,142725.0,208627.0,529044.0,66823.0,12930.0,3547711.0,82195808.0,87845401.0,1292665271.0,2213845735.0,10999.1,5792.0,2570697.0,27385056.0,160638.0,11866799.0,67268921.0,2242297.0,537537948.0,1045390889.0,55823.9,7138.0,977014.0,54810752.0,20576480.0,755127323.0,1168454846.0,-0.8660254037844386,0.5000000000000001,30,0,0,0,0,0,0,0,0,0,1,0,0,0,0,1,0,1,1,0,0,0,0,1,0,0,0,0,1,0,1,1,0,0,0,0,0,0,0,0,0,0,0,0,0,0,0,0,0,0,0,0,0,0,0,0,0,0,0
2008-12-01,2658273.0,85751.0,562212593.0,211.5,40.93,99.71,4188.0,1388747.0,2658273.0,0.0,790802.0,164514.0,197087.0,210570.0,0.0,469141.0,0.0,0.0,134604.0,197278.0,494277.0,2658273.0,0.0,804471.0,164424.0,176421.0,204413.0,0.0,462151.0,0.0,0.0,136257.0,201061.0,509075.0,66446.9,12967.0,3723265.0,86095114.0,94665816.0,1370000464.0,2362070158.0,10933.0,5807.0,2703284.0,28904191.0,167021.0,12241211.0,72511775.0,2339090.0,580918900.0,1119739289.0,55513.9,7160.0,1019981.0,57190923.0,22154041.0,789081564.0,1242330869.0,-0.5000000000000004,0.8660254037844384,31,0,0,0,0,0,0,0,0,0,1,0,0,0,0,1,0,1,1,0,0,0,0,1,0,0,0,0,1,0,1,1,0,0,0,0,0,0,0,0,0,0,0,0,0,0,0,0,0,0,0,0,0,0,0,0,0,0,0
2009-01-01,2786684.0,89893.0,610598477.0,219.11,41.08,98.74,4524.0,1502746.0,2786684.0,0.0,825916.0,195664.0,199050.0,190034.0,0.0,455950.0,0.0,0.0,167103.0,206625.0,546342.0,2786684.0,0.0,797469.0,188149.0,187045.0,186406.0,0.0,464255.0,0.0,0.0,175324.0,212539.0,575497.0,65854.6,12988.0,3423892.0,83519491.0,80414516.0,1269953757.0,2139984681.0,10982.2,5826.0,2458379.0,26298834.0,163305.0,10555863.0,60071965.0,1937805.0,482308775.0,928177966.0,54872.4,7162.0,965513.0,57220657.0,20342551.0,787644982.0,1211806715.0,0.0,1.0,31,0,0,0,0,0,0,0,0,0,1,0,0,0,0,1,0,1,1,0,0,0,0,1,0,0,0,0,1,0,1,1,0,0,0,0,0,0,0,0,0,0,0,0,0,0,0,0,0,0,0,0,0,0,0,0,0,0,0
2009-02-01,2396835.0,85601.0,508782980.0,212.27,40.89,99.58,3794.0,1258183.0,2396835.0,0.0,688274.0,150529.0,175439.0,185163.0,0.0,418382.0,0.0,0.0,128850.0,175767.0,474431.0,2396835.0,0.0,729301.0,156648.0,169183.0,186110.0,0.0,409599.0,0.0,0.0,121050.0,171326.0,453618.0,65825.35,13009.0,3311373.0,77772711.0,81614373.0,1234870804.0,2042127373.0,10952.75,5875.0,2407109.0,25519848.0,149080.0,10584364.0,62983870.0,2249424.0,505573539.0,974285201.0,54872.6,7134.0,904264.0,52252863.0,18630503.0,729297265.0,1067842172.0,0.49999999999999994,0.8660254037844387,28,0,0,0,0,0,0,0,0,0,1,0,0,0,0,1,0,1,1,0,0,0,0,1,0,0,0,0,1,0,1,1,0,0,0,0,0,0,0,0,0,0,0,0,0,0,0,0,0,0,0,0,0,0,0,0,0,0,0
2009-03-01,2648005.0,85420.0,562792461.0,212.53,44.43,98.79,3870.0,1280856.0,2648005.0,0.0,783356.0,166754.0,192010.0,204132.0,0.0,465823.0,0.0,0.0,145521.0,193318.0,497091.0,2648005.0,0.0,802816.0,169352.0,179181.0,202141.0,0.0,462143.0,0.0,0.0,142722.0,193881.0,495769.0,65795.4,12947.0,3706181.0,86819650.0,90928434.0,1329745739.0,2267098831.0,10922.4,5871.0,2700156.0,28754572.0,166012.0,11813912.0,70451887.0,2272642.0,538147141.0,1090248208.0,54873.0,7076.0,1006025.0,58065078.0,20476547.0,791598598.0,1176850623.0,0.8660254037844386,0.5000000000000001,31,0,0,0,0,0,0,0,0,0,1,0,0,0,0,1,0,1,1,0,0,0,0,1,0,0,0,0,1,0,1,1,0,0,0,0,0,0,0,0,0,0,0,0,0,0,0,0,0,0,0,0,0,0,0,0,0,0,0
2009-04-01,2582952.0,86098.0,548602664.0,212.39,48.31,99.97,3476.0,1148217.0,2582952.0,0.0,757570.0,165893.0,193021.0,200386.0,0.0,443555.0,0.0,0.0,149719.0,191860.0,480948.0,2582952.0,0.0,768135.0,164560.0,179133.0,197384.0,0.0,445080.0,0.0,0.0,148308.0,193779.0,486573.0,65959.2,12986.0,3620937.0,85016345.0,88298076.0,1319266989.0,2208202844.0,11128.5,5914.0,2630531.0,28063225.0,162379.0,11761834.0,68077667.0,2269256.0,548373434.0,1054335071.0,54830.7,7072.0,990406.0,56953120.0,20220409.0,770893555.0,1153867773.0,1.0,6.123233995736766e-17,30,0,0,0,0,0,0,0,0,0,1,0,0,0,0,1,0,1,1,0,0,0,0,1,0,0,0,0,1,0,1,1,0,0,0,0,0,0,0,0,0,0,0,0,0,0,0,0,0,0,0,0,0,0,0,0,0,0,0
2009-05-01,2752003.0,88774.0,589171415.0,214.09,48.13,100.0,3743.0,1237767.0,2752003.0,0.0,800042.0,179636.0,197433.0,212190.0,0.0,468849.0,0.0,0.0,154776.0,205411.0,533666.0,2752003.0,0.0,812172.0,180460.0,185763.0,209426.0,0.0,469961.0,0.0,0.0,154490.0,205958.0,533773.0,65970.5,12995.0,3665884.0,88605196.0,88429597.0,1410168656.0,2356779416.0,11167.7,5906.0,2647926.0,28299720.0,168060.0,12531302.0,67423877.0,2174964.0,543856476.0,1044583118.0,54802.8,7089.0,1017958.0,60305476.0,21005720.0,866312180.0,1312196298.0,0.8660254037844387,-0.4999999999999998,31,0,0,0,0,0,0,0,0,0,1,0,0,0,0,1,0,1,1,0,0,0,0,1,0,0,0,0,1,0,1,1,0,0,0,0,0,0,0,0,0,0,0,0,0,0,0,0,0,0,0,0,0,0,0,0,0,0,0
2009-06-01,2436486.0,81216.0,512670295.0,210.41,45.15,99.22,3476.0,1148217.0,2436486.0,0.0,717723.0,156060.0,181455.0,197523.0,0.0,423334.0,0.0,0.0,124947.0,179161.0,456283.0,2436486.0,0.0,733397.0,156823.0,171674.0,197966.0,0.0,421430.0,0.0,0.0,124366.0,180140.0,450690.0,65544.6,13103.0,3619167.0,83989060.0,85770473.0,1272135620.0,2114012373.0,11124.5,6007.0,2633938.0,28158211.0,162332.0,13238085.0,66907155.0,2230239.0,540803427.0,1033451582.0,54420.1,7096.0,985229.0,55830849.0,18863318.0,731332193.0,1080560791.0,0.49999999999999994,-0.8660254037844387,30,0,0,0,0,0,0,0,0,0,1,0,0,0,0,1,0,1,1,0,0,0,0,1,0,0,0,0,1,0,1,1,0,0,0,0,0,0,0,0,0,0,0,0,0,0,0,0,0,0,0,0,0,0,0,0,0,0,0
2009-07-01,2957323.0,95398.0,631751940.0,213.62,50.57,99.92,3818.0,1263213.0,2957323.0,0.0,872001.0,189528.0,218003.0,234513.0,0.0,498746.0,0.0,0.0,153960.0,215278.0,575294.0,2957323.0,0.0,875622.0,185138.0,207180.0,231929.0,0.0,501061.0,0.0,0.0,155299.0,219164.0,581930.0,66620.9,13078.0,3672785.0,87450022.0,84722508.0,1361658235.0,2218091147.0,11175.3,6002.0,2681454.0,28633267.0,167322.0,13842676.0,65965481.0,2127919.0,536022267.0,1005981810.0,55445.6,7076.0,991331.0,58816755.0,18757027.0,825635968.0,1212109337.0,1.2246467991473532e-16,-1.0,31,0,0,0,0,0,0,0,0,0,1,0,0,0,0,1,0,1,1,0,0,0,0,1,0,0,0,0,1,0,1,1,0,0,0,0,0,0,0,0,0,0,0,0,0,0,0,0,0,0,0,0,0,0,0,0,0,0,0
2009-08-01,2716287.0,87622.0,584485046.0,215.18,51.6,97.41,3471.0,1145365.0,2716287.0,0.0,790551.0,174390.0,204045.0,211494.0,0.0,457705.0,0.0,0.0,141083.0,193186.0,543833.0,2716287.0,0.0,816999.0,173947.0,192921.0,212322.0,0.0,454608.0,0.0,0.0,138974.0,193765.0,532751.0,71032.0,13055.0,3534994.0,84744782.0,81081088.0,1322773755.0,2178953097.0,11242.0,5969.0,2580943.0,27585493.0,164091.0,12795113.0,62374248.0,2012073.0,501325594.0,956621218.0,59790.0,7086.0,954051.0,57159289.0,18706840.0,821448161.0,1222331879.0,-0.4999999999999997,-0.8660254037844388,31,0,0,0,0,0,0,0,0,0,1,0,0,0,0,1,0,1,1,0,0,0,0,1,0,0,0,0,1,0,1,1,0,0,0,0,0,0,0,0,0,0,0,0,0,0,0,0,0,0,0,0,0,0,0,0,0,0,0
2009-09-01,2440872.0,81362.0,510246925.0,209.04,42.33,99.81,3684.0,1218787.0,2440872.0,0.0,709012.0,155398.0,191511.0,201951.0,0.0,428101.0,0.0,0.0,123152.0,179087.0,452660.0,2440872.0,0.0,729833.0,155389.0,175298.0,200413.0,0.0,426412.0,0.0,0.0,123562.0,181353.0,448612.0,65765.9,13026.0,3631183.0,86166057.0,86885106.0,1319283310.0,2226006073.0,11259.9,5969.0,2629158.0,28098546.0,163118.0,13133576.0,67356318.0,2245211.0,545430286.0,1038703161.0,54506.0,7057.0,1002025.0,58067511.0,19528788.0,773853024.0,1187302912.0,-0.8660254037844385,-0.5000000000000004,30,0,0,0,0,0,0,0,0,0,1,0,0,0,0,1,0,1,1,0,0,0,0,1,0,0,0,0,1,0,1,1,0,0,0,0,0,0,0,0,0,0,0,0,0,0,0,0,0,0,0,0,0,0,0,0,0,0,0
2009-10-01,2839086.0,91583.0,594853665.0,209.52,47.18,99.14,3852.0,1274729.0,2839086.0,0.0,826448.0,182661.0,212423.0,231033.0,0.0,507973.0,0.0,0.0,149364.0,211015.0,518169.0,2839086.0,0.0,833884.0,181597.0,202884.0,225857.0,0.0,506010.0,0.0,0.0,151725.0,214465.0,522664.0,65471.6,13033.0,3751439.0,89152406.0,90219566.0,1361516246.0,2296863377.0,11215.5,5995.0,2720252.0,29094585.0,168669.0,12513954.0,69766428.0,2250530.0,564542258.0,1075580321.0,54256.1,7038.0,1031187.0,60057821.0,20453138.0,796973988.0,1221283056.0,-1.0,-1.8369701987210297e-16,31,0,0,0,0,0,0,0,0,0,1,0,0,0,0,1,0,1,1,0,0,0,0,1,0,0,0,0,1,0,1,1,0,0,0,0,0,0,0,0,0,0,0,0,0,0,0,0,0,0,0,0,0,0,0,0,0,0,0
2009-11-01,2814651.0,93822.0,590607416.0,209.83,48.84,99.11,3695.0,1222839.0,2814651.0,0.0,810689.0,178348.0,219068.0,227377.0,0.0,500936.0,0.0,0.0,145491.0,212080.0,520662.0,2814651.0,0.0,840143.0,178549.0,199889.0,225411.0,0.0,494758.0,0.0,0.0,144129.0,212538.0,519234.0,65579.7,13112.0,3612981.0,85368160.0,87492000.0,1298527838.0,2210176558.0,11215.0,6053.0,2620878.0,28024511.0,161919.0,11885801.0,67702030.0,2256734.0,546207932.0,1043214270.0,54364.7,7059.0,992103.0,57343649.0,19789970.0,752319906.0,1166962288.0,-0.8660254037844386,0.5000000000000001,30,0,0,0,0,0,0,0,0,0,1,0,0,0,0,1,0,1,1,0,0,0,0,1,0,0,0,0,1,0,1,1,0,0,0,0,0,0,0,0,0,0,0,0,0,0,0,0,0,0,0,0,0,0,0,0,0,0,0
2009-12-01,2978076.0,96067.0,619396924.0,207.99,48.72,99.38,3883.0,1285586.0,2978076.0,0.0,875023.0,185580.0,233989.0,246016.0,0.0,529602.0,0.0,0.0,151435.0,217837.0,538594.0,2978076.0,0.0,898116.0,183642.0,211155.0,237771.0,0.0,522797.0,0.0,0.0,152149.0,221387.0,551059.0,65651.2,13123.0,3755549.0,88305251.0,92923589.0,1382408060.0,2361996805.0,11231.5,6049.0,2731046.0,29082236.0,167961.0,11805915.0,71893804.0,2319155.0,580484534.0,1110739861.0,54419.7,7074.0,1024503.0,59223015.0,21029785.0,801923526.0,1251256944.0,-0.5000000000000004,0.8660254037844384,31,0,0,0,0,0,0,0,0,0,1,0,0,0,0,1,0,1,1,0,0,0,0,1,0,0,0,0,1,0,1,1,0,0,0,0,0,0,0,0,0,0,0,0,0,0,0,0,0,0,0,0,0,0,0,0,0,0,0
2010-01-01,2870737.0,92604.0,599486089.0,208.83,46.36,99.59,3948.0,1307480.0,2870737.0,0.0,837597.0,184671.0,219220.0,234071.0,0.0,507401.0,0.0,0.0,145056.0,211482.0,531239.0,2870737.0,0.0,846476.0,185164.0,214726.0,234622.0,0.0,505147.0,0.0,0.0,145377.0,212943.0,526282.0,66070.7,13601.0,3022976.0,89027187.0,90777759.0,1336343572.0,2278776777.0,12060.9,6498.0,2028499.0,30746789.0,164192.0,12393598.24,71374776.0,2302412.0,575320954.0,1096479294.0,54009.8,7103.0,994477.0,58280398.0,19402983.0,761022618.0,1182297483.0,0.0,1.0,31,0,0,0,0,0,0,0,0,0,1,0,0,0,0,1,0,1,1,0,0,0,0,1,0,0,0,0,1,0,1,1,0,0,0,0,0,0,0,0,0,0,0,0,0,0,0,0,0,0,0,0,0,0,0,0,0,0,0
2010-02-01,3047303.0,108832.0,657353585.0,215.72,51.92,100.0,3857.0,1280236.0,3047303.0,0.0,856473.0,210011.0,239541.0,222992.0,0.0,504405.0,0.0,0.0,186472.0,224069.0,603340.0,3047303.0,0.0,874562.0,212823.0,225767.0,219249.0,0.0,499482.0,0.0,0.0,186269.0,226027.0,603124.0,65993.21,13636.0,2561847.0,78912532.0,73946627.0,1190170673.0,1986768897.0,12148.21,6545.0,1687742.0,25742466.0,146493.0,10661262.69,57708156.0,2061006.0,466320005.0,872119493.0,53845.0,7091.0,874105.0,53170066.0,16238471.0,723850668.0,1114649404.0,0.49999999999999994,0.8660254037844387,28,0,0,0,0,0,0,0,0,0,1,0,0,0,0,1,0,1,1,0,0,0,0,1,0,0,0,0,1,0,1,1,0,0,0,0,0,0,0,0,0,0,0,0,0,0,0,0,0,0,0,0,0,0,0,0,0,0,0
2010-03-01,2938307.0,94784.0,602431747.0,205.03,49.5,96.61,3780.0,1230561.0,2938307.0,0.0,865193.0,182421.0,233284.0,247349.0,0.0,537172.0,0.0,0.0,148220.0,208957.0,515711.0,2938307.0,0.0,880035.0,184531.0,216426.0,244017.0,0.0,534332.0,0.0,0.0,147091.0,211763.0,520112.0,65860.87,13628.0,3090569.0,89633197.0,98529040.0,1403049143.0,2399367835.0,12015.57,6588.0,2064461.0,31403339.0,169320.0,13000621.53,77740151.0,2507747.0,624587056.0,1184295499.0,53845.3,7040.0,1026108.0,58229858.0,20788889.0,778462087.0,1215072336.0,0.8660254037844386,0.5000000000000001,31,0,0,0,0,0,0,0,0,0,1,0,0,0,0,1,0,1,1,0,0,0,0,1,0,0,0,0,1,0,1,1,0,0,0,0,0,0,0,0,0,0,0,0,0,0,0,0,0,0,0,0,0,0,0,0,0,0,0
2010-04-01,3090380.0,103013.0,634098443.0,205.18,50.4,99.77,3842.0,1272194.0,3090380.0,0.0,895469.0,208637.0,244459.0,252936.0,0.0,538985.0,0.0,0.0,169504.0,224926.0,555464.0,3090380.0,0.0,894041.0,220141.0,228974.0,248100.0,0.0,540946.0,0.0,0.0,171749.0,229325.0,557104.0,65860.95,13670.0,2986419.0,87771324.0,92876536.0,1359859906.0,2330141001.0,11989.25,6603.0,1989652.0,30081092.0,163014.0,12494647.67,72992264.0,2433075.0,584023124.0,1120739094.0,53871.7,7067.0,996767.0,57690232.0,19884272.0,775836782.0,1209401907.0,1.0,6.123233995736766e-17,30,0,0,0,0,0,0,0,0,0,1,0,0,0,0,1,0,1,1,0,0,0,0,1,0,0,0,0,1,0,1,1,0,0,0,0,0,0,0,0,0,0,0,0,0,0,0,0,0,0,0,0,0,0,0,0,0,0,0
2010-05-01,3212410.0,103626.0,641117323.0,199.58,49.72,99.85,3938.0,1303927.0,3212410.0,0.0,937250.0,236170.0,251171.0,264999.0,0.0,563287.0,0.0,0.0,166382.0,231190.0,561961.0,3212410.0,0.0,938826.0,264237.0,236409.0,261347.0,0.0,558780.0,0.0,0.0,164355.0,230984.0,557472.0,66862.45,13668.0,3064002.0,89792466.0,95859001.0,1400749021.0,2410506641.0,11952.35,6603.0,2036975.0,30917334.0,163719.0,13387994.44,75858769.0,2447057.0,607179417.0,1143012146.0,54910.1,7065.0,1027027.0,58875132.0,20000232.0,793569604.0,1267494495.0,0.8660254037844387,-0.4999999999999998,31,0,0,0,0,0,0,0,0,0,1,0,0,0,0,1,0,1,1,0,0,0,0,1,0,0,0,0,1,0,1,1,0,0,0,0,0,0,0,0,0,0,0,0,0,0,0,0,0,0,0,0,0,0,0,0,0,0,0
2010-06-01,2983161.0,99439.0,605285984.0,202.9,49.13,99.73,3764.0,1245750.0,2983161.0,0.0,858872.0,194810.0,247812.0,256351.0,0.0,534190.0,0.0,0.0,150838.0,214154.0,526134.0,2983161.0,0.0,872380.0,203551.0,231090.0,255090.0,0.0,528413.0,0.0,0.0,151061.0,215213.0,526363.0,67056.55,13643.0,3197014.0,90900091.0,90513129.0,1304687042.0,2274192608.0,11948.45,6581.0,2254786.0,34781414.0,162701.0,12967754.96,71205351.0,2373512.0,571267321.0,1094780322.0,55108.1,7062.0,942228.0,56118677.0,19307778.0,733419721.0,1179412286.0,0.49999999999999994,-0.8660254037844387,30,0,0,0,0,0,0,0,0,0,1,0,0,0,0,1,0,1,1,0,0,0,0,1,0,0,0,0,1,0,1,1,0,0,0,0,0,0,0,0,0,0,0,0,0,0,0,0,0,0,0,0,0,0,0,0,0,0,0
2010-07-01,3160655.0,101957.0,641533373.0,202.97,49.28,98.8,4000.0,1316349.0,3160655.0,0.0,909089.0,213768.0,266363.0,276900.0,0.0,554839.0,0.0,0.0,155801.0,224985.0,558910.0,3160655.0,0.0,906118.0,218786.0,256867.0,270614.0,0.0,552853.0,0.0,0.0,160004.0,229075.0,566338.0,67041.9,13647.0,2936957.0,88844892.0,90200952.0,1395239929.0,2398379947.0,11920.2,6581.0,1977259.0,30237434.0,167816.0,13929628.59,71196934.0,2296675.0,572065211.0,1095831382.0,55121.7,7066.0,959698.0,58607458.0,19004018.0,823174718.0,1302548565.0,1.2246467991473532e-16,-1.0,31,0,0,0,0,0,0,0,0,0,1,0,0,0,0,1,0,1,1,0,0,0,0,1,0,0,0,0,1,0,1,1,0,0,0,0,0,0,0,0,0,0,0,0,0,0,0,0,0,0,0,0,0,0,0,0,0,0,0
2010-08-01,3188488.0,102854.0,644414534.0,202.11,49.4,99.1,4018.0,1319026.0,3188488.0,0.0,909453.0,206939.0,266619.0,283844.0,0.0,562880.0,0.0,0.0,160571.0,223641.0,574541.0,3188488.0,0.0,931090.0,222522.0,254088.0,280671.0,0.0,555325.0,0.0,0.0,158747.0,225350.0,560695.0,67356.55,13690.0,2946396.0,89603718.0,90303259.0,1423574718.0,2411570844.0,12046.15,6599.0,1978250.0,30260798.0,168574.0,13703871.24,71266161.0,2298908.0,573589677.0,1095697008.0,55310.4,7091.0,968146.0,59342920.0,19037098.0,849985041.0,1315873836.0,-0.4999999999999997,-0.8660254037844388,31,0,0,0,0,0,0,0,0,0,1,0,0,0,0,1,0,1,1,0,0,0,0,1,0,0,0,0,1,0,1,1,0,0,0,0,0,0,0,0,0,0,0,0,0,0,0,0,0,0,0,0,0,0,0,0,0,0,0
2010-09-01,2865777.0,95526.0,570657082.0,199.13,46.71,99.23,3767.0,1235263.0,2865777.0,0.0,820902.0,187002.0,246607.0,260777.0,0.0,513383.0,0.0,0.0,139833.0,204023.0,493250.0,2865777.0,0.0,839423.0,198657.0,228804.0,258284.0,0.0,507774.0,0.0,0.0,140973.0,205335.0,486527.0,67101.8,13716.0,2870859.0,85989972.0,91886214.0,1341303391.0,2331431795.0,11792.3,6590.0,1928838.0,29528607.0,162485.0,13439307.53,72572768.0,2419092.0,583516936.0,1113180708.0,55309.5,7126.0,942021.0,56461365.0,19313446.0,757786455.0,1218251087.0,-0.8660254037844385,-0.5000000000000004,30,0,0,0,0,0,0,0,0,0,1,0,0,0,0,1,0,1,1,0,0,0,0,1,0,0,0,0,1,0,1,1,0,0,0,0,0,0,0,0,0,0,0,0,0,0,0,0,0,0,0,0,0,0,0,0,0,0,0
2010-10-01,3114371.0,100464.0,618194641.0,198.5,46.61,99.44,4081.0,1341139.0,3114371.0,0.0,896213.0,202571.0,262533.0,283126.0,0.0,565871.0,0.0,0.0,153271.0,222071.0,528715.0,3114371.0,0.0,906585.0,213819.0,248417.0,279151.0,0.0,557613.0,0.0,0.0,153346.0,223574.0,531866.0,66689.8,13817.0,2988811.0,90359306.0,98421952.0,1409935025.0,2451828072.0,11923.95,6629.0,2013820.0,31042698.0,172123.0,13327698.7,77740864.0,2507770.0,623760057.0,1195727020.0,54765.85,7188.0,974991.0,59316608.0,20681088.0,786174968.0,1256101052.0,-1.0,-1.8369701987210297e-16,31,0,0,0,0,0,0,0,0,0,1,0,0,0,0,1,0,1,1,0,0,0,0,1,0,0,0,0,1,0,1,1,0,0,0,0,0,0,0,0,0,0,0,0,0,0,0,0,0,0,0,0,0,0,0,0,0,0,0
2010-11-01,3114886.0,103830.0,616960244.0,198.07,48.54,98.54,3915.0,1285138.0,3114886.0,0.0,914325.0,199093.0,265352.0,281543.0,0.0,559209.0,0.0,0.0,151809.0,220955.0,522600.0,3114886.0,0.0,924486.0,213664.0,241263.0,279329.0,0.0,554005.0,0.0,0.0,153746.0,224863.0,523530.0,66953.95,13907.0,2929066.0,88849832.0,94998866.0,1332628410.0,2356947804.0,12099.25,6692.0,1975330.0,30558835.0,169956.0,12589545.76,75872196.0,2529073.0,600564207.0,1185660165.0,54854.7,7215.0,953736.0,58290997.0,19126670.0,732064203.0,1171287639.0,-0.8660254037844386,0.5000000000000001,30,0,0,0,0,0,0,0,0,0,1,0,0,0,0,1,0,1,1,0,0,0,0,1,0,0,0,0,1,0,1,1,0,0,0,0,0,0,0,0,0,0,0,0,0,0,0,0,0,0,0,0,0,0,0,0,0,0,0
2010-12-01,3353121.0,108165.0,659486545.0,196.68,50.17,99.85,4050.0,1329185.0,3353121.0,0.0,995133.0,210447.0,281356.0,309287.0,0.0,610326.0,0.0,0.0,158184.0,236972.0,551416.0,3353121.0,0.0,1019153.0,228362.0,251707.0,296936.0,0.0,592727.0,0.0,0.0,160195.0,238860.0,565181.0,66960.05,13900.0,3082503.0,94137676.0,101515209.0,1409506069.0,2479621965.0,12115.45,6761.0,2086505.0,32244024.0,178581.0,12998190.02,81538398.0,2630271.0,638893704.0,1230457787.0,54844.6,7139.0,995998.0,61893652.0,19976811.0,770612365.0,1249164178.0,-0.5000000000000004,0.8660254037844384,31,0,0,0,0,0,0,0,0,0,1,0,0,0,0,1,0,1,1,0,0,0,0,1,0,0,0,0,1,0,1,1,0,0,0,0,0,0,0,0,0,0,0,0,0,0,0,0,0,0,0,0,0,0,0,0,0,0,0
2011-01-01,3154725.0,101765.0,631384481.0,200.14,47.36,99.98,4102.0,1347905.0,3154725.0,0.0,963148.0,208463.0,263425.0,280194.0,0.0,545436.0,0.0,0.0,141535.0,220893.0,531631.0,3154725.0,0.0,905604.0,212428.0,241843.0,279405.0,0.0,562736.0,0.0,0.0,156357.0,236229.0,560123.0,62634.88,14239.0,3297416.0,94124005.0,95284044.0,1315317187.0,2314699194.0,12059.38,7136.0,2327266.0,32938540.0,207571.0,13093287.49,77076052.0,2486324.0,597786854.0,1165397234.0,50575.5,7103.0,970150.0,61185465.0,18207992.0,717530333.0,1149301960.0,0.0,1.0,31,0,0,0,0,0,0,0,0,0,1,0,0,0,0,1,0,1,1,0,0,0,0,1,0,0,0,0,1,0,1,1,0,0,0,0,0,0,0,0,0,0,0,0,0,0,0,0,0,0,0,0,0,0,0,0,0,0,0
2011-02-01,3439685.0,122846.0,709820492.0,206.36,54.76,99.75,3977.0,1310760.0,3439685.0,0.0,974717.0,239941.0,261142.0,271654.0,0.0,589384.0,0.0,0.0,207056.0,245201.0,650590.0,3439685.0,0.0,999095.0,261437.0,262039.0,268034.0,0.0,578514.0,0.0,0.0,197424.0,244631.0,628511.0,62889.13,14345.0,2848760.0,85238187.0,84127065.0,1230508652.0,2156410388.0,12367.33,7211.0,1994440.0,28168723.0,183216.0,11260584.53,67691511.0,2417554.0,508411637.0,984243479.0,50521.8,7134.0,854320.0,57069464.0,16435554.0,722097015.0,1172166909.0,0.49999999999999994,0.8660254037844387,28,0,0,0,0,0,0,0,0,0,1,0,0,0,0,1,0,1,1,0,0,0,0,1,0,0,0,0,1,0,1,1,0,0,0,0,0,0,0,0,0,0,0,0,0,0,0,0,0,0,0,0,0,0,0,0,0,0,0
2011-03-01,3258311.0,105107.0,639937020.0,196.4,48.9,99.88,4031.0,1323098.0,3258311.0,0.0,988899.0,208435.0,264357.0,291530.0,0.0,591824.0,0.0,0.0,154134.0,227893.0,531239.0,3258311.0,0.0,976978.0,232376.0,247988.0,289749.0,0.0,586879.0,0.0,0.0,156185.0,232645.0,535511.0,62714.16,14182.0,3328339.0,94819915.0,104053420.0,1387137735.0,2449661827.0,12375.76,7216.0,2375269.0,33773410.0,211816.0,13633070.38,85018094.0,2742519.0,647495326.0,1257338509.0,50338.4,6966.0,953070.0,61046505.0,19035326.0,739642409.0,1192323318.0,0.8660254037844386,0.5000000000000001,31,0,0,0,0,0,0,0,0,0,1,0,0,0,0,1,0,1,1,0,0,0,0,1,0,0,0,0,1,0,1,1,0,0,0,0,0,0,0,0,0,0,0,0,0,0,0,0,0,0,0,0,0,0,0,0,0,0,0
2011-04-01,3476554.0,115885.0,688708795.0,198.1,52.78,99.93,4012.0,1319284.0,3476554.0,0.0,1029505.0,231907.0,283152.0,308046.0,0.0,615215.0,0.0,0.0,187955.0,238846.0,581928.0,3476554.0,0.0,1009509.0,251591.0,269325.0,306599.0,0.0,616977.0,0.0,0.0,189621.0,246303.0,586629.0,62799.86,14285.0,3173427.0,92080989.0,100816520.0,1406088847.0,2448377399.0,12415.96,7262.0,2249068.0,31723183.0,206786.0,13451863.1,81693940.0,2723131.0,610397415.0,1188593954.0,50383.9,7023.0,924359.0,60357806.0,19122580.0,795691432.0,1259783445.0,1.0,6.123233995736766e-17,30,0,0,0,0,0,0,0,0,0,1,0,0,0,0,1,0,1,1,0,0,0,0,1,0,0,0,0,1,0,1,1,0,0,0,0,0,0,0,0,0,0,0,0,0,0,0,0,0,0,0,0,0,0,0,0,0,0,0
2011-05-01,3318438.0,107046.0,648854206.0,195.53,49.0,99.93,4076.0,1338904.0,3318438.0,0.0,953951.0,219139.0,276125.0,301149.0,0.0,607821.0,0.0,0.0,167422.0,234921.0,557910.0,3318438.0,0.0,961389.0,250265.0,268334.0,304351.0,0.0,592305.0,0.0,0.0,163285.0,235248.0,543261.0,62825.46,14279.0,3215331.0,92158590.0,99219653.0,1445843003.0,2476312398.0,12424.86,7246.0,2277769.0,32989758.0,212652.0,14392505.62,80009572.0,2580954.0,638601543.0,1220934126.0,50400.6,7033.0,937562.0,59168832.0,19210081.0,807241460.0,1255378272.0,0.8660254037844387,-0.4999999999999998,31,0,0,0,0,0,0,0,0,0,1,0,0,0,0,1,0,1,1,0,0,0,0,1,0,0,0,0,1,0,1,1,0,0,0,0,0,0,0,0,0,0,0,0,0,0,0,0,0,0,0,0,0,0,0,0,0,0,0
2011-06-01,3380395.0,112680.0,664488796.0,196.57,51.45,99.8,3975.0,1305853.0,3380395.0,0.0,988571.0,223453.0,285274.0,304768.0,0.0,606443.0,0.0,0.0,164558.0,237009.0,570319.0,3380395.0,0.0,968525.0,257215.0,274985.0,304646.0,0.0,598546.0,0.0,0.0,163938.0,240098.0,572442.0,62387.46,14260.0,3108237.0,87813208.0,92632215.0,1395315104.0,2352608228.0,12939.76,7274.0,2218341.0,32157903.0,206020.0,14817521.64,74730670.0,2491022.0,602775073.0,1155823775.0,49447.7,6986.0,889896.0,55655305.0,17901545.0,792540031.0,1196784453.0,0.49999999999999994,-0.8660254037844387,30,0,0,0,0,0,0,0,0,0,1,0,0,0,0,1,0,1,1,0,0,0,0,1,0,0,0,0,1,0,1,1,0,0,0,0,0,0,0,0,0,0,0,0,0,0,0,0,0,0,0,0,0,0,0,0,0,0,0
2011-07-01,3691078.0,119067.0,725502888.0,196.56,53.96,99.95,4135.0,1359460.0,3691078.0,0.0,1074902.0,245363.0,315289.0,334465.0,0.0,659702.0,0.0,0.0,179493.0,251407.0,630457.0,3691078.0,0.0,1051753.0,278391.0,305813.0,336123.0,0.0,652977.0,0.0,0.0,180549.0,256158.0,629314.0,61301.69,14219.0,3187999.0,91343292.0,92585944.0,1474951577.0,2453846724.0,12929.09,7274.0,2278641.0,33076627.0,208431.0,15229201.48,74966617.0,2418278.0,609132277.0,1167088046.0,48372.6,6945.0,909358.0,58266665.0,17619327.0,865819300.0,1286758678.0,1.2246467991473532e-16,-1.0,31,0,0,0,0,0,0,0,0,0,1,0,0,0,0,1,0,1,1,0,0,0,0,1,0,0,0,0,1,0,1,1,0,0,0,0,0,0,0,0,0,0,0,0,0,0,0,0,0,0,0,0,0,0,0,0,0,0,0
2011-08-01,3500945.0,112934.0,680753745.0,194.45,51.34,99.78,4083.0,1340740.0,3500945.0,0.0,1026287.0,229131.0,300906.0,318114.0,0.0,633802.0,0.0,0.0,164604.0,237490.0,590611.0,3500945.0,0.0,1008738.0,267813.0,287944.0,321422.0,0.0,624489.0,0.0,0.0,164500.0,241182.0,584857.0,61822.04,14185.0,3199105.0,90852135.0,94037232.0,1469612847.0,2462711137.0,12941.14,7258.0,2285182.0,33157487.0,209806.0,15248774.92,76265040.0,2460163.0,622638774.0,1191660684.0,48880.9,6927.0,913923.0,57694648.0,17772192.0,846974073.0,1271050453.0,-0.4999999999999997,-0.8660254037844388,31,0,0,0,0,0,0,0,0,0,1,0,0,0,0,1,0,1,1,0,0,0,0,1,0,0,0,0,1,0,1,1,0,0,0,0,0,0,0,0,0,0,0,0,0,0,0,0,0,0,0,0,0,0,0,0,0,0,0
2011-09-01,3474884.0,115829.0,672042695.0,193.4,51.61,99.93,4007.0,1316710.0,3474884.0,0.0,1016296.0,233316.0,296462.0,318525.0,0.0,633019.0,0.0,0.0,167509.0,237178.0,572579.0,3474884.0,0.0,990436.0,268622.0,281564.0,321135.0,0.0,626842.0,0.0,0.0,168362.0,242882.0,575041.0,61827.21,14215.0,3106668.0,88241732.0,97864918.0,1471256513.0,2489027135.0,13132.11,7293.0,2214310.0,32174679.0,203339.0,14588169.79,79182205.0,2639407.0,644180965.0,1228282622.0,48695.1,6922.0,892358.0,56067053.0,18682713.0,827075548.0,1260744513.0,-0.8660254037844385,-0.5000000000000004,30,0,0,0,0,0,0,0,0,0,1,0,0,0,0,1,0,1,1,0,0,0,0,1,0,0,0,0,1,0,1,1,0,0,0,0,0,0,0,0,0,0,0,0,0,0,0,0,0,0,0,0,0,0,0,0,0,0,0
2011-10-01,3702168.0,119425.0,715457555.0,193.25,52.98,99.83,4152.0,1365567.0,3702168.0,0.0,1078353.0,248633.0,318514.0,330524.0,0.0,680415.0,0.0,0.0,178495.0,253252.0,613982.0,3702168.0,0.0,1055576.0,288171.0,307479.0,335285.0,0.0,671163.0,0.0,0.0,176969.0,257645.0,609880.0,61957.51,14219.0,3208967.0,90704205.0,100643720.0,1508582977.0,2541924201.0,13285.01,7307.0,2287880.0,33161367.0,212660.0,14401769.86,81442001.0,2627161.0,664320655.0,1265576328.0,48672.5,6912.0,921087.0,57542838.0,19201719.0,844262322.0,1276347873.0,-1.0,-1.8369701987210297e-16,31,0,0,0,0,0,0,0,0,0,1,0,0,0,0,1,0,1,1,0,0,0,0,1,0,0,0,0,1,0,1,1,0,0,0,0,0,0,0,0,0,0,0,0,0,0,0,0,0,0,0,0,0,0,0,0,0,0,0
2011-11-01,3540421.0,118014.0,675667743.0,190.84,53.28,99.8,3906.0,1282264.0,3540421.0,0.0,1046961.0,234417.0,304298.0,324014.0,0.0,648927.0,0.0,0.0,166453.0,243031.0,572320.0,3540421.0,0.0,1016189.0,283575.0,284420.0,327030.0,0.0,643065.0,0.0,0.0,165211.0,247663.0,573268.0,62176.53,14285.0,3145948.0,87853801.0,99460368.0,1430581607.0,2419782338.0,13411.63,7347.0,2251894.0,32681581.0,207351.0,13919311.33,80996525.0,2699884.0,662429187.0,1255482136.0,48764.9,6938.0,894054.0,55172220.0,18463843.0,768152420.0,1164300202.0,-0.8660254037844386,0.5000000000000001,30,0,0,0,0,0,0,0,0,0,1,0,0,0,0,1,0,1,1,0,0,0,0,1,0,0,0,0,1,0,1,1,0,0,0,0,0,0,0,0,0,0,0,0,0,0,0,0,0,0,0,0,0,0,0,0,0,0,0
2011-12-01,3691699.0,119087.0,695251077.0,188.33,52.23,99.83,4097.0,1346029.0,3691699.0,0.0,1109001.0,243238.0,314716.0,344368.0,0.0,676078.0,0.0,0.0,169017.0,251092.0,584189.0,3691699.0,0.0,1068284.0,297262.0,288656.0,342683.0,0.0,668625.0,0.0,0.0,169565.0,256758.0,599866.0,62180.43,14407.0,3239422.0,91455023.0,103572282.0,1504691953.0,2639706106.0,14585.13,7609.0,2327680.0,34015652.0,219202.0,13890306.9,84622037.0,2729743.0,695691403.0,1399528110.0,47595.3,6798.0,911742.0,57439371.0,18950245.0,809000550.0,1240177996.0,-0.5000000000000004,0.8660254037844384,31,0,0,0,0,0,0,0,0,0,1,0,0,0,0,1,0,1,1,0,0,0,0,1,0,0,0,0,1,0,1,1,0,0,0,0,0,0,0,0,0,0,0,0,0,0,0,0,0,0,0,0,0,0,0,0,0,0,0
2012-01-01,3940570.0,127115.0,797431915.0,202.36,54.0,99.98,4524.0,1493235.0,3940570.0,0.0,1110899.0,279418.0,327330.0,322668.0,0.0,688281.0,0.0,0.0,228522.0,276547.0,706905.0,3940570.0,0.0,1089500.0,295136.0,323199.0,327680.0,0.0,687659.0,0.0,0.0,232230.0,280422.0,704744.0,62409.98,14404.0,3115483.0,89765634.0,88381988.0,1392555011.0,2427279053.0,15354.18,7783.0,2259217.0,32584586.0,216038.0,12959805.69,72178205.0,2328329.0,594358875.0,1190276773.0,47055.8,6621.0,856266.0,57181048.0,16203783.0,798196136.0,1237002280.0,0.0,1.0,31,0,0,0,0,0,0,0,0,0,1,0,0,0,0,1,0,1,1,0,0,0,0,1,0,0,0,0,1,0,1,1,0,0,0,0,0,0,0,0,0,0,0,0,0,0,0,0,0,0,0,0,0,0,0,0,0,0,0
2012-02-01,3401837.0,117305.0,665974276.0,195.77,52.43,98.13,3905.0,1284417.0,3401837.0,0.0,960550.0,220626.0,291595.0,317487.0,0.0,633968.0,0.0,0.0,160348.0,234801.0,582462.0,3401837.0,0.0,977745.0,226142.0,283266.0,319486.0,0.0,620423.0,0.0,0.0,156772.0,238025.0,579978.0,62091.75,14280.0,3045182.0,84420078.0,91950164.0,1393615490.0,2430012204.0,15415.95,7758.0,2235530.0,32159841.0,206972.0,13006516.04,75814569.0,2614295.0,623503781.0,1255228246.0,46675.8,6522.0,809652.0,52260237.0,16135595.0,770111709.0,1174783958.0,0.49999999999999994,0.8660254037844387,29,0,0,0,0,0,0,0,0,0,1,0,0,0,0,1,0,1,1,0,0,0,0,1,0,0,0,0,1,0,1,1,0,0,0,0,0,0,0,0,0,0,0,0,0,0,0,0,0,0,0,0,0,0,0,0,0,0,0
2012-03-01,3612732.0,116540.0,697872589.0,193.17,52.81,99.58,4068.0,1336190.0,3612732.0,0.0,1046203.0,237633.0,318019.0,343455.0,0.0,667768.0,0.0,0.0,177279.0,246312.0,576063.0,3612732.0,0.0,1036041.0,233891.0,295061.0,342213.0,0.0,673865.0,0.0,0.0,184666.0,253881.0,593114.0,62099.8,14243.0,3271972.0,89222458.0,103633218.0,1488476432.0,2654344595.0,15406.6,7795.0,2411827.0,34728869.0,222746.0,14523832.7,85944789.0,2772413.0,703610385.0,1447473762.0,46693.2,6448.0,860145.0,54493589.0,17688429.0,784866047.0,1206870833.0,0.8660254037844386,0.5000000000000001,31,0,0,0,0,0,0,0,0,0,1,0,0,0,0,1,0,1,1,0,0,0,0,1,0,0,0,0,1,0,1,1,0,0,0,0,0,0,0,0,0,0,0,0,0,0,0,0,0,0,0,0,0,0,0,0,0,0,0
2012-04-01,3569495.0,118983.0,691549549.0,193.74,53.92,99.75,3946.0,1296712.0,3569495.0,0.0,993456.0,230333.0,318471.0,334559.0,0.0,667598.0,0.0,0.0,188243.0,244697.0,592138.0,3569495.0,0.0,1022830.0,238649.0,305525.0,340855.0,0.0,648921.0,0.0,0.0,180994.0,247240.0,584481.0,62058.78,14252.0,3162523.0,87479316.0,98874450.0,1473027402.0,2602722716.0,15513.38,7810.0,2325345.0,33500096.0,219430.0,14236031.27,81636384.0,2721213.0,667712730.0,1366974490.0,46545.4,6442.0,837178.0,53979220.0,17238066.0,805314672.0,1235748226.0,1.0,6.123233995736766e-17,30,0,0,0,0,0,0,0,0,0,1,0,0,0,0,1,0,1,1,0,0,0,0,1,0,0,0,0,1,0,1,1,0,0,0,0,0,0,0,0,0,0,0,0,0,0,0,0,0,0,0,0,0,0,0,0,0,0,0
2012-05-01,3577726.0,115411.0,692332025.0,193.51,52.4,99.8,4071.0,1335990.0,3577726.0,0.0,1008277.0,231455.0,316196.0,342042.0,0.0,664920.0,0.0,0.0,174085.0,247298.0,593453.0,3577726.0,0.0,1024218.0,235562.0,304778.0,347693.0,0.0,657404.0,0.0,0.0,172112.0,251191.0,584768.0,62140.88,14331.0,3293680.0,89653918.0,104750202.0,1500937688.0,2666291442.0,15964.18,7902.0,2442121.0,35145053.0,230659.0,15516726.42,87205419.0,2813078.0,708821679.0,1452362007.0,46176.7,6429.0,851559.0,54508865.0,17544783.0,792116009.0,1213929435.0,0.8660254037844387,-0.4999999999999998,31,0,0,0,0,0,0,0,0,0,1,0,0,0,0,1,0,1,1,0,0,0,0,1,0,0,0,0,1,0,1,1,0,0,0,0,0,0,0,0,0,0,0,0,0,0,0,0,0,0,0,0,0,0,0,0,0,0,0
2012-06-01,3482425.0,116081.0,670337523.0,192.49,52.32,99.39,3943.0,1295355.0,3482425.0,0.0,996786.0,225334.0,315375.0,341271.0,0.0,636733.0,0.0,0.0,163322.0,236659.0,566945.0,3482425.0,0.0,993796.0,223731.0,303250.0,345558.0,0.0,635799.0,0.0,0.0,167396.0,242987.0,569908.0,61862.58,14472.0,3130838.0,85937392.0,95372983.0,1394238246.0,2474448738.0,16005.88,8055.0,2333834.0,33725804.0,225548.0,15132417.8,79426134.0,2647538.0,653447280.0,1339377910.0,45856.7,6417.0,797004.0,52211588.0,15946849.0,740790966.0,1135070828.0,0.49999999999999994,-0.8660254037844387,30,0,0,0,0,0,0,0,0,0,1,0,0,0,0,1,0,1,1,0,0,0,0,1,0,0,0,0,1,0,1,1,0,0,0,0,0,0,0,0,0,0,0,0,0,0,0,0,0,0,0,0,0,0,0,0,0,0,0
2012-07-01,3902874.0,125899.0,764327992.0,195.84,57.26,99.9,4105.0,1349640.0,3902874.0,0.0,1091466.0,252324.0,351383.0,362314.0,0.0,716227.0,0.0,0.0,190333.0,268121.0,670706.0,3902874.0,0.0,1107427.0,258608.0,341225.0,371773.0,0.0,705241.0,0.0,0.0,186678.0,270109.0,661813.0,61851.68,14648.0,3260363.0,90317244.0,96151207.0,1468743706.0,2591313061.0,16500.48,8315.0,2437214.0,35550497.0,235065.0,16213906.74,80461052.0,2595518.0,644097366.0,1365080363.0,45351.2,6333.0,823149.0,54766747.0,15690155.0,824646340.0,1226232698.0,1.2246467991473532e-16,-1.0,31,0,0,0,0,0,0,0,0,0,1,0,0,0,0,1,0,1,1,0,0,0,0,1,0,0,0,0,1,0,1,1,0,0,0,0,0,0,0,0,0,0,0,0,0,0,0,0,0,0,0,0,0,0,0,0,0,0,0
2012-08-01,3730155.0,120328.0,723214278.0,193.88,54.86,96.33,4055.0,1332856.0,3730155.0,0.0,1058689.0,243051.0,341070.0,356819.0,0.0,680274.0,0.0,0.0,176850.0,249260.0,624142.0,3730155.0,0.0,1057507.0,244478.0,327185.0,359963.0,0.0,680295.0,0.0,0.0,180509.0,253588.0,626630.0,61507.38,14639.0,3212706.0,87715976.0,95822189.0,1437496160.0,2551727946.0,16789.08,8288.0,2418703.0,35400899.0,234501.0,15960037.08,80624096.0,2600777.0,646717671.0,1368563446.0,44718.3,6351.0,794003.0,52315077.0,15198093.0,790778489.0,1183164500.0,-0.4999999999999997,-0.8660254037844388,31,0,0,0,0,0,0,0,0,0,1,0,0,0,0,1,0,1,1,0,0,0,0,1,0,0,0,0,1,0,1,1,0,0,0,0,0,0,0,0,0,0,0,0,0,0,0,0,0,0,0,0,0,0,0,0,0,0,0
2012-09-01,3696134.0,123204.0,711329034.0,192.45,55.1,100.0,3969.0,1305433.0,3696134.0,0.0,1046297.0,238448.0,335004.0,353040.0,0.0,688061.0,0.0,0.0,175567.0,251747.0,607970.0,3696134.0,0.0,1043177.0,238828.0,312808.0,360851.0,0.0,689504.0,0.0,0.0,176936.0,259208.0,614822.0,61717.83,14656.0,3187189.0,87319055.0,100994659.0,1503135612.0,2643208633.0,16877.63,8314.0,2390127.0,34968150.0,234878.0,15539462.51,84796702.0,2826557.0,710102180.0,1435193560.0,44840.2,6342.0,797062.0,52350905.0,16197957.0,793033432.0,1208015073.0,-0.8660254037844385,-0.5000000000000004,30,0,0,0,0,0,0,0,0,0,1,0,0,0,0,1,0,1,1,0,0,0,0,1,0,0,0,0,1,0,1,1,0,0,0,0,0,0,0,0,0,0,0,0,0,0,0,0,0,0,0,0,0,0,0,0,0,0,0
2012-10-01,3826495.0,123435.0,732481959.0,191.42,55.84,99.88,4037.0,1326390.0,3826495.0,0.0,1073743.0,245853.0,343886.0,365281.0,0.0,720954.0,0.0,0.0,182824.0,261188.0,632766.0,3826495.0,0.0,1104154.0,251620.0,340238.0,373333.0,0.0,700123.0,0.0,0.0,177044.0,260387.0,619596.0,61852.0,14667.0,3321607.0,89986789.0,106656082.0,1533509243.0,2718030249.0,17272.83,8379.0,2501594.0,36686992.0,249089.0,15610948.17,89842603.0,2898148.0,751719529.0,1519944117.0,44579.17,6288.0,820013.0,53299797.0,16813479.0,781789714.0,1198086132.0,-1.0,-1.8369701987210297e-16,31,0,0,0,0,0,0,0,0,0,1,0,0,0,0,1,0,1,1,0,0,0,0,1,0,0,0,0,1,0,1,1,0,0,0,0,0,0,0,0,0,0,0,0,0,0,0,0,0,0,0,0,0,0,0,0,0,0,0
2012-11-01,3762009.0,125400.0,721096385.0,191.68,56.58,99.95,3923.0,1288749.0,3762009.0,0.0,1071526.0,241468.0,344009.0,359685.0,0.0,704918.0,0.0,0.0,177379.0,259526.0,603498.0,3762009.0,0.0,1077098.0,241970.0,322754.0,365690.0,0.0,700285.0,0.0,0.0,178412.0,265605.0,610195.0,62049.85,14616.0,3226326.0,87045811.0,102488376.0,1470382384.0,2597586735.0,17380.38,8323.0,2431410.0,35682393.0,237869.0,14829795.64,86533087.0,2884436.0,727086883.0,1460900241.0,44669.47,6293.0,794916.0,51363418.0,15955289.0,743295501.0,1136686494.0,-0.8660254037844386,0.5000000000000001,30,0,0,0,0,0,0,0,0,0,1,0,0,0,0,1,0,1,1,0,0,0,0,1,0,0,0,0,1,0,1,1,0,0,0,0,0,0,0,0,0,0,0,0,0,0,0,0,0,0,0,0,0,0,0,0,0,0,0
2012-12-01,4023302.0,129784.0,773625732.0,192.29,57.51,100.0,4136.0,1360158.0,4023302.0,0.0,1155840.0,264495.0,363374.0,380820.0,0.0,743342.0,0.0,0.0,186860.0,274916.0,653655.0,4023302.0,0.0,1143658.0,256422.0,337315.0,384060.0,0.0,736155.0,0.0,0.0,192161.0,284397.0,689134.0,62231.75,14792.0,3322097.0,90264203.0,106233307.0,1529451822.0,2719533753.0,18491.88,8507.0,2512635.0,37082964.0,248593.0,15150795.01,89794446.0,2896595.0,756944664.0,1518005267.0,43739.87,6285.0,809462.0,53181239.0,16438861.0,772507158.0,1201528486.0,-0.5000000000000004,0.8660254037844384,31,0,0,0,0,0,0,0,0,0,1,0,0,0,0,1,0,1,1,0,0,0,0,1,0,0,0,0,1,0,1,1,0,0,0,0,0,0,0,0,0,0,0,0,0,0,0,0,0,0,0,0,0,0,0,0,0,0,0
2013-01-01,3647415.0,117659.0,699108016.0,191.67,52.81,99.75,4072.0,1338444.0,3647415.0,0.0,1033580.0,233355.0,322834.0,351747.0,0.0,672704.0,0.0,0.0,169596.0,253704.0,609895.0,3647415.0,0.0,1056132.0,240694.0,322690.0,366539.0,0.0,667716.0,0.0,0.0,163849.0,251678.0,578117.0,61963.3,14645.0,3348762.0,89421976.0,101199992.0,1463673266.0,2567390380.0,19389.53,8671.0,2580143.0,37987215.0,250978.0,15073877.99,86606958.0,2793773.0,735650553.0,1476365978.0,42573.77,5974.0,768619.0,51434761.0,14593034.0,728022713.0,1091024402.0,0.0,1.0,31,0,0,0,0,0,0,0,0,0,1,0,0,0,0,1,0,1,1,0,0,0,0,1,0,0,0,0,1,0,1,1,0,0,0,0,0,0,0,0,0,0,0,0,0,0,0,0,0,0,0,0,0,0,0,0,0,0,0
2013-02-01,3956747.0,141312.0,776516253.0,196.25,59.16,99.9,4032.0,1327267.0,3956747.0,0.0,1070195.0,278116.0,361331.0,382703.0,0.0,687412.0,0.0,0.0,228204.0,269483.0,679303.0,3956747.0,0.0,1075441.0,283638.0,359019.0,381690.0,0.0,674004.0,0.0,0.0,225930.0,273833.0,683192.0,62026.67,14614.0,2910476.0,78917381.0,85154770.0,1335171747.0,2329442000.0,19652.96,8709.0,2232328.0,31890107.0,217754.0,12781648.6,72123912.0,2575854.0,617448282.0,1232556572.0,42373.71,5905.0,678148.0,47027274.0,13030858.0,717723465.0,1096885428.0,0.49999999999999994,0.8660254037844387,28,0,0,0,0,0,0,0,0,0,1,0,0,0,0,1,0,1,1,0,0,0,0,1,0,0,0,0,1,0,1,1,0,0,0,0,0,0,0,0,0,0,0,0,0,0,0,0,0,0,0,0,0,0,0,0,0,0,0
2013-03-01,4245483.0,136951.0,789594215.0,185.98,59.12,99.25,4141.0,1350369.0,4245483.0,0.0,1181214.0,273673.0,404370.0,475961.0,0.0,779764.0,0.0,0.0,202530.0,277646.0,650325.0,4245483.0,0.0,1190556.0,279793.0,387540.0,470799.0,0.0,778574.0,0.0,0.0,202377.0,280377.0,655467.0,62275.32,14695.0,3322444.0,88975854.0,106935271.0,1538040640.0,2727825943.0,19718.71,8783.0,2567019.0,37889808.0,253868.0,15479357.15,91527392.0,2952497.0,769873869.0,1545784367.0,42556.61,5912.0,755425.0,51086046.0,15407879.0,768166771.0,1182041576.0,0.8660254037844386,0.5000000000000001,31,0,0,0,0,0,0,0,0,0,1,0,0,0,0,1,0,1,1,0,0,0,0,1,0,0,0,0,1,0,1,1,0,0,0,0,0,0,0,0,0,0,0,0,0,0,0,0,0,0,0,0,0,0,0,0,0,0,0
2013-04-01,3913418.0,130447.0,757045334.0,193.45,58.05,99.8,4012.0,1318684.0,3913418.0,0.0,1096156.0,257583.0,361274.0,359437.0,0.0,720950.0,0.0,0.0,206630.0,269613.0,641775.0,3913418.0,0.0,1095468.0,259420.0,348307.0,368029.0,0.0,716725.0,0.0,0.0,205072.0,276944.0,643453.0,62393.17,14703.0,3276190.0,86075579.0,101134316.0,1455674086.0,2587617131.0,19834.11,8807.0,2544692.0,36578607.0,247336.0,15087993.67,86526494.0,2884216.0,723619809.0,1469480352.0,42559.06,5896.0,731498.0,49496972.0,14607822.0,732054277.0,1118136779.0,1.0,6.123233995736766e-17,30,0,0,0,0,0,0,0,0,0,1,0,0,0,0,1,0,1,1,0,0,0,0,1,0,0,0,0,1,0,1,1,0,0,0,0,0,0,0,0,0,0,0,0,0,0,0,0,0,0,0,0,0,0,0,0,0,0,0
2013-05-01,3904892.0,125964.0,747230935.0,191.36,56.41,99.95,4077.0,1339423.0,3904892.0,0.0,1098337.0,252811.0,354083.0,371314.0,0.0,739608.0,0.0,0.0,189237.0,270579.0,628923.0,3904892.0,0.0,1099319.0,254083.0,345241.0,375129.0,0.0,735068.0,0.0,0.0,188970.0,274743.0,632339.0,62461.08,14717.0,3408077.0,89460399.0,107099434.0,1527822146.0,2708324007.0,19901.71,8809.0,2650866.0,38028660.0,257171.0,16655941.44,91993025.0,2967517.0,775442377.0,1565491659.0,42559.37,5908.0,757211.0,51431739.0,15106409.0,752379769.0,1142832348.0,0.8660254037844387,-0.4999999999999998,31,0,0,0,0,0,0,0,0,0,1,0,0,0,0,1,0,1,1,0,0,0,0,1,0,0,0,0,1,0,1,1,0,0,0,0,0,0,0,0,0,0,0,0,0,0,0,0,0,0,0,0,0,0,0,0,0,0,0
2013-06-01,3890726.0,129691.0,749371515.0,192.6,58.61,98.02,3931.0,1292700.0,3890726.0,0.0,1092694.0,253056.0,354650.0,363113.0,0.0,728205.0,0.0,0.0,186504.0,268442.0,644062.0,3890726.0,0.0,1100044.0,253459.0,353280.0,371875.0,0.0,717841.0,0.0,0.0,184810.0,268593.0,640824.0,62390.52,14765.0,3268345.0,86869541.0,99314669.0,1470757565.0,2580728179.0,19904.76,8817.0,2540062.0,36841711.0,246420.0,16719940.17,84939640.0,2831321.0,722210375.0,1445824612.0,42485.76,5948.0,728283.0,50027830.0,14375029.0,748547190.0,1134903567.0,0.49999999999999994,-0.8660254037844387,30,0,0,0,0,0,0,0,0,0,1,0,0,0,0,1,0,1,1,0,0,0,0,1,0,0,0,0,1,0,1,1,0,0,0,0,0,0,0,0,0,0,0,0,0,0,0,0,0,0,0,0,0,0,0,0,0,0,0
2013-07-01,4052344.0,130721.0,787177796.0,194.25,59.29,98.53,4085.0,1342356.0,4052344.0,0.0,1126547.0,264417.0,377295.0,378908.0,0.0,744623.0,0.0,0.0,194427.0,279391.0,686736.0,4052344.0,0.0,1136202.0,265425.0,370892.0,385713.0,0.0,736216.0,0.0,0.0,193991.0,283127.0,680778.0,61950.64,14792.0,3362678.0,88512565.0,97619565.0,1476282131.0,2564859906.0,19776.48,8861.0,2632962.0,38079477.0,251703.0,17211788.53,83836730.0,2704411.0,714731776.0,1431043742.0,42174.16,5931.0,729716.0,50433088.0,13782835.0,761550355.0,1133816164.0,1.2246467991473532e-16,-1.0,31,0,0,0,0,0,0,0,0,0,1,0,0,0,0,1,0,1,1,0,0,0,0,1,0,0,0,0,1,0,1,1,0,0,0,0,0,0,0,0,0,0,0,0,0,0,0,0,0,0,0,0,0,0,0,0,0,0,0
2013-08-01,4136920.0,133449.0,801175010.0,193.66,58.97,99.07,4177.0,1373710.0,4136920.0,0.0,1164060.0,266018.0,375145.0,385852.0,0.0,764720.0,0.0,0.0,193463.0,280715.0,706947.0,4136920.0,0.0,1167534.0,267205.0,366606.0,394405.0,0.0,761950.0,0.0,0.0,195061.0,283882.0,700277.0,62777.64,14841.0,3367638.0,89826333.0,96554771.0,1500722157.0,2616223954.0,20220.93,8900.0,2624723.0,38347176.0,252612.0,17126996.64,82659843.0,2666447.0,711567165.0,1430976846.0,42556.71,5941.0,742915.0,51479157.0,13894928.0,789154992.0,1185247108.0,-0.4999999999999997,-0.8660254037844388,31,0,0,0,0,0,0,0,0,0,1,0,0,0,0,1,0,1,1,0,0,0,0,1,0,0,0,0,1,0,1,1,0,0,0,0,0,0,0,0,0,0,0,0,0,0,0,0,0,0,0,0,0,0,0,0,0,0,0
2013-09-01,3975780.0,132526.0,771266846.0,193.99,57.86,100.0,4099.0,1347924.0,3975780.0,0.0,1100267.0,259981.0,366354.0,361838.0,0.0,744284.0,0.0,0.0,195431.0,272282.0,675343.0,3975780.0,0.0,1112147.0,261753.0,352133.0,373263.0,0.0,735973.0,0.0,0.0,193701.0,277122.0,669688.0,62980.59,14808.0,3311643.0,88318417.0,100824746.0,1496571641.0,2642219963.0,21981.88,8927.0,2586247.0,38116823.0,250955.0,16665914.89,86524349.0,2884145.0,739784463.0,1488535902.0,40998.71,5881.0,725396.0,50201594.0,14300397.0,756787178.0,1153684061.0,-0.8660254037844385,-0.5000000000000004,30,0,0,0,0,0,0,0,0,0,1,0,0,0,0,1,0,1,1,0,0,0,0,1,0,0,0,0,1,0,1,1,0,0,0,0,0,0,0,0,0,0,0,0,0,0,0,0,0,0,0,0,0,0,0,0,0,0,0
2013-10-01,3886353.0,125366.0,740802796.0,190.62,56.0,99.53,4080.0,1337569.0,3886353.0,0.0,1081148.0,246776.0,364006.0,367035.0,0.0,734550.0,0.0,0.0,180549.0,265431.0,646858.0,3886353.0,0.0,1094428.0,249260.0,351313.0,374787.0,0.0,725115.0,0.0,0.0,178502.0,269034.0,643914.0,63034.0,14861.0,3462463.0,91149223.0,108873315.0,1553492935.0,2765000887.0,22065.43,8948.0,2715873.0,40034730.0,263243.0,16721582.87,93825807.0,3026639.0,803394932.0,1611530096.0,40968.57,5913.0,746590.0,51114493.0,15047508.0,750098003.0,1153470791.0,-1.0,-1.8369701987210297e-16,31,0,0,0,0,0,0,0,0,0,1,0,0,0,0,1,0,1,1,0,0,0,0,1,0,0,0,0,1,0,1,1,0,0,0,0,0,0,0,0,0,0,0,0,0,0,0,0,0,0,0,0,0,0,0,0,0,0,0
2013-11-01,3861841.0,128728.0,733845657.0,190.02,56.65,99.15,3996.0,1309748.0,3861841.0,0.0,1097149.0,249841.0,365293.0,362926.0,0.0,732462.0,0.0,0.0,177891.0,270145.0,606134.0,3861841.0,0.0,1094721.0,246284.0,346484.0,369919.0,0.0,728607.0,0.0,0.0,181836.0,276983.0,617007.0,63107.75,14922.0,3345239.0,89073075.0,105977994.0,1535727026.0,2689766473.0,22071.23,8964.0,2615359.0,38645558.0,254674.0,15937501.83,91313173.0,3043772.0,786967283.0,1552185257.0,41036.52,5958.0,729880.0,50427517.0,14664821.0,748759743.0,1137581216.0,-0.8660254037844386,0.5000000000000001,30,0,0,0,0,0,0,0,0,0,1,0,0,0,0,1,0,1,1,0,0,0,0,1,0,0,0,0,1,0,1,1,0,0,0,0,0,0,0,0,0,0,0,0,0,0,0,0,0,0,0,0,0,0,0,0,0,0,0
2013-12-01,4014940.0,129514.0,764925903.0,190.52,57.02,99.57,4157.0,1356516.0,4014940.0,0.0,1140178.0,257900.0,369404.0,374777.0,0.0,768428.0,0.0,0.0,187512.0,279523.0,637218.0,4014940.0,0.0,1163016.0,257721.0,346462.0,381822.0,0.0,749285.0,0.0,0.0,183304.0,282211.0,651119.0,63304.33,15266.0,3482185.0,92563750.0,108952225.0,1573594462.0,2773760967.0,22253.59,9313.0,2725433.0,40108010.0,267208.0,16099909.65,93966054.0,3031163.0,803698484.0,1598262050.0,41050.74,5953.0,756752.0,52455740.0,14986171.0,769895978.0,1175498917.0,-0.5000000000000004,0.8660254037844384,31,0,0,0,0,0,0,0,0,0,1,0,0,0,0,1,0,1,1,0,0,0,0,1,0,0,0,0,1,0,1,1,0,0,0,0,0,0,0,0,0,0,0,0,0,0,0,0,0,0,0,0,0,0,0,0,0,0,0
2014-01-01,3799436.0,122562.0,737870685.0,194.21,53.51,99.86,4291.0,1394263.0,3799436.0,0.0,1151134.0,271808.0,355730.0,351470.0,0.0,670822.0,0.0,0.0,160210.0,249350.0,588912.0,3799436.0,0.0,1005858.0,229455.0,330500.0,353900.0,0.0,713565.0,0.0,0.0,217815.0,280514.0,667829.0,63048.13,15021.0,3383209.0,92353863.0,99915953.0,1490605236.0,2667908137.0,22341.69,9049.0,2636476.0,39458510.0,257763.0,15690749.74,85908734.0,2771249.0,747304460.0,1515243399.0,40706.44,5972.0,746733.0,52895353.0,14007219.0,743300776.0,1152664738.0,0.0,1.0,31,0,0,0,0,0,0,0,0,0,1,0,0,0,0,1,0,1,1,0,0,0,0,1,0,0,0,0,1,0,1,1,0,0,0,0,0,0,0,0,0,0,0,0,0,0,0,0,0,0,0,0,0,0,0,0,0,0,0
2014-02-01,3832719.0,136883.0,750356770.0,195.78,57.15,99.56,4081.0,1327660.0,3832719.0,0.0,1011670.0,240589.0,331638.0,330898.0,0.0,733359.0,0.0,0.0,231858.0,272787.0,679920.0,3832719.0,0.0,1131693.0,279433.0,346552.0,342106.0,0.0,684500.0,0.0,0.0,181146.0,255777.0,611512.0,63452.03,15047.0,2994882.0,81733257.0,90803383.0,1405235824.0,2453146666.0,22488.14,9050.0,2324559.0,34296081.0,226883.0,13824845.77,77619914.0,2772140.0,676773693.0,1344655468.0,40963.89,5997.0,670323.0,47437176.0,13183469.0,728462131.0,1108491198.0,0.49999999999999994,0.8660254037844387,28,0,0,0,0,0,0,0,0,0,1,0,0,0,0,1,0,1,1,0,0,0,0,1,0,0,0,0,1,0,1,1,0,0,0,0,0,0,0,0,0,0,0,0,0,0,0,0,0,0,0,0,0,0,0,0,0,0,0
2014-03-01,4001023.0,129065.0,763825468.0,190.91,56.06,99.67,4252.0,1377781.0,4001023.0,0.0,1139429.0,251902.0,360451.0,369692.0,0.0,765495.0,0.0,0.0,199884.0,281638.0,632532.0,4001023.0,0.0,1163177.0,260863.0,349494.0,384550.0,0.0,750238.0,0.0,0.0,192563.0,278887.0,621251.0,63526.68,15045.0,3411542.0,90963662.0,107085119.0,1575863050.0,2769706494.0,22632.99,9128.0,2662897.0,39438511.0,262338.0,16222585.72,92175776.0,2973412.0,796141541.0,1583842011.0,40893.69,5917.0,748645.0,51525151.0,14909343.0,779721509.0,1185864483.0,0.8660254037844386,0.5000000000000001,31,0,0,0,0,0,0,0,0,0,1,0,0,0,0,1,0,1,1,0,0,0,0,1,0,0,0,0,1,0,1,1,0,0,0,0,0,0,0,0,0,0,0,0,0,0,0,0,0,0,0,0,0,0,0,0,0,0,0
2014-04-01,3984512.0,132817.0,768408938.0,192.85,57.5,98.9,4167.0,1351236.0,3984512.0,0.0,1116071.0,268057.0,369870.0,362034.0,0.0,745574.0,0.0,0.0,209656.0,272969.0,640281.0,3984512.0,0.0,1114250.0,268380.0,357621.0,369016.0,0.0,740245.0,0.0,0.0,208561.0,280765.0,645674.0,63381.7,15024.0,3336279.0,88526722.0,103424614.0,1524866533.0,2645273842.0,22659.67,9178.0,2610625.0,38615890.0,254046.0,16150100.54,88818558.0,2960619.0,770237805.0,1509589186.0,40722.03,5846.0,725654.0,49910832.0,14606056.0,754628728.0,1135684656.0,1.0,6.123233995736766e-17,30,0,0,0,0,0,0,0,0,0,1,0,0,0,0,1,0,1,1,0,0,0,0,1,0,0,0,0,1,0,1,1,0,0,0,0,0,0,0,0,0,0,0,0,0,0,0,0,0,0,0,0,0,0,0,0,0,0,0
2014-05-01,4029882.0,129996.0,776601117.0,192.71,56.39,99.53,4297.0,1392530.0,4029882.0,0.0,1147981.0,268309.0,375364.0,370753.0,0.0,754004.0,0.0,0.0,191553.0,272780.0,649138.0,4029882.0,0.0,1110420.0,257829.0,361218.0,375913.0,0.0,760608.0,0.0,0.0,204282.0,285821.0,673791.0,63366.25,15204.0,3453564.0,92555133.0,108197841.0,1582439641.0,2766664329.0,22602.27,9337.0,2698398.0,40076788.0,263432.0,17367558.08,93323271.0,3010428.0,806492762.0,1579546165.0,40763.98,5867.0,755166.0,52478345.0,14874570.0,775946879.0,1187118164.0,0.8660254037844387,-0.4999999999999998,31,0,0,0,0,0,0,0,0,0,1,0,0,0,0,1,0,1,1,0,0,0,0,1,0,0,0,0,1,0,1,1,0,0,0,0,0,0,0,0,0,0,0,0,0,0,0,0,0,0,0,0,0,0,0,0,0,0,0
2014-06-01,3915932.0,130531.0,755887326.0,193.03,56.9,99.69,4148.0,1343194.0,3915932.0,0.0,1077859.0,247431.0,362589.0,354875.0,0.0,743994.0,0.0,0.0,193556.0,273485.0,662143.0,3915932.0,0.0,1126663.0,259463.0,361968.0,372379.0,0.0,716948.0,0.0,0.0,178589.0,267984.0,631938.0,63383.01,15131.0,3338634.0,88919662.0,100952603.0,1508406333.0,2588906195.0,22715.33,9240.0,2616375.0,38695596.0,251523.0,16985483.09,86715594.0,2890520.0,759242297.0,1472481912.0,40667.68,5891.0,722259.0,50224066.0,14237009.0,749164036.0,1116424283.0,0.49999999999999994,-0.8660254037844387,30,0,0,0,0,0,0,0,0,0,1,0,0,0,0,1,0,1,1,0,0,0,0,1,0,0,0,0,1,0,1,1,0,0,0,0,0,0,0,0,0,0,0,0,0,0,0,0,0,0,0,0,0,0,0,0,0,0,0
2014-07-01,4078266.0,131557.0,788478435.0,193.34,59.15,99.54,4174.0,1347748.0,4078266.0,0.0,1148055.0,266550.0,383657.0,375441.0,0.0,755222.0,0.0,0.0,193681.0,276513.0,679147.0,4078266.0,0.0,1147243.0,264282.0,377320.0,385536.0,0.0,750681.0,0.0,0.0,193333.0,282100.0,677771.0,63116.99,15120.0,3388489.0,91069480.0,98768557.0,1527416792.0,2635143370.0,22638.51,9275.0,2662642.0,39574690.0,255004.0,17873113.89,85153212.0,2746878.0,747503202.0,1451299078.0,40478.48,5845.0,725847.0,51494790.0,13615345.0,779913590.0,1183844292.0,1.2246467991473532e-16,-1.0,31,0,0,0,0,0,0,0,0,0,1,0,0,0,0,1,0,1,1,0,0,0,0,1,0,0,0,0,1,0,1,1,0,0,0,0,0,0,0,0,0,0,0,0,0,0,0,0,0,0,0,0,0,0,0,0,0,0,0
2014-08-01,4139391.0,133529.0,794774346.0,192.0,58.11,98.88,4279.0,1382834.0,4139391.0,0.0,1171890.0,266172.0,381210.0,385697.0,0.0,781776.0,0.0,0.0,195168.0,278398.0,679080.0,4139391.0,0.0,1184486.0,266136.0,375023.0,397373.0,0.0,773199.0,0.0,0.0,193549.0,280725.0,668900.0,63267.4,15073.0,3462435.0,93383882.0,101469690.0,1584312802.0,2763636151.0,22709.92,9262.0,2714800.0,40479671.0,259474.0,17973517.24,87216272.0,2813428.0,767815806.0,1494537036.0,40557.48,5811.0,747635.0,52904211.0,14253418.0,816496996.0,1269099115.0,-0.4999999999999997,-0.8660254037844388,31,0,0,0,0,0,0,0,0,0,1,0,0,0,0,1,0,1,1,0,0,0,0,1,0,0,0,0,1,0,1,1,0,0,0,0,0,0,0,0,0,0,0,0,0,0,0,0,0,0,0,0,0,0,0,0,0,0,0
2014-09-01,3949938.0,131665.0,756007547.0,191.4,57.15,99.98,4132.0,1337594.0,3949938.0,0.0,1117138.0,261163.0,370834.0,365862.0,0.0,741881.0,0.0,0.0,190672.0,271083.0,631305.0,3949938.0,0.0,1119165.0,259903.0,359965.0,377086.0,0.0,735967.0,0.0,0.0,189729.0,275626.0,632497.0,64138.61,15125.0,3359090.0,89531516.0,103225007.0,1516924577.0,2679155659.0,23224.67,9310.0,2632650.0,39189060.0,311173.0,17842498.57,89039337.0,2967978.0,782661709.0,1517063851.0,40913.94,5815.0,726440.0,50342456.0,14185670.0,734262868.0,1162091808.0,-0.8660254037844385,-0.5000000000000004,30,0,0,0,0,0,0,0,0,0,1,0,0,0,0,1,0,1,1,0,0,0,0,1,0,0,0,0,1,0,1,1,0,0,0,0,0,0,0,0,0,0,0,0,0,0,0,0,0,0,0,0,0,0,0,0,0,0,0
2014-10-01,4155844.0,134059.0,796790205.0,191.73,58.28,99.91,4269.0,1382500.0,4155844.0,0.0,1174644.0,266751.0,384894.0,382044.0,0.0,788785.0,0.0,0.0,196724.0,286881.0,675121.0,4155844.0,0.0,1174097.0,265478.0,377425.0,391368.0,0.0,784143.0,0.0,0.0,196905.0,290901.0,675527.0,64231.7,15238.0,3569264.0,93583613.0,110338861.0,1586705564.0,2804537013.0,23281.38,9444.0,2807939.0,40993083.0,333224.0,17542081.08,95386780.0,3076993.0,833778099.0,1621222717.0,40950.32,5794.0,761325.0,52590530.0,14952081.0,752927465.0,1183314296.0,-1.0,-1.8369701987210297e-16,31,0,0,0,0,0,0,0,0,0,1,0,0,0,0,1,0,1,1,0,0,0,0,1,0,0,0,0,1,0,1,1,0,0,0,0,0,0,0,0,0,0,0,0,0,0,0,0,0,0,0,0,0,0,0,0,0,0,0
2014-11-01,4018332.0,133944.0,763478829.0,190.0,57.82,99.95,4125.0,1335219.0,4018332.0,0.0,1132083.0,260776.0,368832.0,374164.0,0.0,776443.0,0.0,0.0,194587.0,279847.0,631600.0,4018332.0,0.0,1138345.0,258151.0,353567.0,385239.0,0.0,766414.0,0.0,0.0,195355.0,284201.0,637060.0,64295.0,15166.0,3365394.0,90039712.0,104718644.0,1521519361.0,2677571092.0,23392.18,9382.0,2629483.0,39312141.0,257028.0,16606982.73,90404083.0,3013469.0,797001739.0,1531824700.0,40902.82,5784.0,735911.0,50727571.0,14314561.0,724517622.0,1145746392.0,-0.8660254037844386,0.5000000000000001,30,0,0,0,0,0,0,0,0,0,1,0,0,0,0,1,0,1,1,0,0,0,0,1,0,0,0,0,1,0,1,1,0,0,0,0,0,0,0,0,0,0,0,0,0,0,0,0,0,0,0,0,0,0,0,0,0,0,0
2014-12-01,4119483.0,132887.0,782682626.0,190.0,57.57,99.88,4252.0,1374758.0,4119483.0,0.0,1178017.0,274943.0,380183.0,389697.0,0.0,783654.0,0.0,0.0,188972.0,286666.0,637351.0,4119483.0,0.0,1173828.0,266991.0,360827.0,392318.0,0.0,774536.0,0.0,0.0,189862.0,295119.0,666002.0,64409.55,15240.0,3527394.0,93197837.0,109896264.0,1560182879.0,2773653352.0,23472.18,9452.0,2762558.0,41252462.0,267733.0,16971131.43,95134179.0,3068844.0,841356811.0,1614837277.0,40937.37,5788.0,764836.0,51945375.0,14762085.0,718826068.0,1158816075.0,-0.5000000000000004,0.8660254037844384,31,0,0,0,0,0,0,0,0,0,1,0,0,0,0,1,0,1,1,0,0,0,0,1,0,0,0,0,1,0,1,1,0,0,0,0,0,0,0,0,0,0,0,0,0,0,0,0,0,0,0,0,0,0,0,0,0,0,0
2015-01-01,3955998.0,127613.0,759692707.0,192.04,55.56,99.74,4263.0,1382618.0,3955998.0,0.0,1117774.0,261331.0,347997.0,364629.0,0.0,744214.0,0.0,0.0,186677.0,280832.0,652544.0,3955998.0,0.0,1124180.0,263712.0,357212.0,379654.0,0.0,739867.0,0.0,0.0,184446.0,277370.0,629557.0,64567.83,15245.0,3467973.0,92675962.0,102254382.0,1479143471.0,2648793696.0,23626.66,9445.0,2713980.0,40729986.0,265471.0,16585249.6,88171568.0,2844244.0,764742965.0,1523456450.0,40941.17,5800.0,753993.0,51945976.0,14082814.0,714400506.0,1125337246.0,0.0,1.0,31,0,0,0,0,0,0,0,0,0,1,0,0,0,0,1,0,1,1,0,0,0,0,1,0,0,0,0,1,0,1,1,0,0,0,0,0,0,0,0,0,0,0,0,0,0,0,0,0,0,0,0,0,0,0,0,0,0,0
2015-02-01,4140433.0,147873.0,829581946.0,200.36,61.67,98.75,4162.0,1360076.0,4140433.0,0.0,1154031.0,287412.0,366855.0,341142.0,0.0,752484.0,0.0,0.0,238955.0,287372.0,712182.0,4140433.0,0.0,1152420.0,290959.0,350037.0,346651.0,0.0,747682.0,0.0,0.0,238578.0,294293.0,719813.0,64574.6,15324.0,2989458.0,82577072.0,84091389.0,1323832802.0,2366110563.0,23635.94,9535.0,2317562.0,34802574.0,233739.0,13869428.25,71821265.0,2565045.0,628630207.0,1270928422.0,40938.66,5789.0,671896.0,47774498.0,12270124.0,695202595.0,1095182141.0,0.49999999999999994,0.8660254037844387,28,0,0,0,0,0,0,0,0,0,1,0,0,0,0,1,0,1,1,0,0,0,0,1,0,0,0,0,1,0,1,1,0,0,0,0,0,0,0,0,0,0,0,0,0,0,0,0,0,0,0,0,0,0,0,0,0,0,0
2015-03-01,4193956.0,135289.0,793788364.0,189.27,58.36,99.98,4256.0,1375218.0,4193956.0,0.0,1188431.0,269746.0,381019.0,392242.0,0.0,820286.0,0.0,0.0,202867.0,295369.0,643996.0,4193956.0,0.0,1200306.0,272069.0,377614.0,404583.0,0.0,803793.0,0.0,0.0,198595.0,293897.0,643099.0,64560.39,15163.0,3366749.0,90982181.0,107971281.0,1516287455.0,2742944474.0,23675.18,9417.0,2623493.0,40308327.0,266662.0,16643012.94,93433736.0,3013991.0,804870409.0,1606017505.0,40885.21,5746.0,743256.0,50673854.0,14537545.0,711417046.0,1136926969.0,0.8660254037844386,0.5000000000000001,31,0,0,0,0,0,0,0,0,0,1,0,0,0,0,1,0,1,1,0,0,0,0,1,0,0,0,0,1,0,1,1,0,0,0,0,0,0,0,0,0,0,0,0,0,0,0,0,0,0,0,0,0,0,0,0,0,0,0
2015-04-01,4175062.0,139169.0,806777832.0,193.24,59.76,100.0,4202.0,1365112.0,4175062.0,0.0,1178900.0,276342.0,382801.0,377849.0,0.0,783355.0,0.0,0.0,218269.0,294891.0,662655.0,4175062.0,0.0,1175630.0,276299.0,370773.0,385104.0,0.0,778287.0,0.0,0.0,216748.0,302203.0,670018.0,64393.79,15169.0,3298079.0,88313267.0,101705953.0,1467808747.0,2638883422.0,23554.78,9422.0,2576764.0,38731275.0,259217.0,16928308.7,87617420.0,2920581.0,754083433.0,1518984906.0,40839.01,5747.0,721315.0,49581992.0,14088533.0,713725314.0,1119898516.0,1.0,6.123233995736766e-17,30,0,0,0,0,0,0,0,0,0,1,0,0,0,0,1,0,1,1,0,0,0,0,1,0,0,0,0,1,0,1,1,0,0,0,0,0,0,0,0,0,0,0,0,0,0,0,0,0,0,0,0,0,0,0,0,0,0,0
2015-05-01,4213646.0,135924.0,808498901.0,191.88,58.61,99.91,4306.0,1394874.0,4213646.0,0.0,1176721.0,277236.0,382266.0,384653.0,0.0,803786.0,0.0,0.0,211147.0,297211.0,680626.0,4213646.0,0.0,1183797.0,279611.0,379104.0,398529.0,0.0,793717.0,0.0,0.0,207494.0,297699.0,673695.0,64077.0,15174.0,3416292.0,91392216.0,105812549.0,1515148353.0,2749172518.0,23258.73,9453.0,2670647.0,40121710.0,270141.0,17388729.19,91319151.0,2945779.0,786991468.0,1585320768.0,40818.27,5721.0,745645.0,51270506.0,14493398.0,728156885.0,1163851750.0,0.8660254037844387,-0.4999999999999998,31,0,0,0,0,0,0,0,0,0,1,0,0,0,0,1,0,1,1,0,0,0,0,1,0,0,0,0,1,0,1,1,0,0,0,0,0,0,0,0,0,0,0,0,0,0,0,0,0,0,0,0,0,0,0,0,0,0,0
2015-06-01,4087705.0,136257.0,785888397.0,192.26,58.88,99.95,4165.0,1349508.0,4087705.0,0.0,1148456.0,270765.0,376807.0,377848.0,0.0,766919.0,0.0,0.0,198559.0,289126.0,659225.0,4087705.0,0.0,1148764.0,270720.0,374581.0,388814.0,0.0,760146.0,0.0,0.0,196912.0,290996.0,656772.0,63944.2,15207.0,3315343.0,88425626.0,100188408.0,1433095943.0,2616262504.0,23422.68,9469.0,2594061.0,39064050.0,258527.0,17654876.99,86333148.0,2877772.0,743202116.0,1507631508.0,40521.52,5738.0,721282.0,49361576.0,13855260.0,689893827.0,1108630996.0,0.49999999999999994,-0.8660254037844387,30,0,0,0,0,0,0,0,0,0,1,0,0,0,0,1,0,1,1,0,0,0,0,1,0,0,0,0,1,0,1,1,0,0,0,0,0,0,0,0,0,0,0,0,0,0,0,0,0,0,0,0,0,0,0,0,0,0,0
2015-07-01,4211651.0,135860.0,808711177.0,192.02,59.68,99.86,4242.0,1370109.0,4211651.0,0.0,1192323.0,276415.0,387070.0,392979.0,0.0,794008.0,0.0,0.0,196739.0,292736.0,679381.0,4211651.0,0.0,1182381.0,273484.0,387165.0,400760.0,0.0,789149.0,0.0,0.0,199616.0,297763.0,681333.0,63452.27,15232.0,3328119.0,90644785.0,97893061.0,1447185908.0,2618275801.0,23506.92,9478.0,2597630.0,40100007.0,263491.0,17928834.57,84361286.0,2721332.0,729063626.0,1476014272.0,39945.35,5754.0,730489.0,50544778.0,13531775.0,718122282.0,1142261529.0,1.2246467991473532e-16,-1.0,31,0,0,0,0,0,0,0,0,0,1,0,0,0,0,1,0,1,1,0,0,0,0,1,0,0,0,0,1,0,1,1,0,0,0,0,0,0,0,0,0,0,0,0,0,0,0,0,0,0,0,0,0,0,0,0,0,0,0
2015-08-01,4194775.0,135315.0,805697635.0,192.07,60.51,99.62,4170.0,1346399.0,4194775.0,0.0,1179902.0,273269.0,385645.0,382815.0,0.0,795357.0,0.0,0.0,198811.0,288047.0,690929.0,4194775.0,0.0,1194134.0,276616.0,380666.0,398242.0,0.0,787028.0,0.0,0.0,195322.0,287406.0,675361.0,64088.62,15151.0,3283966.0,89834765.0,95318164.0,1427329959.0,2587343561.0,23619.82,9411.0,2556861.0,39549696.0,259269.0,17400492.62,81946600.0,2643439.0,704953985.0,1441876516.0,40468.8,5740.0,727105.0,50285069.0,13371564.0,722375974.0,1145467045.0,-0.4999999999999997,-0.8660254037844388,31,0,0,0,0,0,0,0,0,0,1,0,0,0,0,1,0,1,1,0,0,0,0,1,0,0,0,0,1,0,1,1,0,0,0,0,0,0,0,0,0,0,0,0,0,0,0,0,0,0,0,0,0,0,0,0,0,0,0
2015-09-01,4047485.0,134916.0,772490380.0,190.86,59.85,98.61,4027.0,1304981.0,4047485.0,0.0,1135538.0,266514.0,376464.0,374690.0,0.0,771508.0,0.0,0.0,196205.0,264091.0,662475.0,4047485.0,0.0,1136690.0,265286.0,364104.0,386595.0,0.0,770960.0,0.0,0.0,194918.0,267493.0,661439.0,64163.35,15129.0,3202944.0,87568687.0,99807374.0,1431254418.0,2621270444.0,23687.55,9388.0,2490466.0,38566307.0,256684.0,17011329.56,85731143.0,2857705.0,734038002.0,1495949725.0,40475.8,5741.0,712478.0,49002380.0,14076231.0,697216416.0,1125320719.0,-0.8660254037844385,-0.5000000000000004,30,0,0,0,0,0,0,0,0,0,1,0,0,0,0,1,0,1,1,0,0,0,0,1,0,0,0,0,1,0,1,1,0,0,0,0,0,0,0,0,0,0,0,0,0,0,0,0,0,0,0,0,0,0,0,0,0,0,0
2015-10-01,4241370.0,136818.0,800995108.0,188.85,58.0,99.67,4304.0,1396329.0,4241370.0,0.0,1197320.0,279761.0,397005.0,397691.0,0.0,815306.0,0.0,0.0,198839.0,274888.0,680560.0,4241370.0,0.0,1196149.0,278353.0,394102.0,405580.0,0.0,811846.0,0.0,0.0,199002.0,278983.0,677355.0,64258.4,15198.0,3404195.0,92395129.0,107892616.0,1520170799.0,2778780298.0,23706.6,9468.0,2648403.0,40983552.0,268236.0,17997393.17,93117258.0,3003783.0,798500169.0,1626685687.0,40551.8,5730.0,755792.0,51411577.0,14775358.0,721670630.0,1152094611.0,-1.0,-1.8369701987210297e-16,31,0,0,0,0,0,0,0,0,0,1,0,0,0,0,1,0,1,1,0,0,0,0,1,0,0,0,0,1,0,1,1,0,0,0,0,0,0,0,0,0,0,0,0,0,0,0,0,0,0,0,0,0,0,0,0,0,0,0
2015-11-01,4170979.0,139033.0,786351423.0,188.53,59.95,99.95,4100.0,1326199.0,4170979.0,0.0,1173268.0,273620.0,387287.0,387873.0,0.0,814119.0,0.0,0.0,197420.0,283433.0,653959.0,4170979.0,0.0,1190360.0,275295.0,377826.0,403743.0,0.0,794664.0,0.0,0.0,192126.0,285336.0,651629.0,64261.02,15208.0,3380526.0,89768652.0,104462002.0,1479866299.0,2698783389.0,23723.27,9497.0,2649379.0,39965584.0,264243.0,16935702.38,89929445.0,2997648.0,773461524.0,1573317998.0,40537.75,5711.0,731147.0,49803068.0,14532557.0,706404775.0,1125465391.0,-0.8660254037844386,0.5000000000000001,30,0,0,0,0,0,0,0,0,0,1,0,0,0,0,1,0,1,1,0,0,0,0,1,0,0,0,0,1,0,1,1,0,0,0,0,0,0,0,0,0,0,0,0,0,0,0,0,0,0,0,0,0,0,0,0,0,0,0
2015-12-01,4928818.0,158994.0,896486817.0,181.89,64.95,99.86,4335.0,1395561.0,4928818.0,0.0,1359694.0,337328.0,453243.0,418478.0,94069.0,822321.0,88066.0,139300.0,193106.0,309123.0,714090.0,4928818.0,0.0,1358096.0,328895.0,432369.0,424458.0,93874.0,818885.0,90477.0,141362.0,196392.0,314139.0,729871.0,64578.93,15272.0,3538419.0,93399514.0,109781087.0,1524148203.0,2776967000.0,24018.68,9561.0,2778562.0,41962733.0,273615.0,17108191.36,94773213.0,3057200.0,814778350.0,1614118311.0,40560.25,5711.0,759857.0,51436781.0,15007874.0,709369853.0,1162848689.0,-0.5000000000000004,0.8660254037844384,31,0,0,0,0,0,0,0,0,0,1,0,0,0,0,0,0,0,0,0,0,0,0,1,0,0,0,0,0,0,0,0,0,0,0,0,0,0,0,0,0,0,0,0,0,0,0,0,0,0,0,0,0,0,0,0,0,0,0
2016-01-01,4604235.0,148524.0,860538035.0,186.9,61.56,99.66,4398.0,1413347.0,4604235.0,0.0,1293382.0,301752.0,431776.0,389842.0,52823.0,786163.0,47015.0,87244.0,196435.0,304733.0,713070.0,4604235.0,0.0,1283222.0,304502.0,434453.0,410785.0,54260.0,779817.0,49675.0,89219.0,194548.0,301428.0,702326.0,64905.17,15233.0,3418626.0,92594752.0,100377639.0,1417175929.0,2593218598.0,24339.25,9532.0,2667477.0,41407992.0,298457.0,16581264.5,86594421.0,2793368.0,737502108.0,1489481870.0,40565.92,5701.0,751149.0,51186760.0,13783218.0,679673821.0,1103736728.0,0.0,1.0,31,0,0,0,0,0,0,0,0,0,1,0,0,0,0,0,0,0,0,0,0,0,0,1,0,0,0,0,0,0,0,0,0,0,0,0,0,0,0,0,0,0,0,0,0,0,0,0,0,0,0,0,0,0,0,0,0,0,0
2016-02-01,4841423.0,166946.0,890813234.0,184.0,63.93,98.67,4439.0,1408973.0,4841423.0,0.0,1284188.0,356921.0,561404.0,390556.0,56235.0,781758.0,53910.0,97678.0,234131.0,288017.0,736625.0,4841423.0,0.0,1298546.0,369601.0,552195.0,399454.0,56653.0,780734.0,52520.0,95821.0,226840.0,289361.0,719698.0,65045.02,15242.0,3112077.0,85318724.0,88170032.0,1337013477.0,2405482746.0,24462.1,9534.0,2424719.0,37195475.0,242849.0,14273615.42,75159780.0,2591717.0,648136403.0,1309250436.0,40582.92,5708.0,687358.0,48123249.0,13010252.0,688877074.0,1096232310.0,0.49999999999999994,0.8660254037844387,29,0,0,0,0,0,0,0,0,0,1,0,0,0,0,0,0,0,0,0,0,0,0,1,0,0,0,0,0,0,0,0,0,0,0,0,0,0,0,0,0,0,0,0,0,0,0,0,0,0,0,0,0,0,0,0,0,0,0
2016-03-01,4611193.0,148748.0,828071392.0,179.58,60.43,99.65,4327.0,1385489.0,4611193.0,0.0,1287535.0,317538.0,503644.0,412425.0,46715.0,792324.0,37635.0,72073.0,193655.0,290146.0,657503.0,4611193.0,0.0,1283401.0,318263.0,492075.0,426728.0,47681.0,783746.0,40212.0,73387.0,195012.0,290272.0,660416.0,65132.3,15270.0,3374048.0,91151336.0,107283806.0,1458426181.0,2671426251.0,24517.02,9564.0,2624425.0,40924198.0,272044.0,16817143.26,92769209.0,2992555.0,787604967.0,1587911158.0,40615.28,5706.0,749623.0,50227138.0,14514597.0,670821214.0,1083515093.0,0.8660254037844386,0.5000000000000001,31,0,0,0,0,0,0,0,0,0,1,0,0,0,0,0,0,0,0,0,0,0,0,1,0,0,0,0,0,0,0,0,0,0,0,0,0,0,0,0,0,0,0,0,0,0,0,0,0,0,0,0,0,0,0,0,0,0,0
2016-04-01,4654341.0,155145.0,873389141.0,187.65,63.82,99.61,4314.0,1383731.0,4654341.0,0.0,1292814.0,314319.0,429241.0,394003.0,48286.0,813665.0,45227.0,87219.0,222250.0,303290.0,704027.0,4654341.0,0.0,1272263.0,310843.0,420585.0,406186.0,50326.0,812295.0,48017.0,89709.0,224344.0,309985.0,709788.0,65175.1,15312.0,3236496.0,89368023.0,101166953.0,1448455040.0,2633413508.0,24604.57,9601.0,2504564.0,39478492.0,262638.0,16782370.41,86789929.0,2892998.0,737132551.0,1519449532.0,40570.53,5711.0,731932.0,49889531.0,14377024.0,711322489.0,1113963976.0,1.0,6.123233995736766e-17,30,0,0,0,0,0,0,0,0,0,1,0,0,0,0,0,0,0,0,0,0,0,0,1,0,0,0,0,0,0,0,0,0,0,0,0,0,0,0,0,0,0,0,0,0,0,0,0,0,0,0,0,0,0,0,0,0,0,0
2016-05-01,4618120.0,148972.0,859760683.0,186.17,61.69,99.32,4389.0,1409217.0,4618120.0,0.0,1265952.0,300617.0,422598.0,399515.0,49801.0,827691.0,42786.0,82715.0,207401.0,308524.0,710520.0,4618120.0,0.0,1288292.0,307284.0,421550.0,418620.0,49193.0,812044.0,42816.0,80186.0,198703.0,303984.0,695448.0,65084.68,15320.0,3382183.0,92194645.0,106992778.0,1507841709.0,2762191236.0,24681.72,9609.0,2624559.0,41254545.0,274725.0,18237761.94,92005901.0,2967932.0,778275598.0,1620253023.0,40402.96,5711.0,757624.0,50940100.0,14986877.0,729566111.0,1141938213.0,0.8660254037844387,-0.4999999999999998,31,0,0,0,0,0,0,0,0,0,1,0,0,0,0,0,0,0,0,0,0,0,0,1,0,0,0,0,0,0,0,0,0,0,0,0,0,0,0,0,0,0,0,0,0,0,0,0,0,0,0,0,0,0,0,0,0,0,0
2016-06-01,4563193.0,152106.0,861841646.0,188.87,64.34,99.19,4213.0,1354488.0,4563193.0,0.0,1266635.0,296667.0,423743.0,391306.0,45321.0,795964.0,39871.0,79482.0,200378.0,305436.0,718390.0,4563193.0,0.0,1252594.0,297127.0,425610.0,405476.0,46943.0,788955.0,42239.0,80837.0,200451.0,305470.0,717491.0,65171.63,15372.0,3280776.0,89284682.0,99461578.0,1416663571.0,2586839473.0,24764.77,9638.0,2548431.0,40030270.0,262855.0,18170996.63,85534659.0,2851155.0,727540258.0,1512998643.0,40406.86,5734.0,732345.0,49254412.0,13926919.0,689123313.0,1073840830.0,0.49999999999999994,-0.8660254037844387,30,0,0,0,0,0,0,0,0,0,1,0,0,0,0,0,0,0,0,0,0,0,0,1,0,0,0,0,0,0,0,0,0,0,0,0,0,0,0,0,0,0,0,0,0,0,0,0,0,0,0,0,0,0,0,0,0,0,0
2016-07-01,4737535.0,152824.0,885711402.0,186.96,65.4,99.71,4107.0,1369390.0,4737535.0,119927.0,1214996.0,309437.0,440988.0,408832.0,47970.0,829059.0,41035.0,81690.0,207682.0,306525.0,729394.0,4737535.0,116082.0,1209255.0,309178.0,439919.0,421824.0,48927.0,824217.0,42889.0,82893.0,207668.0,307675.0,727008.0,64602.55,15369.0,3301427.0,90603436.0,95893394.0,1432303660.0,2602965613.0,24451.34,9645.0,2572318.0,40599504.0,265063.0,18521133.71,82237958.0,2652837.0,705702386.0,1480316612.0,40151.21,5724.0,729109.0,50003932.0,13655436.0,726601274.0,1122649001.0,1.2246467991473532e-16,-1.0,31,0,0,0,0,0,0,0,0,0,0,0,0,0,0,0,0,0,0,0,0,0,0,0,0,0,0,0,0,0,0,0,0,0,0,0,0,0,0,0,0,0,0,0,0,0,0,0,0,0,0,0,0,0,0,0,0,0,0
2016-08-01,4762706.0,153636.0,886706217.0,186.18,64.01,99.76,4196.0,1400570.0,4762706.0,131889.0,1211900.0,304121.0,441490.0,420532.0,48845.0,836368.0,41167.0,82710.0,201368.0,308294.0,734022.0,4762706.0,129078.0,1222014.0,306877.0,436582.0,434466.0,50109.0,828232.0,42309.0,82360.0,198875.0,307708.0,724096.0,65377.6,15402.0,3396244.0,92247285.0,101602830.0,1481521541.0,2710425865.0,24998.99,9662.0,2646123.0,41655759.0,278936.0,18830231.64,87352995.0,2817839.0,752801935.0,1561465412.0,40378.61,5740.0,750121.0,50591526.0,14249835.0,728719606.0,1148960453.0,-0.4999999999999997,-0.8660254037844388,31,0,0,0,0,0,0,0,0,0,0,0,0,0,0,0,0,0,0,0,0,0,0,0,0,0,0,0,0,0,0,0,0,0,0,0,0,0,0,0,0,0,0,0,0,0,0,0,0,0,0,0,0,0,0,0,0,0,0
2016-09-01,4420684.0,147356.0,823881108.0,186.37,62.76,97.9,3996.0,1327306.0,4420684.0,136123.0,1102873.0,288809.0,422707.0,381733.0,46707.0,771282.0,41325.0,80193.0,193232.0,290229.0,665471.0,4420684.0,123353.0,1102605.0,287816.0,414937.0,394957.0,47638.0,770220.0,42838.0,81011.0,192931.0,294593.0,667785.0,65055.51,15416.0,3129552.0,85495849.0,96056525.0,1365410728.0,2498687817.0,25184.65,9681.0,2435796.0,38279374.0,259213.0,16884448.56,82494309.0,2749810.0,705765408.0,1461346424.0,39870.86,5735.0,693756.0,47216475.0,13562216.0,659645320.0,1037341393.0,-0.8660254037844385,-0.5000000000000004,30,0,0,0,0,0,0,0,0,0,0,0,0,0,0,0,0,0,0,0,0,0,0,0,0,0,0,0,0,0,0,0,0,0,0,0,0,0,0,0,0,0,0,0,0,0,0,0,0,0,0,0,0,0,0,0,0,0,0
2016-10-01,4923512.0,158823.0,912408670.0,185.32,63.73,99.93,4344.0,1447676.0,4923512.0,144465.0,1226585.0,319318.0,460147.0,422272.0,54572.0,878642.0,44938.0,91595.0,216486.0,321252.0,743240.0,4923512.0,134204.0,1239238.0,322119.0,459369.0,438674.0,54960.0,863681.0,45538.0,91141.0,213227.0,321308.0,740053.0,65068.31,15363.0,3390215.0,92392126.0,106457762.0,1503190248.0,2757123642.0,25150.3,9678.0,2633707.0,41340073.0,274680.0,18298301.09,91677907.0,2957352.0,786044342.0,1620740801.0,39918.01,5685.0,756508.0,51052053.0,14779855.0,717145906.0,1136382841.0,-1.0,-1.8369701987210297e-16,31,0,0,0,0,0,0,0,0,0,0,0,0,0,0,0,0,0,0,0,0,0,0,0,0,0,0,0,0,0,0,0,0,0,0,0,0,0,0,0,0,0,0,0,0,0,0,0,0,0,0,0,0,0,0,0,0,0,0
2016-11-01,4684505.0,156150.0,862747472.0,184.17,64.23,99.93,4067.0,1358142.0,4684505.0,137415.0,1176944.0,301758.0,440623.0,413260.0,52477.0,839180.0,40961.0,82096.0,196318.0,310634.0,692839.0,4684505.0,129649.0,1187261.0,301011.0,433873.0,427272.0,52826.0,830159.0,41848.0,81771.0,195807.0,310903.0,692125.0,65239.51,15358.0,3316990.0,89093676.0,108555777.0,1455129545.0,2610739192.0,25260.6,9682.0,2587247.0,40641575.0,267769.0,17113061.92,94128823.0,3137627.0,786407124.0,1547289907.0,39978.91,5676.0,729743.0,48452101.0,14426954.0,668722421.0,1063449285.0,-0.8660254037844386,0.5000000000000001,30,0,0,0,0,0,0,0,0,0,0,0,0,0,0,0,0,0,0,0,0,0,0,0,0,0,0,0,0,0,0,0,0,0,0,0,0,0,0,0,0,0,0,0,0,0,0,0,0,0,0,0,0,0,0,0,0,0,0
2016-12-01,5164763.0,166605.0,942470832.0,182.48,66.28,99.79,4316.0,1437856.0,5164763.0,156229.0,1318484.0,361888.0,486706.0,455347.0,58272.0,909884.0,46141.0,90037.0,213367.0,336875.0,731533.0,5164763.0,141338.0,1310719.0,344459.0,473980.0,464315.0,60180.0,910569.0,49821.0,92213.0,220785.0,344860.0,751524.0,65321.2,15279.0,3421919.0,92910648.0,113322597.0,1555539149.0,2723077265.0,27285.14,9947.0,2734699.0,43024808.0,285313.0,17593170.32,100157809.0,3230897.0,835340377.0,1586166962.0,38036.06,5332.0,687220.0,49885840.0,13164788.0,720198772.0,1136910303.0,-0.5000000000000004,0.8660254037844384,31,0,0,0,0,0,0,0,0,0,0,0,0,0,0,0,0,0,0,0,0,0,0,0,0,0,0,0,0,0,0,0,0,0,0,0,0,0,0,0,0,0,0,0,0,0,0,0,0,0,0,0,0,0,0,0,0,0,0
2017-01-01,5175232.0,166943.0,973916582.0,188.19,64.69,99.8,4586.0,1522288.0,5175232.0,177147.0,1297560.0,364208.0,483511.0,420192.0,62110.0,868111.0,56335.0,106649.0,239972.0,330960.0,768477.0,5175232.0,145550.0,1231526.0,349125.0,479814.0,429126.0,64564.0,878365.0,61494.0,115198.0,261618.0,347126.0,811726.0,65514.66,15290.0,3233764.0,90131166.0,100410763.0,1431793877.0,2611397134.0,27465.5,9964.0,2568857.0,40909717.0,276834.0,16111056.8,88468215.0,2853813.0,754105181.0,1560866371.0,38049.16,5326.0,664907.0,49221449.0,11942548.0,677688696.0,1050530763.0,0.0,1.0,31,0,0,0,0,0,0,0,0,0,0,0,0,0,0,0,0,0,0,0,0,0,0,0,0,0,0,0,0,0,0,0,0,0,0,0,0,0,0,0,0,0,0,0,0,0,0,0,0,0,0,0,0,0,0,0,0,0,0
2017-02-01,4792273.0,171153.0,871727631.0,181.9,65.12,99.95,4091.0,1353578.0,4792273.0,141632.0,1094464.0,291300.0,445073.0,388698.0,59514.0,829275.0,76652.0,182452.0,232763.0,317741.0,732709.0,4792273.0,140657.0,1189289.0,321626.0,461641.0,410237.0,57867.0,791349.0,71226.0,166504.0,204622.0,301572.0,675683.0,65617.16,15343.0,2967982.0,81963531.0,93985451.0,1329371892.0,2452658888.0,27584.5,10006.0,2364210.0,37561098.0,268494.0,43636036.4,82714021.0,2954072.0,693976681.0,1459734320.0,38032.66,5337.0,603772.0,44402433.0,11271430.0,635395211.0,992924568.0,0.49999999999999994,0.8660254037844387,28,0,0,0,0,0,0,0,0,0,0,0,0,0,0,0,0,0,0,0,0,0,0,0,0,0,0,0,0,0,0,0,0,0,0,0,0,0,0,0,0,0,0,0,0,0,0,0,0,0,0,0,0,0,0,0,0,0,0
2017-03-01,4949836.0,159672.0,912742018.0,184.4,64.61,99.93,4282.0,1428403.0,4949836.0,167962.0,1225215.0,316522.0,476995.0,438740.0,56863.0,876576.0,46958.0,90728.0,211523.0,319367.0,722387.0,4949836.0,152384.0,1211425.0,312239.0,456367.0,448235.0,58084.0,879076.0,50459.0,94395.0,219325.0,326181.0,741666.0,65100.83,15505.0,3379588.0,91022862.0,111303512.0,1468795477.0,2802010138.0,27801.9,10119.0,2706395.0,42417114.0,307314.0,17441189.7,98924047.0,3191098.0,824828469.0,1727013054.0,37298.93,5386.0,673193.0,48605748.0,12379465.0,643967008.0,1074997084.0,0.8660254037844386,0.5000000000000001,31,0,0,0,0,0,0,0,0,0,0,0,0,0,0,0,0,0,0,0,0,0,0,0,0,0,0,0,0,0,0,0,0,0,0,0,0,0,0,0,0,0,0,0,0,0,0,0,0,0,0,0,0,0,0,0,0,0,0
2017-04-01,5095172.0,169839.0,930345507.0,182.59,65.42,99.54,4331.0,1437896.0,5095172.0,173857.0,1222329.0,331723.0,525758.0,431167.0,61311.0,886204.0,56097.0,104225.0,241654.0,329040.0,731807.0,5095172.0,160513.0,1252548.0,336365.0,518716.0,448802.0,61526.0,872158.0,55010.0,101944.0,233117.0,330460.0,724013.0,65069.78,15509.0,3190766.0,87858449.0,101355033.0,1431261421.0,2715437863.0,27912.7,10137.0,2544064.0,40132129.0,290043.0,16657723.2,89352769.0,2978426.0,771713712.0,1628238356.0,37157.08,5372.0,646702.0,47726320.0,12002264.0,659547709.0,1087199507.0,1.0,6.123233995736766e-17,30,0,0,0,0,0,0,0,0,0,0,0,0,0,0,0,0,0,0,0,0,0,0,0,0,0,0,0,0,0,0,0,0,0,0,0,0,0,0,0,0,0,0,0,0,0,0,0,0,0,0,0,0,0,0,0,0,0,0
2017-05-01,5142697.0,165893.0,951318586.0,184.98,64.64,99.4,4471.0,1488071.0,5142697.0,172660.0,1226969.0,334280.0,501311.0,442079.0,65602.0,899835.0,54609.0,103666.0,234771.0,341386.0,765529.0,5142697.0,155200.0,1259265.0,341275.0,496075.0,464864.0,64691.0,881581.0,54088.0,101282.0,229660.0,337249.0,757467.0,65214.73,15545.0,3346305.0,91656107.0,105896523.0,1490991410.0,2830904383.0,27997.4,10164.0,2676193.0,42250075.0,299735.0,18003172.0,93526242.0,3016976.0,808491427.0,1703611536.0,37217.33,5381.0,670112.0,49406032.0,12370281.0,682499983.0,1127292847.0,0.8660254037844387,-0.4999999999999998,31,0,0,0,0,0,0,0,0,0,0,0,0,0,0,0,0,0,0,0,0,0,0,0,0,0,0,0,0,0,0,0,0,0,0,0,0,0,0,0,0,0,0,0,0,0,0,0,0,0,0,0,0,0,0,0,0,0,0
2017-06-01,4566730.0,152224.0,833910248.0,182.61,60.82,99.74,4155.0,1386296.0,4566730.0,156859.0,1123214.0,288376.0,461100.0,415216.0,52479.0,803269.0,40349.0,81914.0,186406.0,299528.0,658020.0,4566730.0,146230.0,1123876.0,285027.0,454700.0,426835.0,53629.0,799229.0,42548.0,82823.0,188207.0,301175.0,662451.0,65305.56,15574.0,3248765.0,87141120.0,101113545.0,1350671623.0,2579892044.0,28190.1,10153.0,2609014.0,41266093.0,297113.0,17915711.4,89962044.0,2998735.0,771926601.0,1620661434.0,37115.46,5421.0,639751.0,45875027.0,11151501.0,578745022.0,959230610.0,0.49999999999999994,-0.8660254037844387,30,0,0,0,0,0,0,0,0,0,0,0,0,0,0,0,0,0,0,0,0,0,0,0,0,0,0,0,0,0,0,0,0,0,0,0,0,0,0,0,0,0,0,0,0,0,0,0,0,0,0,0,0,0,0,0,0,0,0
2017-07-01,4978951.0,160611.0,916398700.0,184.05,64.96,99.91,4276.0,1426510.0,4978951.0,165017.0,1206617.0,320162.0,495803.0,439951.0,59830.0,869260.0,47538.0,95082.0,216607.0,323915.0,739169.0,4978951.0,152998.0,1222700.0,320796.0,491807.0,462299.0,60165.0,857815.0,47934.0,95150.0,212496.0,322169.0,732622.0,64838.69,15621.0,3281280.0,88308969.0,96480866.0,1378635078.0,2588714639.0,28022.6,10199.0,2639451.0,41416702.0,290234.0,18492668.8,85233392.0,2749464.0,737752020.0,1534255363.0,36816.09,5422.0,641829.0,46892267.0,11247474.0,640883058.0,1054459276.0,1.2246467991473532e-16,-1.0,31,0,0,0,0,0,0,0,0,0,0,0,0,0,0,0,0,0,0,0,0,0,0,0,0,0,0,0,0,0,0,0,0,0,0,0,0,0,0,0,0,0,0,0,0,0,0,0,0,0,0,0,0,0,0,0,0,0,0
2017-08-01,5223860.0,168512.0,964586045.0,184.65,68.19,99.42,4283.0,1430335.0,5223860.0,178120.0,1270025.0,334447.0,515583.0,467283.0,62182.0,904898.0,49065.0,97285.0,220697.0,334838.0,789437.0,5223860.0,163543.0,1285504.0,336050.0,507454.0,481883.0,62923.0,896140.0,50105.0,97822.0,218521.0,336436.0,787479.0,65569.97,15680.0,3352492.0,90524658.0,100789098.0,1442158458.0,2693659186.0,28431.2,10261.0,2692565.0,42512116.0,291393.0,19297036.6,88928249.0,2868653.0,770888076.0,1589398996.0,37138.77,5419.0,659927.0,48012542.0,11860849.0,671270382.0,1104260190.0,-0.4999999999999997,-0.8660254037844388,31,0,0,0,0,0,0,0,0,0,0,0,0,0,0,0,0,0,0,0,0,0,0,0,0,0,0,0,0,0,0,0,0,0,0,0,0,0,0,0,0,0,0,0,0,0,0,0,0,0,0,0,0,0,0,0,0,0,0
2017-09-01,4653364.0,155112.0,840002142.0,180.52,60.61,99.64,4199.0,1401271.0,4653364.0,174787.0,1123055.0,293993.0,467596.0,433135.0,56253.0,818769.0,43162.0,85651.0,191157.0,302322.0,663484.0,4653364.0,164251.0,1133599.0,292178.0,458170.0,444292.0,56868.0,814043.0,44047.0,86831.0,191644.0,302336.0,665105.0,66113.07,15680.0,3301046.0,88204742.0,102988930.0,1380057677.0,2610589944.0,28954.3,10273.0,2660271.0,41968376.0,300297.0,19004722.3,91392663.0,3046422.0,778008748.0,1604087708.0,37158.77,5407.0,640775.0,46236366.0,11596267.0,602048929.0,1006502236.0,-0.8660254037844385,-0.5000000000000004,30,0,0,0,0,0,0,0,0,0,0,0,0,0,0,0,0,0,0,0,0,0,0,0,0,0,0,0,0,0,0,0,0,0,0,0,0,0,0,0,0,0,0,0,0,0,0,0,0,0,0,0,0,0,0,0,0,0,0
2017-10-01,5373773.0,173348.0,993044130.0,184.79,67.21,99.69,4489.0,1493868.0,5373773.0,197642.0,1267629.0,345253.0,532534.0,459083.0,68147.0,938576.0,57168.0,109796.0,240438.0,356334.0,801173.0,5373773.0,175026.0,1296262.0,347619.0,525040.0,480953.0,68940.0,923228.0,56590.0,109479.0,236558.0,356509.0,797569.0,66158.87,15633.0,3343953.0,90229107.0,104580054.0,1446384667.0,2678723690.0,29015.6,10230.0,2688904.0,42331657.0,305869.0,18224141.3,92568054.0,2986066.0,790558966.0,1625180228.0,37143.27,5403.0,655049.0,47897450.0,12012000.0,655825701.0,1053543462.0,-1.0,-1.8369701987210297e-16,31,0,0,0,0,0,0,0,0,0,0,0,0,0,0,0,0,0,0,0,0,0,0,0,0,0,0,0,0,0,0,0,0,0,0,0,0,0,0,0,0,0,0,0,0,0,0,0,0,0,0,0,0,0,0,0,0,0,0
2017-11-01,5006047.0,166868.0,912281152.0,182.24,66.34,99.71,4164.0,1390384.0,5006047.0,174601.0,1211018.0,316706.0,497990.0,453092.0,63107.0,880352.0,48681.0,93719.0,209228.0,337184.0,720369.0,5006047.0,161308.0,1236928.0,316477.0,482712.0,466716.0,63311.0,870475.0,49211.0,93589.0,207872.0,335950.0,721498.0,66121.09,15625.0,3278243.0,87236113.0,105981429.0,1406770536.0,2611680086.0,29031.9,10214.0,2648257.0,41853458.0,304039.0,17301250.4,94283034.0,3142768.0,804724576.0,1643452512.0,37089.19,5411.0,629986.0,45382655.0,11698395.0,602045960.0,968227574.0,-0.8660254037844386,0.5000000000000001,30,0,0,0,0,0,0,0,0,0,0,0,0,0,0,0,0,0,0,0,0,0,0,0,0,0,0,0,0,0,0,0,0,0,0,0,0,0,0,0,0,0,0,0,0,0,0,0,0,0,0,0,0,0,0,0,0,0,0
2017-12-01,5613122.0,181068.0,1003085879.0,178.7,68.96,99.95,4424.0,1470800.0,5613122.0,204566.0,1360589.0,402945.0,592641.0,500131.0,71163.0,966938.0,53987.0,105764.0,229577.0,359039.0,765782.0,5613122.0,180577.0,1369436.0,383086.0,575202.0,509283.0,73413.0,966045.0,57372.0,107244.0,236777.0,368132.0,786555.0,65991.29,15644.0,3353728.0,90959146.0,110180832.0,1496571768.0,2748917953.0,29030.0,10284.0,2698319.0,42714117.0,326256.0,17977674.4,97808591.0,3155116.0,835276074.0,1674980436.0,36961.29,5360.0,655409.0,48245029.0,12372241.0,661295694.0,1073937517.0,-0.5000000000000004,0.8660254037844384,31,0,0,0,0,0,0,0,0,0,0,0,0,0,0,0,0,0,0,0,0,0,0,0,0,0,0,0,0,0,0,0,0,0,0,0,0,0,0,0,0,0,0,0,0,0,0,0,0,0,0,0,0,0,0,0,0,0,0
2018-01-01,4958457.0,159950.0,893377718.0,180.17,62.32,99.93,4351.0,1449513.0,4958457.0,183490.0,1196613.0,319080.0,504785.0,448746.0,62689.0,861471.0,49007.0,92694.0,205787.0,323595.0,710500.0,4958457.0,173755.0,1217563.0,324262.0,513291.0,473130.0,62384.0,847274.0,47794.0,91457.0,198617.0,317500.0,691430.0,65733.89,15840.0,3358140.0,90665755.0,104717407.0,1403008198.0,2654400112.0,28837.8,10474.0,2707628.0,43067426.0,308395.0,17686203.5,93240059.0,3007744.0,801855838.0,1681874731.0,36896.09,5366.0,650512.0,47598329.0,11477348.0,601152360.0,972525381.0,0.0,1.0,31,0,0,0,0,0,0,0,0,0,0,0,0,0,0,0,0,0,0,0,0,0,0,0,0,0,0,0,0,0,0,0,0,0,0,0,0,0,0,0,0,0,0,0,0,0,0,0,0,0,0,0,0,0,0,0,0,0,0
2018-02-01,5154270.0,184081.0,971960701.0,188.57,69.17,99.88,4297.0,1420754.0,5154270.0,202256.0,1179059.0,346808.0,508584.0,413246.0,68916.0,852740.0,65184.0,116821.0,278192.0,335724.0,786740.0,5154270.0,169006.0,1215182.0,354571.0,494502.0,425240.0,69002.0,842282.0,65027.0,116368.0,275793.0,339905.0,787392.0,66182.75,15707.0,2855660.0,79524999.0,88336885.0,1257331279.0,2298797396.0,29219.4,10394.0,2286467.0,36369749.0,255961.0,14812136.0,78570068.0,2806074.0,683567562.0,1374201289.0,36963.35,5313.0,569193.0,43155250.0,9766817.0,573763717.0,924596107.0,0.49999999999999994,0.8660254037844387,28,0,0,0,0,0,0,0,0,0,0,0,0,0,0,0,0,0,0,0,0,0,0,0,0,0,0,0,0,0,0,0,0,0,0,0,0,0,0,0,0,0,0,0,0,0,0,0,0,0,0,0,0,0,0,0,0,0,0
2018-03-01,5308893.0,171255.0,949573004.0,178.86,66.24,99.08,4355.0,1449523.0,5308893.0,195339.0,1280405.0,337753.0,532752.0,478463.0,69392.0,931982.0,53765.0,101779.0,264009.0,341159.0,722095.0,5308893.0,178750.0,1287580.0,335350.0,527057.0,489303.0,70148.0,925148.0,55533.0,102371.0,261894.0,343013.0,732746.0,66244.8,15610.0,3337141.0,89551152.0,110361962.0,1464685488.0,2815749494.0,29286.0,10291.0,2691028.0,42719404.0,310038.0,17845004.1,98148756.0,3166089.0,842504543.0,1767448983.0,36958.8,5319.0,646113.0,46831748.0,12213206.0,622180945.0,1048300511.0,0.8660254037844386,0.5000000000000001,31,0,0,0,0,0,0,0,0,0,0,0,0,0,0,0,0,0,0,0,0,0,0,0,0,0,0,0,0,0,0,0,0,0,0,0,0,0,0,0,0,0,0,0,0,0,0,0,0,0,0,0,0,0,0,0,0,0,0
2018-04-01,5475892.0,182530.0,1005448628.0,183.61,69.36,99.91,4414.0,1465755.0,5475892.0,215695.0,1272054.0,358396.0,550300.0,464976.0,72313.0,956172.0,62710.0,118079.0,254506.0,357107.0,793584.0,5475892.0,187330.0,1303585.0,363053.0,543891.0,485094.0,73001.0,940867.0,62355.0,116345.0,250509.0,360128.0,789734.0,66301.34,15610.0,3178918.0,86153029.0,101158918.0,1419832240.0,2648726590.0,29461.9,10301.0,2558684.0,40537924.0,301383.0,16415869.4,89488950.0,2982965.0,784362005.0,1615194115.0,36839.44,5309.0,620234.0,45615105.0,11669968.0,635470235.0,1033532475.0,1.0,6.123233995736766e-17,30,0,0,0,0,0,0,0,0,0,0,0,0,0,0,0,0,0,0,0,0,0,0,0,0,0,0,0,0,0,0,0,0,0,0,0,0,0,0,0,0,0,0,0,0,0,0,0,0,0,0,0,0,0,0,0,0,0,0
2018-05-01,5212836.0,168156.0,936038564.0,179.56,65.38,99.7,4339.0,1447517.0,5212836.0,194210.0,1236965.0,334499.0,528376.0,476373.0,69796.0,916654.0,53615.0,106695.0,227824.0,338773.0,729056.0,5212836.0,175440.0,1260817.0,335369.0,524252.0,495285.0,70339.0,904421.0,53812.0,106214.0,225170.0,337795.0,723922.0,66653.64,15659.0,3360903.0,89386207.0,109712315.0,1476998543.0,2801035524.0,29423.2,10339.0,2721529.0,43127341.0,305682.0,18712479.4,97854583.0,3156599.0,856919825.0,1767046035.0,37230.44,5320.0,639374.0,46258866.0,11857732.0,620078718.0,1033989489.0,0.8660254037844387,-0.4999999999999998,31,0,0,0,0,0,0,0,0,0,0,0,0,0,0,0,0,0,0,0,0,0,0,0,0,0,0,0,0,0,0,0,0,0,0,0,0,0,0,0,0,0,0,0,0,0,0,0,0,0,0,0,0,0,0,0,0,0,0
2018-06-01,5185704.0,172857.0,937853184.0,180.85,66.42,99.6,4286.0,1427610.0,5185704.0,202458.0,1229273.0,335005.0,524568.0,473903.0,67616.0,904011.0,53535.0,103614.0,220889.0,336673.0,734159.0,5185704.0,177290.0,1234155.0,332443.0,523518.0,488124.0,69534.0,898340.0,55709.0,104975.0,222943.0,338620.0,740053.0,66571.34,15618.0,3218312.0,86958302.0,102038735.0,1398592288.0,2636918549.0,29436.9,10306.0,2600688.0,41296233.0,292599.0,17950536.2,90989006.0,3032967.0,796323632.0,1652459562.0,37134.44,5312.0,617624.0,45662069.0,11049729.0,602268656.0,984458987.0,0.49999999999999994,-0.8660254037844387,30,0,0,0,0,0,0,0,0,0,0,0,0,0,0,0,0,0,0,0,0,0,0,0,0,0,0,0,0,0,0,0,0,0,0,0,0,0,0,0,0,0,0,0,0,0,0,0,0,0,0,0,0,0,0,0,0,0,0
2018-07-01,5289840.0,170640.0,955012853.0,180.54,66.28,99.45,4378.0,1457012.0,5289840.0,200942.0,1257107.0,339850.0,537116.0,483450.0,68854.0,921414.0,53752.0,104012.0,225299.0,338964.0,759080.0,5289840.0,185525.0,1276207.0,339866.0,537570.0,506874.0,68985.0,905253.0,53765.0,103303.0,222809.0,336827.0,752856.0,65937.82,15814.0,3293237.0,88223734.0,99205676.0,1405726394.0,2689186920.0,29102.6,10505.0,2667599.0,42491562.0,294584.0,18320730.1,88195230.0,2845007.0,786082724.0,1669203886.0,36835.22,5309.0,625638.0,45732172.0,11010446.0,619643670.0,1019983034.0,1.2246467991473532e-16,-1.0,31,0,0,0,0,0,0,0,0,0,0,0,0,0,0,0,0,0,0,0,0,0,0,0,0,0,0,0,0,0,0,0,0,0,0,0,0,0,0,0,0,0,0,0,0,0,0,0,0,0,0,0,0,0,0,0,0,0,0
2018-08-01,5419952.0,174837.0,974048785.0,179.72,67.58,97.42,4379.0,1457329.0,5419952.0,221470.0,1286767.0,343837.0,547833.0,505080.0,69543.0,939751.0,54948.0,107455.0,227930.0,345483.0,769855.0,5419952.0,203018.0,1299588.0,344063.0,543528.0,519584.0,71160.0,933984.0,57160.0,108597.0,228444.0,346460.0,764366.0,66683.7,15344.0,3277993.0,89106867.0,101177635.0,1434501059.0,2741978639.0,29507.4,10041.0,2646633.0,42702351.0,286270.0,18317304.3,90023469.0,2903983.0,803842353.0,1702023694.0,37176.3,5303.0,631360.0,46404516.0,11154166.0,630658706.0,1039954945.0,-0.4999999999999997,-0.8660254037844388,31,0,0,0,0,0,0,0,0,0,0,0,0,0,0,0,0,0,0,0,0,0,0,0,0,0,0,0,0,0,0,0,0,0,0,0,0,0,0,0,0,0,0,0,0,0,0,0,0,0,0,0,0,0,0,0,0,0,0
2018-09-01,5251154.0,175038.0,946984743.0,180.34,65.9,99.93,4372.0,1452913.0,5251154.0,215112.0,1223312.0,337817.0,533761.0,477698.0,70972.0,912913.0,56957.0,107627.0,227408.0,339818.0,747759.0,5251154.0,189707.0,1245658.0,336748.0,523970.0,499372.0,71502.0,905381.0,56322.0,107409.0,224092.0,342458.0,748535.0,67032.54,15617.0,3198729.0,86551637.0,102085607.0,1430554062.0,2698200241.0,29868.3,10318.0,2584218.0,41209543.0,293645.0,17631042.3,90903927.0,3030131.0,817958091.0,1699697581.0,37164.24,5299.0,614511.0,45342094.0,11181680.0,612595971.0,998502660.0,-0.8660254037844385,-0.5000000000000004,30,0,0,0,0,0,0,0,0,0,0,0,0,0,0,0,0,0,0,0,0,0,0,0,0,0,0,0,0,0,0,0,0,0,0,0,0,0,0,0,0,0,0,0,0,0,0,0,0,0,0,0,0,0,0,0,0,0,0
2018-10-01,5311974.0,171354.0,948121485.0,178.49,65.73,99.95,4378.0,1458565.0,5311974.0,201584.0,1254680.0,338626.0,542107.0,492271.0,69697.0,933088.0,54260.0,106580.0,222264.0,341363.0,755454.0,5311974.0,185994.0,1279380.0,337120.0,539371.0,508881.0,70425.0,918632.0,54068.0,106502.0,219299.0,341909.0,750393.0,66934.25,15620.0,3354676.0,88877490.0,111025046.0,1481687298.0,2880889446.0,30268.99,10408.0,2736924.0,43554543.0,311918.0,17960219.81,99450654.0,3208086.0,876606863.0,1882936763.0,36665.26,5212.0,617752.0,45322947.0,11574392.0,605080435.0,997952683.0,-1.0,-1.8369701987210297e-16,31,0,0,0,0,0,0,0,0,0,0,0,0,0,0,0,0,0,0,0,0,0,0,0,0,0,0,0,0,0,0,0,0,0,0,0,0,0,0,0,0,0,0,0,0,0,0,0,0,0,0,0,0,0,0,0,0,0,0
2018-11-01,5517382.0,183913.0,995150853.0,180.37,69.46,99.29,4359.0,1448648.0,5517382.0,225663.0,1289491.0,354645.0,560723.0,498894.0,73828.0,960019.0,55751.0,107333.0,227966.0,381900.0,781169.0,5517382.0,197309.0,1310636.0,350414.0,546864.0,512413.0,76604.0,954543.0,57024.0,108668.0,229759.0,386240.0,786908.0,69087.79,15727.0,3285824.0,87504743.0,109161203.0,1459543414.0,2840493037.0,32455.3,10520.0,2685190.0,43160581.0,311530.0,18279741.1,97826943.0,3260898.0,852600966.0,1842039681.0,36632.49,5207.0,600634.0,44344162.0,11334260.0,606942448.0,998453356.0,-0.8660254037844386,0.5000000000000001,30,0,0,0,0,0,0,0,0,0,0,0,0,0,0,0,0,0,0,0,0,0,0,0,0,0,0,0,0,0,0,0,0,0,0,0,0,0,0,0,0,0,0,0,0,0,0,0,0,0,0,0,0,0,0,0,0,0,0
2018-12-01,5876845.0,189576.0,1045216700.0,177.85,70.16,98.98,4529.0,1506426.0,5876845.0,233027.0,1380319.0,421167.0,612092.0,523258.0,81038.0,1022694.0,59500.0,112534.0,232935.0,371647.0,826634.0,5876845.0,200664.0,1386565.0,399539.0,600465.0,538924.0,83866.0,1025584.0,61705.0,114239.0,238511.0,377762.0,849021.0,70017.17,15798.0,3342887.0,89195352.0,110716607.0,1503598752.0,2933265402.0,33575.88,10602.0,2730556.0,43998592.0,320668.0,18209001.2,99084714.0,3196281.0,867994366.0,1862288162.0,36441.29,5196.0,612331.0,45196760.0,11631893.0,635604386.0,1070977240.0,-0.5000000000000004,0.8660254037844384,31,0,0,0,0,0,0,0,0,0,0,0,0,0,0,0,0,0,0,0,0,0,0,0,0,0,0,0,0,0,0,0,0,0,0,0,0,0,0,0,0,0,0,0,0,0,0,0,0,0,0,0,0,0,0,0,0,0,0
2019-01-01,5326693.0,171829.0,956810932.0,179.63,65.2,100.0,4461.0,1483931.0,5326693.0,207812.0,1272576.0,334363.0,546105.0,491050.0,69594.0,930986.0,51321.0,97995.0,206033.0,347964.0,770894.0,5326693.0,191459.0,1286996.0,336270.0,540714.0,511428.0,71057.0,920395.0,51279.0,99370.0,206136.0,346322.0,765267.0,69693.32,15717.0,3325718.0,88434294.0,105420875.0,1425125648.0,2757038601.0,33471.08,10537.0,2722040.0,44508671.0,323687.0,17543319.0,94419607.0,3045794.0,835517503.0,1771320306.0,36222.24,5180.0,603678.0,43925623.0,11001268.0,589608145.0,985718295.0,0.0,1.0,31,0,0,0,0,0,0,0,0,0,0,0,0,0,0,0,0,0,0,0,0,0,0,0,0,0,0,0,0,0,0,0,0,0,0,0,0,0,0,0,0,0,0,0,0,0,0,0,0,0,0,0,0,0,0,0,0,0,0
2019-02-01,5425372.0,193763.0,1014470571.0,186.99,69.08,99.87,4511.0,1484776.0,5425372.0,233188.0,1215995.0,368431.0,535570.0,438344.0,79971.0,906169.0,68423.0,129900.0,264500.0,350984.0,833897.0,5425372.0,186713.0,1247617.0,368197.0,536052.0,440304.0,81495.0,896694.0,70190.0,130584.0,266437.0,358138.0,842951.0,69729.28,15716.0,2831303.0,77375753.0,87740614.0,1260284152.0,2414321444.0,33529.59,10536.0,2300690.0,37329891.0,272598.0,15003485.2,77881565.0,2781484.0,691038022.0,1469031668.0,36199.69,5180.0,530613.0,40045862.0,9859049.0,569246130.0,945289776.0,0.49999999999999994,0.8660254037844387,28,0,0,0,0,0,0,0,0,0,0,0,0,0,0,0,0,0,0,0,0,0,0,0,0,0,0,0,0,0,0,0,0,0,0,0,0,0,0,0,0,0,0,0,0,0,0,0,0,0,0,0,0,0,0,0,0,0,0
2019-03-01,5648453.0,182208.0,1012347921.0,179.23,68.11,100.0,4521.0,1502866.0,5648453.0,231415.0,1317071.0,356761.0,561806.0,499829.0,79871.0,1005821.0,61814.0,114942.0,243926.0,368928.0,806269.0,5648453.0,221872.0,1361206.0,364551.0,560148.0,524723.0,79639.0,985570.0,59898.0,112972.0,233190.0,359119.0,785565.0,70123.98,15708.0,3299646.0,87682022.0,107540549.0,1467812757.0,2807732882.0,33906.4,10536.0,2699369.0,43607179.0,316841.0,18085266.3,96355682.0,3108248.0,861559955.0,1804431617.0,36217.58,5172.0,600277.0,44074843.0,11184867.0,606252802.0,1003301265.0,0.8660254037844386,0.5000000000000001,31,0,0,0,0,0,0,0,0,0,0,0,0,0,0,0,0,0,0,0,0,0,0,0,0,0,0,0,0,0,0,0,0,0,0,0,0,0,0,0,0,0,0,0,0,0,0,0,0,0,0,0,0,0,0,0,0,0,0
2019-04-01,5678567.0,189286.0,1024068078.0,180.34,70.23,99.91,4443.0,1474426.0,5678567.0,241528.0,1304180.0,367986.0,583624.0,494391.0,80159.0,980989.0,66986.0,124306.0,259678.0,367041.0,807699.0,5678567.0,207329.0,1334420.0,371716.0,575674.0,510462.0,82225.0,970505.0,66805.0,125838.0,256840.0,371553.0,805200.0,70046.31,15789.0,3195665.0,85396399.0,104072389.0,1431416182.0,2717922620.0,33968.08,10626.0,2612742.0,42551668.0,310845.0,18127193.38,93056263.0,3101875.0,826864298.0,1731429419.0,36078.23,5163.0,582923.0,42844731.0,11016126.0,604551884.0,986493201.0,1.0,6.123233995736766e-17,30,0,0,0,0,0,0,0,0,0,0,0,0,0,0,0,0,0,0,0,0,0,0,0,0,0,0,0,0,0,0,0,0,0,0,0,0,0,0,0,0,0,0,0,0,0,0,0,0,0,0,0,0,0,0,0,0,0,0
2019-05-01,5475139.0,176617.0,967395436.0,176.69,66.01,99.93,4454.0,1481851.0,5475139.0,223747.0,1284078.0,350847.0,580771.0,505010.0,76737.0,946101.0,55720.0,110257.0,226474.0,349037.0,766360.0,5475139.0,198895.0,1306221.0,350620.0,580643.0,517320.0,78192.0,938757.0,56774.0,111266.0,224592.0,349462.0,762397.0,70252.57,15798.0,3344028.0,88648561.0,110123798.0,1466960585.0,2838107158.0,34141.58,10619.0,2737916.0,44618400.0,319196.0,18915045.92,98985631.0,3193085.0,876634542.0,1851138551.0,36110.99,5179.0,606112.0,44030161.0,11138167.0,590326043.0,986968607.0,0.8660254037844387,-0.4999999999999998,31,0,0,0,0,0,0,0,0,0,0,0,0,0,0,0,0,0,0,0,0,0,0,0,0,0,0,0,0,0,0,0,0,0,0,0,0,0,0,0,0,0,0,0,0,0,0,0,0,0,0,0,0,0,0,0,0,0,0
2019-06-01,5610936.0,187031.0,1001999502.0,178.58,69.42,99.91,4388.0,1459545.0,5610936.0,234862.0,1301803.0,363975.0,604796.0,502411.0,77408.0,957819.0,59462.0,114945.0,236836.0,362762.0,793857.0,5610936.0,207161.0,1321306.0,362710.0,605251.0,521620.0,78125.0,948986.0,60471.0,115070.0,235853.0,361496.0,792887.0,70392.28,15765.0,3172150.0,84708838.0,100034695.0,1391433460.0,2663330796.0,34287.98,10614.0,2587827.0,41956564.0,292044.0,18782208.09,89488887.0,2982963.0,801196003.0,1692480065.0,36104.3,5151.0,584323.0,42752274.0,10545808.0,590237457.0,970850731.0,0.49999999999999994,-0.8660254037844387,30,0,0,0,0,0,0,0,0,0,0,0,0,0,0,0,0,0,0,0,0,0,0,0,0,0,0,0,0,0,0,0,0,0,0,0,0,0,0,0,0,0,0,0,0,0,0,0,0,0,0,0,0,0,0,0,0,0,0
2019-07-01,5621665.0,181344.0,996939676.0,177.34,67.94,99.96,4461.0,1483783.0,5621665.0,228976.0,1317547.0,364036.0,609569.0,518612.0,76112.0,957896.0,56270.0,112079.0,235946.0,354161.0,790461.0,5621665.0,208063.0,1336586.0,362748.0,606249.0,533543.0,77330.0,951014.0,57407.0,112843.0,234114.0,355426.0,786342.0,69297.33,15777.0,3298640.0,87323161.0,102316093.0,1417631604.0,2749639191.0,33976.39,10641.0,2703463.0,44226456.0,296553.0,19954439.02,91683633.0,2957537.0,826194362.0,1769425955.0,35320.94,5136.0,595177.0,43096705.0,10632460.0,591437242.0,980213236.0,1.2246467991473532e-16,-1.0,31,0,0,0,0,0,0,0,0,0,0,0,0,0,0,0,0,0,0,0,0,0,0,0,0,0,0,0,0,0,0,0,0,0,0,0,0,0,0,0,0,0,0,0,0,0,0,0,0,0,0,0,0,0,0,0,0,0,0
2019-08-01,5559008.0,179323.0,982412145.0,176.72,67.43,99.44,4452.0,1473079.0,5559008.0,238807.0,1302826.0,354244.0,596654.0,514854.0,75803.0,951779.0,55798.0,110178.0,227475.0,348794.0,781796.0,5559008.0,212832.0,1319162.0,351426.0,591506.0,529654.0,77832.0,949188.0,58582.0,112531.0,230193.0,350769.0,775333.0,70143.58,15769.0,3240009.0,85595807.0,99393045.0,1395144608.0,2724930646.0,34472.51,10637.0,2652502.0,42714375.0,292506.0,19564093.04,89020203.0,2871619.0,800318886.0,1736757796.0,35671.07,5132.0,587507.0,42881432.0,10372842.0,594825722.0,988172850.0,-0.4999999999999997,-0.8660254037844388,31,0,0,0,0,0,0,0,0,0,0,0,0,0,0,0,0,0,0,0,0,0,0,0,0,0,0,0,0,0,0,0,0,0,0,0,0,0,0,0,0,0,0,0,0,0,0,0,0,0,0,0,0,0,0,0,0,0,0
2019-09-01,5505456.0,183515.0,972811987.0,176.7,66.13,99.93,4488.0,1487416.0,5505456.0,239750.0,1248975.0,356553.0,583156.0,504618.0,78876.0,954094.0,60990.0,117895.0,235698.0,354861.0,769990.0,5505456.0,210417.0,1284942.0,358677.0,577920.0,522925.0,79213.0,943903.0,60165.0,116778.0,231410.0,355260.0,763846.0,70137.24,15800.0,3146302.0,84051354.0,101464217.0,1391536828.0,2725171754.0,34470.37,10644.0,2573214.0,42128020.0,308821.0,18496029.12,90947779.0,3031593.0,814513454.0,1764107206.0,35666.87,5156.0,573088.0,41923334.0,10516438.0,577023374.0,961064548.0,-0.8660254037844385,-0.5000000000000004,30,0,0,0,0,0,0,0,0,0,0,0,0,0,0,0,0,0,0,0,0,0,0,0,0,0,0,0,0,0,0,0,0,0,0,0,0,0,0,0,0,0,0,0,0,0,0,0,0,0,0,0,0,0,0,0,0,0,0
2019-10-01,5801186.0,187135.0,1021510815.0,176.09,67.39,99.96,4623.0,1532669.0,5801186.0,252614.0,1335754.0,374027.0,628758.0,531228.0,81906.0,993654.0,61477.0,122114.0,242973.0,375501.0,801180.0,5801186.0,219083.0,1369295.0,374637.0,629339.0,547588.0,82401.0,980278.0,61997.0,122079.0,240643.0,374542.0,799304.0,70283.35,15710.0,3322593.0,87180022.0,109330091.0,1462743877.0,2860496082.0,34492.03,10581.0,2723167.0,43867081.0,323492.0,18902510.07,98112146.0,3164908.0,870782513.0,1885132503.0,35791.32,5129.0,599426.0,43312941.0,11217945.0,591961364.0,975363579.0,-1.0,-1.8369701987210297e-16,31,0,0,0,0,0,0,0,0,0,0,0,0,0,0,0,0,0,0,0,0,0,0,0,0,0,0,0,0,0,0,0,0,0,0,0,0,0,0,0,0,0,0,0,0,0,0,0,0,0,0,0,0,0,0,0,0,0,0
2019-11-01,5683553.0,189452.0,995537804.0,175.16,68.94,100.0,4397.0,1460042.0,5683553.0,241128.0,1328234.0,376838.0,608934.0,530249.0,80661.0,981439.0,58275.0,113265.0,230303.0,367410.0,766817.0,5683553.0,214950.0,1342850.0,368741.0,598278.0,543279.0,83055.0,979091.0,60272.0,115133.0,232642.0,370468.0,774794.0,70675.99,15812.0,3217120.0,83219930.0,105177428.0,1404786216.0,2804363521.0,34927.47,10683.0,2636269.0,41083701.0,318236.0,17672219.7,94389471.0,3146316.0,824456357.0,1826476718.0,35748.52,5129.0,580851.0,42136229.0,10787957.0,580329859.0,977886803.0,-0.8660254037844386,0.5000000000000001,30,0,0,0,0,0,0,0,0,0,0,0,0,0,0,0,0,0,0,0,0,0,0,0,0,0,0,0,0,0,0,0,0,0,0,0,0,0,0,0,0,0,0,0,0,0,0,0,0,0,0,0,0,0,0,0,0,0,0
2019-12-01,6075220.0,195975.0,1048148052.0,172.53,70.57,99.65,4528.0,1501694.0,6075220.0,256884.0,1402109.0,430505.0,683058.0,558482.0,86186.0,1037512.0,61295.0,119239.0,242874.0,387987.0,809089.0,6075220.0,232672.0,1451090.0,419761.0,680310.0,573450.0,85283.0,1028442.0,60262.0,116580.0,236901.0,385431.0,805038.0,71480.89,16064.0,3381865.0,89752303.0,114329607.0,1549428194.0,3077321771.0,35779.27,10928.0,2783551.0,46057533.0,336001.0,18854954.1,103243752.0,3330444.0,945457086.0,1991770660.0,35701.62,5136.0,598314.0,43694770.0,11085855.0,603971108.0,1085551111.0,-0.5000000000000004,0.8660254037844384,31,0,0,0,0,0,0,0,0,0,0,0,0,0,0,0,0,0,0,0,0,0,0,0,0,0,0,0,0,0,0,0,0,0,0,0,0,0,0,0,0,0,0,0,0,0,0,0,0,0,0,0,0,0,0,0,0,0,0
2020-01-01,6230650.0,200989.0,1143651916.0,183.55,70.79,99.8,4962.0,1633463.0,6230650.0,306295.0,1393688.0,429714.0,655770.0,514035.0,90340.0,1017382.0,76181.0,144867.0,289640.0,405928.0,906810.0,6230650.0,243685.0,1407544.0,434097.0,658083.0,527181.0,93507.0,1016297.0,80351.0,147806.0,298260.0,410193.0,913646.0,71463.53,15862.0,3167235.0,86674733.0,94272051.0,1365843941.0,2612802502.0,35245.19,10679.0,2582065.0,41706491.0,296819.0,16694730.26,84090847.0,2712608.0,764708392.0,1634040569.0,36218.34,5183.0,585170.0,44968242.0,10181204.0,601135549.0,978761933.0,0.0,1.0,31,0,0,0,0,0,0,0,0,0,0,0,0,0,0,0,0,0,0,0,0,0,0,0,0,0,0,0,0,0,0,0,0,0,0,0,0,0,0,0,0,0,0,0,0,0,0,0,0,0,0,0,0,0,0,0,0,0,0
2020-02-01,3968432.0,136842.0,683592359.0,172.26,48.59,99.88,4288.0,1422593.0,3968432.0,173724.0,901831.0,289492.0,440818.0,384981.0,59814.0,658661.0,40874.0,78249.0,159321.0,254299.0,526368.0,3968432.0,153376.0,907417.0,284810.0,430177.0,396680.0,62576.0,660251.0,42783.0,80504.0,162190.0,259007.0,528661.0,71494.3,15747.0,3034752.0,80413804.0,77495575.0,1077361710.0,2081895358.0,35255.86,10668.0,2502458.0,40934829.0,310268.0,15851638.34,69653973.0,2401861.0,640310568.0,1362391206.0,36238.44,5079.0,532294.0,39478975.0,7841602.0,437051142.0,719504152.0,0.49999999999999994,0.8660254037844387,29,0,0,0,0,0,0,0,0,0,0,0,0,0,0,0,0,0,0,0,0,0,0,0,0,0,0,0,0,0,0,0,0,0,0,0,0,0,0,0,0,0,0,0,0,0,0,0,0,0,0,0,0,0,0,0,0,0,0
2020-03-01,3529935.0,113869.0,592594098.0,167.88,39.87,99.98,4526.0,1502666.0,3529935.0,152884.0,793822.0,268834.0,353557.0,355109.0,54022.0,593903.0,40371.0,77182.0,150905.0,225258.0,464088.0,3529935.0,145872.0,818655.0,274700.0,367071.0,373415.0,52838.0,574851.0,38152.0,73151.0,140630.0,216804.0,453796.0,71393.55,15757.0,3260311.0,82633815.0,86842304.0,1105024845.0,2183790657.0,35150.96,10701.0,2711707.0,44314211.0,321506.0,17905191.67,78856635.0,2543762.0,713926063.0,1533674897.0,36242.59,5056.0,548604.0,38319604.0,7985669.0,391098782.0,650115760.0,0.8660254037844386,0.5000000000000001,31,0,0,0,0,0,0,0,0,0,0,0,0,0,0,0,0,0,0,0,0,0,0,0,0,0,0,0,0,0,0,0,0,0,0,0,0,0,0,0,0,0,0,0,0,0,0,0,0,0,0,0,0,0,0,0,0,0,0
2020-04-01,2947586.0,98253.0,503008048.0,170.65,34.49,100.0,4441.0,1474648.0,2947586.0,129347.0,662099.0,233112.0,290153.0,288497.0,46087.0,479949.0,35606.0,68326.0,129533.0,187678.0,397199.0,2947586.0,117499.0,664012.0,232153.0,295244.0,296819.0,46875.0,481476.0,36185.0,69678.0,129187.0,186659.0,391799.0,71324.3,15773.0,3109993.0,76524084.0,75760946.0,964493643.0,1881973704.0,35172.36,10687.0,2609303.0,42611140.0,316747.0,19394735.81,68818792.0,2293960.0,622572678.0,1328327656.0,36151.94,5086.0,500690.0,33912944.0,6942154.0,341920965.0,553646048.0,1.0,6.123233995736766e-17,30,0,0,0,0,0,0,0,0,0,0,0,0,0,0,0,0,0,0,0,0,0,0,0,0,0,0,0,0,0,0,0,0,0,0,0,0,0,0,0,0,0,0,0,0,0,0,0,0,0,0,0,0,0,0,0,0,0,0
2020-05-01,3670631.0,118407.0,621509396.0,169.32,45.61,99.95,4131.0,1377746.0,3670631.0,156395.0,829406.0,282802.0,352205.0,363491.0,58341.0,625818.0,45275.0,86018.0,159171.0,230635.0,481074.0,3670631.0,147504.0,845031.0,286005.0,360402.0,372876.0,58786.0,616615.0,44117.0,84331.0,154143.0,226039.0,474782.0,71143.24,15761.0,3187800.0,78290805.0,86938138.0,1117020619.0,2191433475.0,35070.19,10678.0,2673251.0,43717525.0,315781.0,19689299.65,78922697.0,2545893.0,713149841.0,1525622181.0,36073.05,5083.0,514549.0,34573280.0,8015441.0,403870778.0,665811294.0,0.8660254037844387,-0.4999999999999998,31,0,0,0,0,0,0,0,0,0,0,0,0,0,0,0,0,0,0,0,0,0,0,0,0,0,0,0,0,0,0,0,0,0,0,0,0,0,0,0,0,0,0,0,0,0,0,0,0,0,0,0,0,0,0,0,0,0,0
2020-06-01,4431804.0,147727.0,784625138.0,177.04,60.91,99.92,3906.0,1302395.0,4431804.0,193954.0,1021476.0,331943.0,403422.0,417862.0,64146.0,735665.0,49170.0,96398.0,200779.0,288342.0,628647.0,4431804.0,178592.0,1031534.0,335441.0,409379.0,425156.0,64749.0,728028.0,49869.0,96869.0,198987.0,287940.0,625260.0,71614.25,15780.0,3123614.0,76957592.0,88403621.0,1167180413.0,2302296045.0,35558.05,10732.0,2619277.0,42526795.0,308736.0,18898044.04,79973377.0,2665779.0,727113312.0,1543935638.0,36056.2,5048.0,504337.0,34430797.0,8430244.0,440067101.0,758360407.0,0.49999999999999994,-0.8660254037844387,30,0,0,0,0,0,0,0,0,0,0,0,0,0,0,0,0,0,0,0,0,0,0,0,0,0,0,0,0,0,0,0,0,0,0,0,0,0,0,0,0,0,0,0,0,0,0,0,0,0,0,0,0,0,0,0,0,0,0
2020-07-01,4975726.0,160507.0,865810357.0,174.01,61.39,99.93,4265.0,1426068.0,4975726.0,226734.0,1179047.0,369082.0,464669.0,485467.0,71628.0,828599.0,49662.0,101204.0,204131.0,320879.0,674624.0,4975726.0,209864.0,1170955.0,364592.0,474210.0,497996.0,73217.0,825105.0,51798.0,102481.0,204711.0,318934.0,681863.0,71913.99,15786.0,3246734.0,80365691.0,91537870.0,1221088825.0,2372576090.0,36298.64,10817.0,2730323.0,44647176.0,306351.0,19972242.4,82947376.0,2675722.0,757133521.0,1600038732.0,35615.35,4969.0,516411.0,35718515.0,8590494.0,463955304.0,772537358.0,1.2246467991473532e-16,-1.0,31,0,0,0,0,0,0,0,0,0,0,0,0,0,0,0,0,0,0,0,0,0,0,0,0,0,0,0,0,0,0,0,0,0,0,0,0,0,0,0,0,0,0,0,0,0,0,0,0,0,0,0,0,0,0,0,0,0,0
2020-08-01,5489625.0,177085.0,952062379.0,173.43,64.12,99.8,4519.0,1501303.0,5489625.0,251849.0,1282181.0,405383.0,550957.0,513790.0,78802.0,907378.0,57276.0,111122.0,228870.0,345979.0,756038.0,5489625.0,232718.0,1294998.0,410127.0,569560.0,533761.0,79476.0,892047.0,57089.0,110699.0,224604.0,338791.0,745755.0,72756.93,15791.0,3198629.0,80380472.0,89738640.0,1230131401.0,2382516206.0,37148.78,10843.0,2683682.0,43863443.0,298929.0,19618351.6,81156967.0,2617967.0,741350228.0,1571515018.0,35608.15,4948.0,514947.0,36517029.0,8581673.0,488781173.0,811001188.0,-0.4999999999999997,-0.8660254037844388,31,0,0,0,0,0,0,0,0,0,0,0,0,0,0,0,0,0,0,0,0,0,0,0,0,0,0,0,0,0,0,0,0,0,0,0,0,0,0,0,0,0,0,0,0,0,0,0,0,0,0,0,0,0,0,0,0,0,0
2020-09-01,5011876.0,167063.0,850398931.0,169.68,58.98,99.86,4392.0,1457761.0,5011876.0,243089.0,1199188.0,370228.0,521047.0,493091.0,70655.0,824857.0,47393.0,95539.0,193082.0,309539.0,644168.0,5011876.0,209479.0,1165365.0,361861.0,527966.0,501002.0,73271.0,834155.0,51845.0,100043.0,203583.0,317165.0,666141.0,72768.76,15819.0,3163951.0,78296553.0,95302606.0,1229633753.0,2412129433.0,37448.33,10855.0,2662686.0,43368892.0,314107.0,19300396.5,86736263.0,2891209.0,788494008.0,1663883782.0,35320.43,4964.0,501265.0,34927661.0,8566343.0,441139745.0,748245651.0,-0.8660254037844385,-0.5000000000000004,30,0,0,0,0,0,0,0,0,0,0,0,0,0,0,0,0,0,0,0,0,0,0,0,0,0,0,0,0,0,0,0,0,0,0,0,0,0,0,0,0,0,0,0,0,0,0,0,0,0,0,0,0,0,0,0,0,0,0
2020-10-01,5723958.0,184644.0,989561366.0,172.88,63.87,99.81,4728.0,1566568.0,5723958.0,270845.0,1289419.0,429450.0,580157.0,530449.0,86608.0,946321.0,65980.0,125105.0,251913.0,370663.0,777048.0,5723958.0,242763.0,1338203.0,440062.0,598383.0,548741.0,86761.0,927123.0,64034.0,121777.0,239323.0,361591.0,755197.0,72839.03,15809.0,3178766.0,79853211.0,95937377.0,1272447012.0,2493502184.0,37473.6,10862.0,2667873.0,43494669.0,317961.0,18550298.7,87010116.0,2806778.0,788544167.0,1700727697.0,35365.43,4947.0,510893.0,36358542.0,8927261.0,483902845.0,792774487.0,-1.0,-1.8369701987210297e-16,31,0,0,0,0,0,0,0,0,0,0,0,0,0,0,0,0,0,0,0,0,0,0,0,0,0,0,0,0,0,0,0,0,0,0,0,0,0,0,0,0,0,0,0,0,0,0,0,0,0,0,0,0,0,0,0,0,0,0
2020-11-01,5472335.0,182411.0,933516720.0,170.59,65.34,99.95,4371.0,1451699.0,5472335.0,250177.0,1271272.0,417932.0,554315.0,516527.0,81325.0,921573.0,57504.0,110705.0,222600.0,348196.0,720209.0,5472335.0,230899.0,1291441.0,418539.0,566151.0,535696.0,81941.0,911206.0,55985.0,109157.0,217138.0,341174.0,713008.0,78291.11,15937.0,3126808.0,77407646.0,95956553.0,1248155323.0,2469034420.0,42917.98,11013.0,2632418.0,42797680.0,316360.0,17615104.3,87295411.0,2909847.0,790600704.0,1709186401.0,35373.13,4924.0,494390.0,34609966.0,8661142.0,457554619.0,759848019.0,-0.8660254037844386,0.5000000000000001,30,0,0,0,0,0,0,0,0,0,0,0,0,0,0,0,0,0,0,0,0,0,0,0,0,0,0,0,0,0,0,0,0,0,0,0,0,0,0,0,0,0,0,0,0,0,0,0,0,0,0,0,0,0,0,0,0,0,0
2020-12-01,5786384.0,186658.0,991731610.0,171.39,67.25,98.11,4547.0,1509446.0,5786384.0,277111.0,1354166.0,475587.0,574784.0,550152.0,84488.0,955949.0,57668.0,115239.0,227202.0,365581.0,748457.0,5786384.0,241390.0,1344224.0,461830.0,589103.0,559417.0,86471.0,959946.0,60790.0,116475.0,231561.0,370623.0,764554.0,79040.55,15922.0,3255865.0,80413787.0,100614641.0,1307597172.0,2667164687.0,43649.27,11021.0,2741878.0,44502344.0,330165.0,18197371.6,91682541.0,2957501.0,828084644.0,1796573728.0,35391.28,4901.0,513987.0,35911443.0,8932100.0,479512528.0,870590959.0,-0.5000000000000004,0.8660254037844384,31,0,0,0,0,0,0,0,0,0,0,0,0,0,0,0,0,0,0,0,0,0,0,0,0,0,0,0,0,0,0,0,0,0,0,0,0,0,0,0,0,0,0,0,0,0,0,0,0,0,0,0,0,0,0,0,0,0,0
2021-01-01,4660193.0,150329.0,790159952.0,169.56,53.1,99.98,4592.0,1523075.0,4660193.0,209689.0,1091758.0,356555.0,449795.0,457894.0,70290.0,774517.0,50991.0,95113.0,186184.0,302136.0,615271.0,4660193.0,193692.0,1094680.0,357454.0,471385.0,479311.0,71164.0,764821.0,50919.0,95000.0,183425.0,295418.0,602924.0,79550.93,15808.0,3163163.0,78712799.0,88424018.0,1142791534.0,2254165308.0,44189.63,10915.0,2657767.0,43398764.0,318290.0,17308855.7,80670819.0,2602284.0,733320700.0,1576230965.0,35361.3,4893.0,505396.0,35314035.0,7753199.0,409470834.0,677934343.0,0.0,1.0,31,0,0,0,0,0,0,0,0,0,0,0,0,0,0,0,0,0,0,0,0,0,0,0,0,0,0,0,0,0,0,0,0,0,0,0,0,0,0,0,0,0,0,0,0,0,0,0,0,0,0,0,0,0,0,0,0,0,0
2021-02-01,4455946.0,159141.0,813051250.0,182.46,55.84,99.87,4530.0,1490414.0,4455946.0,200369.0,1014514.0,358278.0,376667.0,393082.0,69338.0,710362.0,56615.0,109286.0,217561.0,294427.0,655447.0,4455946.0,180050.0,1015490.0,354645.0,380058.0,391859.0,71719.0,713290.0,59254.0,111678.0,220256.0,299144.0,658503.0,79454.01,15832.0,2708559.0,69147933.0,72343773.0,1001520079.0,1947414356.0,44104.96,10944.0,2260998.0,37172316.0,266075.0,14635199.8,65441631.0,2337201.0,601045911.0,1288303808.0,35349.05,4888.0,447561.0,31975617.0,6902142.0,400474168.0,659110548.0,0.49999999999999994,0.8660254037844387,28,0,0,0,0,0,0,0,0,0,0,0,0,0,0,0,0,0,0,0,0,0,0,0,0,0,0,0,0,0,0,0,0,0,0,0,0,0,0,0,0,0,0,0,0,0,0,0,0,0,0,0,0,0,0,0,0,0,0
2021-03-01,5160243.0,166459.0,880082481.0,170.55,59.8,99.82,4537.0,1506320.0,5160243.0,231076.0,1200636.0,386655.0,488476.0,511930.0,80456.0,876075.0,57743.0,106362.0,215140.0,332976.0,672718.0,5160243.0,215530.0,1218260.0,391411.0,501595.0,523612.0,78602.0,858385.0,55632.0,105672.0,208996.0,328594.0,673954.0,79675.4,15788.0,3170482.0,78629867.0,96000144.0,1235110563.0,2436157327.0,44392.55,10902.0,2662875.0,43254387.0,325499.0,17723576.5,87536418.0,2823755.0,793640175.0,1705622572.0,35282.85,4886.0,507607.0,35375480.0,8463726.0,441470388.0,730534755.0,0.8660254037844386,0.5000000000000001,31,0,0,0,0,0,0,0,0,0,0,0,0,0,0,0,0,0,0,0,0,0,0,0,0,0,0,0,0,0,0,0,0,0,0,0,0,0,0,0,0,0,0,0,0,0,0,0,0,0,0,0,0,0,0,0,0,0,0
2021-04-01,5514868.0,183829.0,955793668.0,173.31,64.11,99.87,4617.0,1525910.0,5514868.0,266661.0,1258109.0,419502.0,525594.0,522648.0,83996.0,921710.0,63820.0,125019.0,238601.0,351012.0,738196.0,5514868.0,227932.0,1262972.0,413514.0,537070.0,531921.0,86211.0,919706.0,66848.0,127011.0,243721.0,353150.0,744812.0,79954.93,15773.0,3032220.0,76221979.0,90627410.0,1206565076.0,2366832161.0,44826.98,10901.0,2542591.0,41467855.0,313726.0,17240291.1,82256532.0,2741884.0,748979011.0,1621083409.0,35127.95,4872.0,489629.0,34754124.0,8370878.0,457586065.0,745748752.0,1.0,6.123233995736766e-17,30,0,0,0,0,0,0,0,0,0,0,0,0,0,0,0,0,0,0,0,0,0,0,0,0,0,0,0,0,0,0,0,0,0,0,0,0,0,0,0,0,0,0,0,0,0,0,0,0,0,0,0,0,0,0,0,0,0,0
2021-05-01,2696576.0,86986.0,467164537.0,173.24,35.24,99.98,4074.0,1356991.0,2696576.0,123010.0,589021.0,201493.0,248915.0,253208.0,43621.0,459129.0,33524.0,61950.0,122191.0,178014.0,382500.0,2696576.0,114807.0,592123.0,204793.0,260170.0,268234.0,44031.0,454425.0,32666.0,61383.0,115976.0,174067.0,373901.0,79807.37,15684.0,2772142.0,66927810.0,54838355.0,703366456.0,1400641178.0,44680.7,10855.0,2346467.0,38443861.0,296432.0,15953671.8,50030523.0,1613888.0,457471469.0,992646787.0,35126.67,4829.0,425675.0,28483949.0,4807832.0,245894987.0,407994391.0,0.8660254037844387,-0.4999999999999998,31,0,0,0,0,0,0,0,0,0,0,0,0,0,0,0,0,0,0,0,0,0,0,0,0,0,0,0,0,0,0,0,0,0,0,0,0,0,0,0,0,0,0,0,0,0,0,0,0,0,0,0,0,0,0,0,0,0,0
2021-06-01,539630.0,17988.0,89477275.0,165.81,11.2,99.92,2440.0,817754.0,539630.0,21808.0,106192.0,39021.0,64299.0,53809.0,9214.0,86812.0,6934.0,12478.0,22283.0,34332.0,82448.0,539630.0,22265.0,109772.0,39079.0,69155.0,53490.0,9057.0,85793.0,6802.0,12174.0,21468.0,32490.0,78085.0,75489.08,15557.0,1892320.0,40333451.0,19600346.0,227451667.0,474072378.0,42696.61,10731.0,1652421.0,27227119.0,247955.0,10391058.1,18111181.0,603706.0,166613116.0,372619511.0,32792.47,4826.0,239899.0,13106332.0,1489165.0,60838551.0,101452867.0,0.49999999999999994,-0.8660254037844387,30,0,0,0,0,0,0,0,0,0,0,0,0,0,0,0,0,0,0,0,0,0,0,0,0,0,0,0,0,0,0,0,0,0,0,0,0,0,0,0,0,0,0,0,0,0,0,0,0,0,0,0,0,0,0,0,0,0,0
2021-07-01,1137242.0,36685.0,197798441.0,173.93,24.57,99.96,2455.0,824128.0,1137242.0,49905.0,232403.0,91138.0,122151.0,106106.0,18580.0,186577.0,15365.0,27725.0,49894.0,72371.0,165027.0,1137242.0,47494.0,231873.0,88254.0,123924.0,103489.0,19135.0,189469.0,15899.0,28207.0,50623.0,72743.0,166132.0,76551.34,15604.0,1970939.0,41962054.0,27784397.0,339021590.0,688744387.0,43301.07,10796.0,1724927.0,28401980.0,248912.0,11169239.7,25599950.0,825805.0,235628676.0,517394490.0,33250.27,4808.0,246012.0,13560074.0,2184447.0,103392914.0,171349897.0,1.2246467991473532e-16,-1.0,31,0,0,0,0,0,0,0,0,0,0,0,0,0,0,0,0,0,0,0,0,0,0,0,0,0,0,0,0,0,0,0,0,0,0,0,0,0,0,0,0,0,0,0,0,0,0,0,0,0,0,0,0,0,0,0,0,0,0
2021-08-01,2225096.0,71777.0,392951155.0,176.6,40.96,87.02,2989.0,981828.0,2225096.0,94165.0,447721.0,164097.0,223576.0,206426.0,35473.0,381340.0,29615.0,55337.0,98511.0,153021.0,335814.0,2225096.0,97770.0,490060.0,174189.0,223253.0,202545.0,33733.0,365665.0,27041.0,52547.0,91059.0,145970.0,321264.0,77597.33,15617.0,2336059.0,51972589.0,45166862.0,589147833.0,1168660659.0,44105.29,10824.0,2032174.0,33430312.0,268835.0,13753287.3,41350809.0,1333897.0,384518993.0,828946747.0,33492.04,4793.0,303885.0,18542277.0,3816053.0,204628840.0,339713912.0,-0.4999999999999997,-0.8660254037844388,31,0,0,0,0,0,0,0,0,0,0,0,0,0,0,0,0,0,0,0,0,0,0,0,0,0,0,0,0,0,0,0,0,0,0,0,0,0,0,0,0,0,0,0,0,0,0,0,0,0,0,0,0,0,0,0,0,0,0
2021-09-01,2960416.0,98681.0,528497667.0,178.52,43.37,99.65,3751.0,1247344.0,2960416.0,131748.0,638228.0,217989.0,283195.0,277471.0,44960.0,498304.0,36883.0,69937.0,130803.0,203163.0,427735.0,2960416.0,128447.0,656414.0,219774.0,284699.0,274772.0,44885.0,492274.0,36399.0,68728.0,127302.0,200953.0,425769.0,78430.83,15614.0,2696730.0,60845452.0,59376632.0,744971077.0,1494686612.0,45645.21,10848.0,2331929.0,38321789.0,286701.0,16423144.4,54395637.0,1813188.0,501921076.0,1087667585.0,32785.62,4766.0,364801.0,22523663.0,4980995.0,243050001.0,407019027.0,-0.8660254037844385,-0.5000000000000004,30,0,0,0,0,0,0,0,0,0,0,0,0,0,0,0,0,0,0,0,0,0,0,0,0,0,0,0,0,0,0,0,0,0,0,0,0,0,0,0,0,0,0,0,0,0,0,0,0,0,0,0,0,0,0,0,0,0,0
2021-10-01,4032592.0,130084.0,708184134.0,175.62,54.6,99.15,3985.0,1327480.0,4032592.0,168950.0,882621.0,302480.0,396274.0,374908.0,61096.0,695740.0,47577.0,92346.0,171454.0,271457.0,567689.0,4032592.0,163745.0,898517.0,304807.0,395546.0,370534.0,61352.0,690763.0,48059.0,92517.0,170412.0,270418.0,565922.0,79890.38,15606.0,2833690.0,65203799.0,73503902.0,930446224.0,1895545121.0,46307.09,10859.0,2435217.0,39865035.0,299086.0,16626461.1,67357036.0,2172808.0,614758410.0,1358727889.0,33583.29,4747.0,398473.0,25338764.0,6146866.0,315687814.0,536817232.0,-1.0,-1.8369701987210297e-16,31,0,0,0,0,0,0,0,0,0,0,0,0,0,0,0,0,0,0,0,0,0,0,0,0,0,0,0,0,0,0,0,0,0,0,0,0,0,0,0,0,0,0,0,0,0,0,0,0,0,0,0,0,0,0,0,0,0,0
2021-11-01,4537412.0,151247.0,791611927.0,174.46,57.65,100.0,4223.0,1405507.0,4537412.0,202752.0,1014909.0,331522.0,442093.0,426780.0,68255.0,784188.0,50624.0,96244.0,185953.0,307568.0,626524.0,4537412.0,196228.0,1035978.0,340436.0,441400.0,422793.0,68428.0,775357.0,50233.0,96220.0,183697.0,304859.0,621783.0,80532.98,15505.0,2814896.0,65444086.0,79455158.0,980065359.0,2014331156.0,47188.42,10777.0,2411010.0,39492536.0,293228.0,15834754.9,72942267.0,2431409.0,652551647.0,1465596813.0,33344.56,4728.0,403886.0,25951550.0,6512891.0,327513712.0,548734343.0,-0.8660254037844386,0.5000000000000001,30,0,0,0,0,0,0,0,0,0,0,0,0,0,0,0,0,0,0,0,0,0,0,0,0,0,0,0,0,0,0,0,0,0,0,0,0,0,0,0,0,0,0,0,0,0,0,0,0,0,0,0,0,0,0,0,0,0,0
2021-12-01,5539344.0,178689.0,954015079.0,172.23,64.0,99.91,4599.0,1525772.0,5539344.0,279160.0,1260758.0,441389.0,552589.0,528431.0,79624.0,924911.0,57556.0,110728.0,212039.0,362990.0,729169.0,5539344.0,252345.0,1247960.0,421682.0,556213.0,536334.0,82713.0,928211.0,61031.0,112697.0,219162.0,365921.0,755075.0,80802.05,15390.0,2929542.0,68871165.0,84517852.0,1052746761.0,2174142112.0,47307.19,10735.0,2504194.0,40982790.0,302602.0,16183841.9,77515624.0,2500504.0,690130113.0,1559723380.0,33494.86,4655.0,425348.0,27888375.0,7002228.0,362616648.0,614418732.0,-0.5000000000000004,0.8660254037844384,31,0,0,0,0,0,0,0,0,0,0,0,0,0,0,0,0,0,0,0,0,0,0,0,0,0,0,0,0,0,0,0,0,0,0,0,0,0,0,0,0,0,0,0,0,0,0,0,0,0,0,0,0,0,0,0,0,0,0
2022-01-01,4148796.0,133832.0,729927234.0,175.94,48.44,99.94,4653.0,1542258.0,4148796.0,199319.0,994937.0,346066.0,374255.0,390804.0,59605.0,687079.0,42490.0,82340.0,155633.0,266983.0,549285.0,4148796.0,165570.0,886369.0,303573.0,370196.0,395780.0,65514.0,714200.0,53314.0,102740.0,192826.0,288483.0,610231.0,80492.54,15412.0,2840873.0,66965118.0,72560418.0,886354091.0,1831650688.0,47373.98,10779.0,2423868.0,39856373.0,294306.0,15939547.6,66809161.0,2155134.0,594930745.0,1350331566.0,33118.56,4633.0,417005.0,27108745.0,5751257.0,291423346.0,481319122.0,0.0,1.0,31,0,0,0,0,0,0,0,0,0,0,0,0,0,0,0,0,0,0,0,0,0,0,0,0,0,0,0,0,0,0,0,0,0,0,0,0,0,0,0,0,0,0,0,0,0,0,0,0,0,0,0,0,0,0,0,0,0,0
2022-02-01,3973070.0,141895.0,711695200.0,179.13,49.32,99.98,4492.0,1477034.0,3973070.0,173232.0,802282.0,293149.0,336460.0,337706.0,65755.0,683942.0,57916.0,106931.0,206946.0,291768.0,616983.0,3973070.0,183736.0,934101.0,339859.0,368216.0,356622.0,60202.0,639317.0,45935.0,85605.0,161160.0,259848.0,538469.0,80506.14,15478.0,2433968.0,57924216.0,59380817.0,754012694.0,1549230881.0,47612.43,10850.0,2069197.0,34005418.0,254682.0,13279519.0,54411635.0,1943273.0,485424463.0,1107730872.0,32893.71,4628.0,364771.0,23918798.0,4969182.0,268588231.0,441500009.0,0.49999999999999994,0.8660254037844387,28,0,0,0,0,0,0,0,0,0,0,0,0,0,0,0,0,0,0,0,0,0,0,0,0,0,0,0,0,0,0,0,0,0,0,0,0,0,0,0,0,0,0,0,0,0,0,0,0,0,0,0,0,0,0,0,0,0,0
2022-03-01,4837482.0,156048.0,820518798.0,169.62,56.43,99.66,4476.0,1488292.0,4837482.0,216974.0,1104665.0,366704.0,456119.0,468152.0,70982.0,816608.0,53458.0,102813.0,198753.0,337972.0,644282.0,4837482.0,205441.0,1104613.0,363333.0,468960.0,478117.0,71779.0,809083.0,54209.0,102908.0,199394.0,333945.0,645700.0,80096.32,15351.0,2891475.0,66696337.0,83944092.0,1008151325.0,2092808432.0,47822.21,10784.0,2473722.0,40487593.0,300277.0,16147216.7,77246510.0,2491823.0,684342709.0,1555745516.0,32274.11,4567.0,417753.0,26208744.0,6697582.0,323808616.0,537062916.0,0.8660254037844386,0.5000000000000001,31,0,0,0,0,0,0,0,0,0,0,0,0,0,0,0,0,0,0,0,0,0,0,0,0,0,0,0,0,0,0,0,0,0,0,0,0,0,0,0,0,0,0,0,0,0,0,0,0,0,0,0,0,0,0,0,0,0,0
2022-04-01,3976458.0,132549.0,692990746.0,174.27,47.39,97.77,4525.0,1496876.0,3976458.0,189904.0,881452.0,310603.0,378798.0,362470.0,59057.0,649749.0,47333.0,90217.0,176272.0,279599.0,551004.0,3976458.0,164875.0,870767.0,302913.0,396864.0,376809.0,61342.0,650337.0,48902.0,92111.0,176623.0,281501.0,553414.0,80432.44,15355.0,2698770.0,63301546.0,65818090.0,815006668.0,1682102579.0,48232.83,10805.0,2301969.0,37868461.0,285689.0,14911468.5,60453078.0,2015103.0,538367879.0,1227531207.0,32199.61,4550.0,396801.0,25433085.0,5365012.0,276638789.0,454571372.0,1.0,6.123233995736766e-17,30,0,0,0,0,0,0,0,0,0,0,0,0,0,0,0,0,0,0,0,0,0,0,0,0,0,0,0,0,0,0,0,0,0,0,0,0,0,0,0,0,0,0,0,0,0,0,0,0,0,0,0,0,0,0,0,0,0,0
2022-05-01,2643078.0,85261.0,437823457.0,165.65,29.85,100.0,4520.0,1501113.0,2643078.0,110668.0,565444.0,201995.0,275123.0,255666.0,40945.0,439786.0,31183.0,60401.0,111320.0,182506.0,368041.0,2643078.0,107299.0,568725.0,198964.0,296599.0,274817.0,41207.0,430068.0,30202.0,58318.0,104383.0,174550.0,357946.0,80156.0,15348.0,2686024.0,62121002.0,50651076.0,607956970.0,1273890070.0,48104.09,10806.0,2302424.0,37987904.0,290642.0,14538185.0,46658594.0,1505116.0,413808310.0,954194060.0,32051.91,4542.0,383600.0,24133098.0,3992482.0,194148660.0,319696010.0,0.8660254037844387,-0.4999999999999998,31,0,0,0,0,0,0,0,0,0,0,0,0,0,0,0,0,0,0,0,0,0,0,0,0,0,0,0,0,0,0,0,0,0,0,0,0,0,0,0,0,0,0,0,0,0,0,0,0,0,0,0,0,0,0,0,0,0,0
2022-06-01,3133528.0,104451.0,527772909.0,168.43,37.4,99.95,4341.0,1444295.0,3133528.0,141938.0,695037.0,247896.0,334467.0,306633.0,45294.0,505252.0,33833.0,66205.0,125284.0,211652.0,420037.0,3133528.0,135054.0,695158.0,243806.0,352436.0,316026.0,45768.0,499915.0,34093.0,65600.0,124239.0,206740.0,414693.0,79656.49,15345.0,2476237.0,57162727.0,54973553.0,665965654.0,1388120369.0,47987.68,10818.0,2121465.0,35235911.0,290373.0,14270152.6,50679008.0,1689300.0,446212044.0,1028139768.0,31668.81,4527.0,354772.0,21926816.0,4294545.0,219753610.0,359980601.0,0.49999999999999994,-0.8660254037844387,30,0,0,0,0,0,0,0,0,0,0,0,0,0,0,0,0,0,0,0,0,0,0,0,0,0,0,0,0,0,0,0,0,0,0,0,0,0,0,0,0,0,0,0,0,0,0,0,0,0,0,0,0,0,0,0,0,0,0
2022-07-01,4431576.0,142954.0,757269482.0,170.88,51.4,99.6,4543.0,1508052.0,4431576.0,196854.0,995101.0,345368.0,458628.0,423579.0,63837.0,724195.0,47126.0,90019.0,179594.0,303855.0,603420.0,4431576.0,186477.0,995360.0,340250.0,477338.0,435717.0,64574.0,718208.0,47968.0,90686.0,177131.0,297829.0,600038.0,79432.94,15284.0,2606074.0,60950671.0,64253165.0,814848635.0,1683307610.0,47954.38,10839.0,2231757.0,37093931.0,285349.0,15702353.0,58851036.0,1898421.0,527323719.0,1204317010.0,31478.56,4445.0,374317.0,23856740.0,5402129.0,287524916.0,478990600.0,1.2246467991473532e-16,-1.0,31,0,0,0,0,0,0,0,0,0,0,0,0,0,0,0,0,0,0,0,0,0,0,0,0,0,0,0,0,0,0,0,0,0,0,0,0,0,0,0,0,0,0,0,0,0,0,0,0,0,0,0,0,0,0,0,0,0,0
2022-08-01,4970649.0,160344.0,857009562.0,172.41,59.1,99.44,4464.0,1484290.0,4970649.0,226062.0,1119292.0,374433.0,505661.0,468350.0,70000.0,822490.0,52660.0,100774.0,200144.0,341529.0,689254.0,4970649.0,215539.0,1131697.0,375438.0,530365.0,479216.0,71385.0,809491.0,52615.0,100209.0,195789.0,332759.0,676146.0,79989.08,15267.0,2756336.0,63561336.0,70523848.0,888071817.0,1831959521.0,48611.97,10855.0,2373864.0,39271312.0,292426.0,16557522.2,64669408.0,2086110.0,578959360.0,1317744096.0,31377.11,4412.0,382472.0,24290024.0,5854440.0,309112457.0,514215425.0,-0.4999999999999997,-0.8660254037844388,31,0,0,0,0,0,0,0,0,0,0,0,0,0,0,0,0,0,0,0,0,0,0,0,0,0,0,0,0,0,0,0,0,0,0,0,0,0,0,0,0,0,0,0,0,0,0,0,0,0,0,0,0,0,0,0,0,0,0
2022-09-01,4947082.0,164903.0,859904449.0,173.82,59.42,98.03,4464.0,1481228.0,4947082.0,239684.0,1089434.0,373790.0,484598.0,465624.0,71934.0,823539.0,56453.0,106783.0,201523.0,342990.0,690730.0,4947082.0,219319.0,1095097.0,371749.0,507615.0,473615.0,73293.0,817725.0,57187.0,107698.0,199119.0,338653.0,686012.0,80320.73,15279.0,2679901.0,61981121.0,73507977.0,899639965.0,1864713703.0,48828.89,10873.0,2303839.0,37964898.0,297097.0,15734263.9,67618092.0,2253936.0,599023070.0,1364844018.0,31491.84,4406.0,376062.0,24016223.0,5889885.0,300616895.0,499869685.0,-0.8660254037844385,-0.5000000000000004,30,0,0,0,0,0,0,0,0,0,0,0,0,0,0,0,0,0,0,0,0,0,0,0,0,0,0,0,0,0,0,0,0,0,0,0,0,0,0,0,0,0,0,0,0,0,0,0,0,0,0,0,0,0,0,0,0,0,0
2022-10-01,5383137.0,173650.0,933054236.0,173.33,62.69,99.46,4592.0,1523410.0,5383137.0,244809.0,1183836.0,403569.0,546628.0,492227.0,79014.0,908612.0,59869.0,114707.0,225804.0,371199.0,752863.0,5383137.0,224595.0,1198862.0,403110.0,560320.0,511543.0,80040.0,901498.0,58950.0,114243.0,222274.0,364101.0,743601.0,80830.7,15228.0,2734191.0,63543379.0,76711818.0,943498297.0,2113690896.0,49311.46,10827.0,2348286.0,38728710.0,295733.0,15377048.1,70560517.0,2276146.0,625190379.0,1586212161.0,31519.24,4401.0,385905.0,24814669.0,6151301.0,318307918.0,527478735.0,-1.0,-1.8369701987210297e-16,31,0,0,0,0,0,0,0,0,0,0,0,0,0,0,0,0,0,0,0,0,0,0,0,0,0,0,0,0,0,0,0,0,0,0,0,0,0,0,0,0,0,0,0,0,0,0,0,0,0,0,0,0,0,0,0,0,0,0
2022-11-01,5502680.0,183423.0,946052794.0,171.93,66.38,99.95,4391.0,1458660.0,5502680.0,252527.0,1215750.0,417892.0,585561.0,518283.0,81333.0,925928.0,61028.0,117492.0,218861.0,370713.0,737312.0,5502680.0,234267.0,1229546.0,414771.0,582380.0,531532.0,82734.0,924067.0,61113.0,117717.0,218990.0,366918.0,738645.0,82281.26,15193.0,2714263.0,62778421.0,80346326.0,972592571.0,2215617561.0,50915.92,10799.0,2333252.0,38495414.0,290836.0,15135049.8,73978797.0,2465960.0,649111274.0,1675251712.0,31365.34,4394.0,381011.0,24283007.0,6367529.0,323481297.0,540365849.0,-0.8660254037844386,0.5000000000000001,30,0,0,0,0,0,0,0,0,0,0,0,0,0,0,0,0,0,0,0,0,0,0,0,0,0,0,0,0,0,0,0,0,0,0,0,0,0,0,0,0,0,0,0,0,0,0,0,0,0,0,0,0,0,0,0,0,0,0
2022-12-01,6214472.0,200467.0,1064041641.0,171.22,71.49,99.87,4593.0,1523448.0,6214472.0,287168.0,1397934.0,494881.0,693605.0,574115.0,88382.0,1040190.0,63009.0,120447.0,232956.0,414225.0,807560.0,6214472.0,252073.0,1394749.0,475597.0,690573.0,578801.0,91617.0,1051998.0,66362.0,122744.0,241852.0,418201.0,829905.0,82016.07,15174.0,2791527.0,65021640.0,84065328.0,1030445261.0,2330740968.0,50868.49,10776.0,2397920.0,39670027.0,301134.0,15381688.9,77416665.0,2497312.0,686139471.0,1755093732.0,31147.58,4398.0,393607.0,25351613.0,6648663.0,344305790.0,575647236.0,-0.5000000000000004,0.8660254037844384,31,0,0,0,0,0,0,0,0,0,0,0,0,0,0,0,0,0,0,0,0,0,0,0,0,0,0,0,0,0,0,0,0,0,0,0,0,0,0,0,0,0,0,0,0,0,0,0,0,0,0,0,0,0,0,0,0,0,0
2023-01-01,6089874.0,196448.0,1089449178.0,178.9,68.7,99.7,4923.0,1623191.0,6089874.0,279201.0,1271570.0,467038.0,673177.0,499700.0,93063.0,992068.0,79943.0,144326.0,276297.0,425754.0,887737.0,6089874.0,250262.0,1310347.0,484888.0,684488.0,515207.0,93279.0,970431.0,78837.0,141172.0,269955.0,420164.0,870844.0,81644.31,15165.0,2562705.0,61118994.0,70193492.0,897516156.0,1991831778.0,50869.17,10755.0,2186602.0,36121006.0,282789.0,13290719.22,64215293.0,2071461.0,572152051.0,1455278666.0,30775.14,4410.0,376103.0,24997988.0,5978199.0,325364105.0,536553112.0,0.0,1.0,31,0,0,0,0,0,0,0,0,0,0,0,0,0,0,0,0,0,0,0,0,0,0,0,0,0,0,0,0,0,0,0,0,0,0,0,0,0,0,0,0,0,0,0,0,0,0,0,0,0,0,0,0,0,0,0,0,0,0
2023-02-01,5497363.0,196334.0,944247901.0,171.76,69.07,98.67,4224.0,1399211.0,5497363.0,248860.0,1211519.0,397802.0,614683.0,509551.0,84983.0,925315.0,61845.0,115545.0,219099.0,371953.0,736208.0,5497363.0,222152.0,1228752.0,400847.0,610517.0,522262.0,85900.0,924474.0,61943.0,116405.0,216545.0,370026.0,737540.0,81528.1,15147.0,2439386.0,57392200.0,71953182.0,887051116.0,2018248569.0,50972.44,10798.0,2090936.0,34950325.0,274260.0,12833321.04,65973730.0,2356205.0,574180930.0,1500665060.0,30555.66,4349.0,348450.0,22441875.0,5979452.0,312870186.0,517583509.0,0.49999999999999994,0.8660254037844387,28,0,0,0,0,0,0,0,0,0,0,0,0,0,0,0,0,0,0,0,0,0,0,0,0,0,0,0,0,0,0,0,0,0,0,0,0,0,0,0,0,0,0,0,0,0,0,0,0,0,0,0,0,0,0,0,0,0,0
2023-03-01,5986367.0,193109.0,1032979546.0,172.56,69.94,99.69,4554.0,1511762.0,5986367.0,291999.0,1334070.0,434546.0,657083.0,556803.0,85674.0,1026485.0,63862.0,121650.0,235418.0,384325.0,794452.0,5986367.0,259380.0,1314912.0,426785.0,647702.0,564709.0,87457.0,1030600.0,67872.0,125819.0,243187.0,388491.0,829453.0,81809.49,15082.0,2767055.0,64384331.0,86074080.0,1013791170.0,2356750724.0,51309.33,10765.0,2378606.0,39522397.0,297468.0,14811504.05,79345853.0,2559544.0,677026209.0,1788772181.0,30500.16,4317.0,388449.0,24861934.0,6728227.0,336764961.0,567978543.0,0.8660254037844386,0.5000000000000001,31,0,0,0,0,0,0,0,0,0,0,0,0,0,0,0,0,0,0,0,0,0,0,0,0,0,0,0,0,0,0,0,0,0,0,0,0,0,0,0,0,0,0,0,0,0,0,0,0,0,0,0,0,0,0,0,0,0,0
2023-04-01,6213664.0,207122.0,1081527753.0,174.06,72.6,99.72,4616.0,1524875.0,6213664.0,290241.0,1308866.0,455579.0,690454.0,546826.0,92880.0,1056954.0,77897.0,141643.0,267542.0,411779.0,873003.0,6213664.0,257928.0,1356913.0,465578.0,680588.0,568128.0,94784.0,1057780.0,76756.0,138930.0,258394.0,403235.0,854650.0,81880.44,15052.0,2565162.0,61388489.0,77553811.0,954411442.0,2219079048.0,51517.73,10776.0,2193171.0,36665511.0,288097.0,13833052.74,70996345.0,2366545.0,607209524.0,1623211999.0,30362.71,4276.0,371991.0,24722978.0,6557466.0,347201918.0,595867049.0,1.0,6.123233995736766e-17,30,0,0,0,0,0,0,0,0,0,0,0,0,0,0,0,0,0,0,0,0,0,0,0,0,0,0,0,0,0,0,0,0,0,0,0,0,0,0,0,0,0,0,0,0,0,0,0,0,0,0,0,0,0,0,0,0,0,0
2023-05-01,5925155.0,191134.0,1009051871.0,170.3,68.44,98.81,4553.0,1509167.0,5925155.0,267249.0,1271650.0,426318.0,674943.0,553384.0,89276.0,1028601.0,66714.0,126658.0,247120.0,391640.0,781602.0,5925155.0,249572.0,1313589.0,436343.0,669290.0,570705.0,89517.0,1013631.0,65349.0,124912.0,239119.0,382405.0,770723.0,81976.37,15006.0,2730287.0,64504410.0,84651231.0,997965654.0,2354377188.0,51603.71,10753.0,2341119.0,39126057.0,294443.0,15210782.49,77929814.0,2513865.0,664126902.0,1776435305.0,30372.66,4253.0,389168.0,25378353.0,6721417.0,333838752.0,577941883.0,0.8660254037844387,-0.4999999999999998,31,0,0,0,0,0,0,0,0,0,0,0,0,0,0,0,0,0,0,0,0,0,0,0,0,0,0,0,0,0,0,0,0,0,0,0,0,0,0,0,0,0,0,0,0,0,0,0,0,0,0,0,0,0,0,0,0,0,0
2023-06-01,5879128.0,195971.0,1012051168.0,172.14,69.04,99.87,4539.0,1500375.0,5879128.0,279473.0,1261780.0,429541.0,689683.0,541078.0,86201.0,989223.0,65634.0,124080.0,238627.0,388306.0,785502.0,5879128.0,247802.0,1266255.0,427743.0,692108.0,556603.0,88134.0,990954.0,68677.0,126262.0,240928.0,384306.0,789356.0,82138.31,14952.0,2593739.0,61633044.0,76775302.0,919302279.0,2156330760.0,51806.45,10722.0,2222695.0,37285790.0,281039.0,15141685.41,70565124.0,2352171.0,602124435.0,1612345987.0,30331.86,4230.0,371044.0,24347254.0,6210178.0,317177844.0,543984773.0,0.49999999999999994,-0.8660254037844387,30,0,0,0,0,0,0,0,0,0,0,0,0,0,0,0,0,0,0,0,0,0,0,0,0,0,0,0,0,0,0,0,0,0,0,0,0,0,0,0,0,0,0,0,0,0,0,0,0,0,0,0,0,0,0,0,0,0,0
2023-07-01,6032903.0,194610.0,1030566248.0,170.82,69.91,99.87,4551.0,1508866.0,6032903.0,273391.0,1312018.0,434417.0,714460.0,565588.0,87261.0,1031029.0,66014.0,125427.0,240236.0,386897.0,796165.0,6032903.0,250691.0,1328504.0,434700.0,709798.0,584393.0,89024.0,1024584.0,66483.0,125868.0,238574.0,382606.0,797678.0,81353.57,14943.0,2634610.0,63018069.0,75098209.0,915425855.0,2165979770.0,51461.52,10730.0,2253827.0,37864485.0,280604.0,15314755.32,68820375.0,2220012.0,587407710.0,1594151794.0,29892.05,4213.0,380783.0,25153584.0,6277834.0,328018145.0,571827976.0,1.2246467991473532e-16,-1.0,31,0,0,0,0,0,0,0,0,0,0,0,0,0,0,0,0,0,0,0,0,0,0,0,0,0,0,0,0,0,0,0,0,0,0,0,0,0,0,0,0,0,0,0,0,0,0,0,0,0,0,0,0,0,0,0,0,0,0
2023-08-01,6222351.0,200721.0,1064587921.0,171.09,72.5,99.91,4530.0,1502983.0,6222351.0,288654.0,1346336.0,445646.0,735794.0,581368.0,90770.0,1054155.0,67477.0,129974.0,250014.0,406911.0,825252.0,6222351.0,261968.0,1364607.0,448171.0,729109.0,599688.0,92389.0,1057039.0,68767.0,130786.0,248721.0,400821.0,820285.0,82219.41,14923.0,2667334.0,63561025.0,78273089.0,952862050.0,2238475931.0,51983.75,10736.0,2283242.0,38357883.0,283045.0,15385639.46,71772481.0,2315241.0,615227322.0,1653813602.0,30235.66,4187.0,384092.0,25203142.0,6500608.0,337634728.0,584662329.0,-0.4999999999999997,-0.8660254037844388,31,0,0,0,0,0,0,0,0,0,0,0,0,0,0,0,0,0,0,0,0,0,0,0,0,0,0,0,0,0,0,0,0,0,0,0,0,0,0,0,0,0,0,0,0,0,0,0,0,0,0,0,0,0,0,0,0,0,0
2023-09-01,5826261.0,194209.0,980005765.0,168.2,67.3,98.87,4503.0,1490531.0,5826261.0,300049.0,1267576.0,425620.0,691863.0,570146.0,87171.0,987387.0,60428.0,120817.0,215555.0,365604.0,734045.0,5826261.0,253059.0,1232471.0,407612.0,674358.0,579728.0,93175.0,1010876.0,68742.0,131123.0,236085.0,376149.0,762883.0,81851.51,14851.0,2576207.0,61203554.0,81423412.0,957102683.0,2260885146.0,51673.86,10662.0,2206650.0,36840846.0,276779.0,14941724.44,74936677.0,2497889.0,635456986.0,1704997936.0,30177.65,4189.0,369557.0,24362708.0,6486735.0,321645697.0,555887210.0,-0.8660254037844385,-0.5000000000000004,30,0,0,0,0,0,0,0,0,0,0,0,0,0,0,0,0,0,0,0,0,0,0,0,0,0,0,0,0,0,0,0,0,0,0,0,0,0,0,0,0,0,0,0,0,0,0,0,0,0,0,0,0,0,0,0,0,0,0
2023-10-01,6428106.0,207358.0,1109028346.0,172.53,71.73,99.92,4794.0,1582421.0,6428106.0,302960.0,1323935.0,451891.0,752308.0,580072.0,99231.0,1102374.0,79033.0,147132.0,274631.0,430532.0,884007.0,6428106.0,275939.0,1414290.0,473637.0,750401.0,610679.0,96120.0,1081174.0,71283.0,137735.0,250978.0,414052.0,851818.0,81779.1,14774.0,2646057.0,63180172.0,84105596.0,1015477028.0,2382831853.0,51673.48,10576.0,2264991.0,37897401.0,281231.0,14511435.53,77199253.0,2490298.0,660169595.0,1773738960.0,30105.62,4198.0,381066.0,25282771.0,6906343.0,355307433.0,609092893.0,-1.0,-1.8369701987210297e-16,31,0,0,0,0,0,0,0,0,0,0,0,0,0,0,0,0,0,0,0,0,0,0,0,0,0,0,0,0,0,0,0,0,0,0,0,0,0,0,0,0,0,0,0,0,0,0,0,0,0,0,0,0,0,0,0,0,0,0
2023-11-01,6274964.0,209165.0,1074386058.0,171.22,74.24,99.89,4476.0,1481292.0,6274964.0,306105.0,1340666.0,448334.0,731180.0,589489.0,92732.0,1073999.0,67459.0,127662.0,245040.0,411619.0,840679.0,6274964.0,272898.0,1375515.0,448173.0,713133.0,603414.0,93709.0,1077220.0,68265.0,128312.0,245745.0,408122.0,840458.0,82017.72,14845.0,2673674.0,62388525.0,86132584.0,1024712533.0,2421383061.0,51991.55,10637.0,2296255.0,37796846.0,280771.0,13996171.36,79111143.0,2637038.0,676936288.0,1822899724.0,30026.17,4208.0,377419.0,24591679.0,7021441.0,347776245.0,598483337.0,-0.8660254037844386,0.5000000000000001,30,0,0,0,0,0,0,0,0,0,0,0,0,0,0,0,0,0,0,0,0,0,0,0,0,0,0,0,0,0,0,0,0,0,0,0,0,0,0,0,0,0,0,0,0,0,0,0,0,0,0,0,0,0,0,0,0,0,0
2023-12-01,6710532.0,216469.0,1136686814.0,169.39,74.41,99.96,4728.0,1563540.0,6710532.0,332100.0,1442644.0,515867.0,785005.0,631655.0,99467.0,1143432.0,72380.0,138184.0,259451.0,435333.0,855014.0,6710532.0,281192.0,1467931.0,500181.0,750678.0,640051.0,102339.0,1164234.0,75583.0,141038.0,266724.0,442422.0,878159.0,82288.23,14807.0,2687246.0,64143879.0,87371222.0,1055394550.0,2486941592.0,52409.46,10654.0,2297981.0,38555358.0,285926.0,13909276.62,80175564.0,2586309.0,687605727.0,1853562209.0,29878.77,4153.0,389265.0,25588521.0,7195658.0,367788823.0,633379383.0,-0.5000000000000004,0.8660254037844384,31,0,0,0,0,0,0,0,0,0,0,0,0,0,0,0,0,0,0,0,0,0,0,0,0,0,0,0,0,0,0,0,0,0,0,0,0,0,0,0,0,0,0,0,0,0,0,0,0,0,0,0,0,0,0,0,0,0,0
2024-01-01,6301769.0,203283.0,1082709220.0,171.81,69.7,99.98,4818.0,1590067.0,6301769.0,301538.0,1328378.0,445216.0,730498.0,589093.0,92390.0,1084707.0,70954.0,130623.0,246230.0,428539.0,853603.0,6301769.0,267471.0,1386171.0,457838.0,733762.0,612165.0,92865.0,1068832.0,70424.0,129537.0,239602.0,414959.0,828143.0,82968.91,14683.0,2712575.0,64097553.0,82453925.0,1015909171.0,2340774698.0,53079.71,10499.0,2323380.0,38719359.0,281458.0,13683018.02,75635123.0,2439843.0,669169495.0,1743522376.0,29889.2,4184.0,389195.0,25378194.0,6818802.0,346739676.0,597252322.0,0.0,1.0,31,0,0,0,0,0,0,0,0,0,0,0,0,0,0,0,0,0,0,0,0,0,0,0,0,0,0,0,0,0,0,0,0,0,0,0,0,0,0,0,0,0,0,0,0,0,0,0,0,0,0,0,0,0,0,0,0,0,0
2024-02-01,6380919.0,220032.0,1129866707.0,177.07,73.46,99.6,4793.0,1574372.0,6380919.0,311775.0,1270622.0,464839.0,732491.0,536795.0,99798.0,1024273.0,85743.0,154159.0,295571.0,465407.0,939446.0,6380919.0,257642.0,1318328.0,478111.0,712420.0,546641.0,101456.0,1025370.0,85038.0,154988.0,293341.0,463841.0,943743.0,82988.37,14665.0,2355284.0,56830774.0,70585386.0,904323094.0,2059030952.0,53282.19,10479.0,2005055.0,33532884.0,253774.0,11708071.47,64408029.0,2220967.0,570711980.0,1489122348.0,29706.18,4186.0,350229.0,23297890.0,6177357.0,333611114.0,569908604.0,0.49999999999999994,0.8660254037844387,29,0,0,0,0,0,0,0,0,0,0,0,0,0,0,0,0,0,0,0,0,0,0,0,0,0,0,0,0,0,0,0,0,0,0,0,0,0,0,0,0,0,0,0,0,0,0,0,0,0,0,0,0,0,0,0,0,0,0
2024-03-01,6796713.0,219249.0,1156288444.0,170.12,74.47,100.0,4805.0,1589157.0,6796713.0,331037.0,1417898.0,475582.0,769481.0,614496.0,102378.0,1159022.0,78039.0,147897.0,284107.0,502292.0,914484.0,6796713.0,291136.0,1445477.0,477465.0,745420.0,626735.0,105187.0,1159011.0,79480.0,150929.0,283926.0,494517.0,937430.0,83082.91,14684.0,2682801.0,63468498.0,86684492.0,1064942070.0,2457188947.0,53366.13,10498.0,2297652.0,38374691.0,286672.0,13672778.76,79495513.0,2564371.0,703604444.0,1831584871.0,29716.78,4186.0,385149.0,25093807.0,7188979.0,361337626.0,625604076.0,0.8660254037844386,0.5000000000000001,31,0,0,0,0,0,0,0,0,0,0,0,0,0,0,0,0,0,0,0,0,0,0,0,0,0,0,0,0,0,0,0,0,0,0,0,0,0,0,0,0,0,0,0,0,0,0,0,0,0,0,0,0,0,0,0,0,0,0
2024-04-01,6405938.0,213531.0,1109428058.0,173.19,73.36,98.81,4692.0,1547902.0,6405938.0,325273.0,1323483.0,449411.0,743834.0,582089.0,96105.0,1083724.0,76964.0,147727.0,276006.0,420170.0,881152.0,6405938.0,277743.0,1384125.0,461060.0,723656.0,597310.0,98071.0,1087289.0,76948.0,146760.0,272920.0,417802.0,862254.0,83287.67,14413.0,2578975.0,61456175.0,82168598.0,1023888915.0,2323997147.0,53325.58,10502.0,2208878.0,37012362.0,277896.0,13743108.21,75370081.0,2512336.0,664515547.0,1727234968.0,29962.09,3911.0,370097.0,24443813.0,6798517.0,359373368.0,596762179.0,1.0,6.123233995736766e-17,30,0,0,0,0,0,0,0,0,0,0,0,0,0,0,0,0,0,0,0,0,0,0,0,0,0,0,0,0,0,0,0,0,0,0,0,0,0,0,0,0,0,0,0,0,0,0,0,0,0,0,0,0,0,0,0,0,0,0
2024-05-01,6388798.0,206090.0,1083729042.0,169.63,70.52,99.89,4759.0,1573033.0,6388798.0,313326.0,1351945.0,441461.0,753703.0,612141.0,96859.0,1100770.0,69781.0,136459.0,255554.0,431027.0,825772.0,6388798.0,275266.0,1390785.0,444758.0,737245.0,620027.0,98951.0,1103710.0,71764.0,138537.0,254105.0,429721.0,823929.0,83207.48,14398.0,2689210.0,63819399.0,88235246.0,1074516057.0,2473455311.0,53705.31,10497.0,2302518.0,38609696.0,290054.0,14507937.63,81160478.0,2618080.0,710533614.0,1861259905.0,29502.17,3901.0,386692.0,25209703.0,7074768.0,363982443.0,612195406.0,0.8660254037844387,-0.4999999999999998,31,0,0,0,0,0,0,0,0,0,0,0,0,0,0,0,0,0,0,0,0,0,0,0,0,0,0,0,0,0,0,0,0,0,0,0,0,0,0,0,0,0,0,0,0,0,0,0,0,0,0,0,0,0,0,0,0,0,0
2024-06-01,6450603.0,215020.0,1107392284.0,171.67,73.48,99.74,4671.0,1542575.0,6450603.0,335616.0,1347294.0,442929.0,761896.0,603595.0,96886.0,1092782.0,72646.0,138952.0,263845.0,442858.0,851304.0,6450603.0,293251.0,1386494.0,447777.0,751662.0,619139.0,97578.0,1090184.0,73003.0,139316.0,261865.0,438503.0,851831.0,83755.1,14407.0,2531925.0,60929279.0,79090606.0,994328984.0,2251724240.0,54254.2,10507.0,2159994.0,36326956.0,274526.0,14086533.3,72512643.0,2417088.0,642579762.0,1667247725.0,29500.9,3900.0,371931.0,24602323.0,6577963.0,351749222.0,584476515.0,0.49999999999999994,-0.8660254037844387,30,0,0,0,0,0,0,0,0,0,0,0,0,0,0,0,0,0,0,0,0,0,0,0,0,0,0,0,0,0,0,0,0,0,0,0,0,0,0,0,0,0,0,0,0,0,0,0,0,0,0,0,0,0,0,0,0,0,0
2024-07-01,6255805.0,201800.0,1066961926.0,170.56,69.74,97.28,4736.0,1566037.0,6255805.0,303081.0,1319199.0,431107.0,766560.0,592608.0,91691.0,1041822.0,68501.0,130661.0,251846.0,421155.0,837574.0,6255805.0,271238.0,1359410.0,436649.0,748291.0,610105.0,93168.0,1040120.0,68937.0,131562.0,248247.0,416132.0,831946.0,83288.63,14391.0,2527294.0,60189478.0,75525486.0,945372677.0,2164354820.0,54122.49,10495.0,2166846.0,36353204.0,274046.0,14471831.77,69337193.0,2236684.0,616155808.0,1605681044.0,29166.14,3896.0,360448.0,23836274.0,6188293.0,329216869.0,558673776.0,1.2246467991473532e-16,-1.0,31,0,0,0,0,0,0,0,0,0,0,0,0,0,0,0,0,0,0,0,0,0,0,0,0,0,0,0,0,0,0,0,0,0,0,0,0,0,0,0,0,0,0,0,0,0,0,0,0,0,0,0,0,0,0,0,0,0,0
2024-08-01,6752455.0,217821.0,1145940668.0,169.71,72.28,99.82,4908.0,1622687.0,6752455.0,335890.0,1437840.0,461855.0,804753.0,647657.0,99360.0,1124328.0,73193.0,139666.0,268629.0,470138.0,889146.0,6752455.0,295791.0,1468032.0,462996.0,785642.0,655836.0,102203.0,1134537.0,75377.0,142478.0,270261.0,472062.0,887240.0,84414.07,14381.0,2637437.0,63426558.0,80487027.0,1019986992.0,2329181728.0,54925.7,10491.0,2251895.0,37961987.0,280108.0,14976407.8,73650024.0,2375807.0,653317595.0,1703487529.0,29488.37,3890.0,385542.0,25464571.0,6837003.0,366669397.0,625694199.0,-0.4999999999999997,-0.8660254037844388,31,0,0,0,0,0,0,0,0,0,0,0,0,0,0,0,0,0,0,0,0,0,0,0,0,0,0,0,0,0,0,0,0,0,0,0,0,0,0,0,0,0,0,0,0,0,0,0,0,0,0,0,0,0,0,0,0,0,0
2024-09-01,6493172.0,216439.0,1106915518.0,170.47,70.23,100.0,4895.0,1613130.0,6493172.0,343354.0,1333457.0,440178.0,764965.0,616715.0,98890.0,1101391.0,74290.0,141549.0,262182.0,423051.0,893150.0,6493172.0,303886.0,1394012.0,451911.0,746162.0,635078.0,99430.0,1098171.0,73042.0,140052.0,254522.0,414970.0,881936.0,85542.89,14404.0,2557694.0,61144279.0,82010801.0,1020169829.0,2338318827.0,56014.4,10511.0,2185100.0,36577580.0,275084.0,14382685.81,75225950.0,2507532.0,668064505.0,1729960734.0,29528.49,3893.0,372594.0,24566699.0,6784851.0,352105324.0,608358093.0,-0.8660254037844385,-0.5000000000000004,30,0,0,0,0,0,0,0,0,0,0,0,0,0,0,0,0,0,0,0,0,0,0,0,0,0,0,0,0,0,0,0,0,0,0,0,0,0,0,0,0,0,0,0,0,0,0,0,0,0,0,0,0,0,0,0,0,0,0
2024-10-01,6153242.0,198492.0,1028684484.0,167.18,67.91,99.53,4718.0,1550386.0,6153242.0,305947.0,1295528.0,417031.0,746254.0,582207.0,93649.0,1060525.0,72129.0,148355.0,247745.0,398206.0,785666.0,6153242.0,268351.0,1337731.0,420384.0,726669.0,597058.0,94696.0,1058226.0,73231.0,149470.0,247130.0,395949.0,784347.0,84182.38,14398.0,2475024.0,58315882.0,80311649.0,981201500.0,2274677552.0,54649.53,10500.0,2130329.0,35813180.0,273983.0,13363368.46,73888147.0,2383489.0,652877477.0,1702753569.0,29532.85,3898.0,344695.0,22502702.0,6423502.0,328324023.0,571923983.0,-1.0,-1.8369701987210297e-16,31,0,0,0,0,0,0,0,0,0,0,0,0,0,0,0,0,0,0,0,0,0,0,0,0,0,0,0,0,0,0,0,0,0,0,0,0,0,0,0,0,0,0,0,0,0,0,0,0,0,0,0,0,0,0,0,0,0,0
2024-11-01,6720644.0,224021.0,1133678095.0,168.69,71.62,99.49,4901.0,1620222.0,6720644.0,339301.0,1443191.0,462335.0,803086.0,639170.0,104703.0,1143343.0,73011.0,138390.0,260588.0,438165.0,875361.0,6720644.0,293278.0,1482512.0,458214.0,777115.0,646068.0,106906.0,1153362.0,76042.0,140993.0,265859.0,440251.0,880044.0,86715.98,14457.0,2578636.0,61041863.0,85401388.0,1048885245.0,2431477774.0,56952.14,10546.0,2209771.0,37165036.0,280081.0,13756513.27,78596536.0,2619885.0,697834372.0,1819628256.0,29763.84,3911.0,368865.0,23876827.0,6804852.0,351050873.0,611849518.0,-0.8660254037844386,0.5000000000000001,30,0,0,0,0,0,0,0,0,0,0,0,0,0,0,0,0,0,0,0,0,0,0,0,0,0,0,0,0,0,0,0,0,0,0,0,0,0,0,0,0,0,0,0,0,0,0,0,0,0,0,0,0,0,0,0,0,0,0
2024-12-01,7150425.0,230659.0,1199600581.0,167.77,73.86,99.8,5033.0,1662471.0,7150425.0,362362.0,1525729.0,508504.0,857290.0,673797.0,108634.0,1221279.0,77804.0,147955.0,281005.0,466668.0,919398.0,7150425.0,313943.0,1606770.0,508103.0,829065.0,683760.0,108556.0,1218638.0,75599.0,145786.0,274747.0,465665.0,919793.0,87956.24,14433.0,2688634.0,63545364.0,88698348.0,1094052352.0,2526013282.0,58358.81,10554.0,2304250.0,38786508.0,291858.0,13862468.39,81482815.0,2628478.0,724979504.0,1876593558.0,29597.43,3879.0,384384.0,24758856.0,7215533.0,369072848.0,649419724.0,-0.5000000000000004,0.8660254037844384,31,0,0,0,0,0,0,0,0,0,0,0,0,0,0,0,0,0,0,0,0,0,0,0,0,0,0,0,0,0,0,0,0,0,0,0,0,0,0,0,0,0,0,0,0,0,0,0,0,0,0,0,0,0,0,0,0,0,0
2025-01-01,6682762.0,215573.0,1155999949.0,172.98,70.09,96.14,5130.0,1688025.0,6682762.0,360796.0,1421993.0,505077.0,803272.0,596134.0,103002.0,1076326.0,79792.0,143796.0,266143.0,436658.0,889773.0,6682762.0,275574.0,1356368.0,468532.0,785892.0,594442.0,110326.0,1103967.0,92383.0,163720.0,305374.0,460394.0,965790.0,88655.76,14376.0,2514288.0,60996364.0,75989282.0,955714400.0,2206540822.0,59242.83,10495.0,2143524.0,36596539.0,277141.0,12741750.71,69727462.0,2249273.0,624463642.0,1644024068.0,29412.93,3881.0,370764.0,24399825.0,6261820.0,331250758.0,562516754.0,0.0,1.0,31,0,0,0,0,0,0,0,0,0,0,0,0,0,0,0,0,0,0,0,0,0,0,0,0,0,0,0,0,0,0,0,0,0,0,0,0,0,0,0,0,0,0,0,0,0,0,0,0,0,0,0,0,0,0,0,0,0,0
2025-02-01,6282609.0,224379.0,1043595100.0,166.11,70.03,99.98,4674.0,1525317.0,6282609.0,296596.0,1260430.0,436142.0,833953.0,594433.0,99372.0,1024039.0,74199.0,137419.0,260379.0,406128.0,859519.0,6282609.0,274756.0,1383751.0,480990.0,831176.0,613188.0,98244.0,1002979.0,67370.0,123603.0,231299.0,384303.0,790950.0,88841.36,14338.0,2353330.0,56165175.0,74245482.0,925680131.0,2222356003.0,59428.43,10481.0,2010868.0,34141528.0,258812.0,11732734.41,68145073.0,2433753.0,609239308.0,1669190543.0,29412.93,3857.0,342462.0,22023647.0,6100409.0,316440823.0,553165460.0,0.49999999999999994,0.8660254037844387,28,0,0,0,0,0,0,0,0,0,0,0,0,0,0,0,0,0,0,0,0,0,0,0,0,0,0,0,0,0,0,0,0,0,0,0,0,0,0,0,0,0,0,0,0,0,0,0,0,0,0,0,0,0,0,0,0,0,0
2025-03-01,6864874.0,221448.0,1160279946.0,169.02,72.19,99.78,4976.0,1645100.0,6864874.0,362600.0,1426062.0,481905.0,799775.0,638576.0,106833.0,1181489.0,82083.0,150678.0,290465.0,444719.0,899689.0,6864874.0,325272.0,1496490.0,496086.0,782838.0,658985.0,105802.0,1169069.0,79117.0,148206.0,281022.0,433713.0,888274.0,89092.82,14308.0,2631139.0,62667699.0,86168171.0,1062873769.0,2557899306.0,59681.23,10447.0,2251142.0,38160729.0,289075.0,13409584.54,79150036.0,2553227.0,705887662.0,1932131234.0,29411.59,3861.0,379997.0,24506970.0,7018135.0,356986107.0,625768072.0,0.8660254037844386,0.5000000000000001,31,0,0,0,0,0,0,0,0,0,0,0,0,0,0,0,0,0,0,0,0,0,0,0,0,0,0,0,0,0,0,0,0,0,0,0,0,0,0,0,0,0,0,0,0,0,0,0,0,0,0,0,0,0,0,0,0,0,0
2025-04-01,6711350.0,223712.0,1141101883.0,170.03,71.65,98.46,4947.0,1630137.0,6711350.0,370557.0,1360399.0,473695.0,803400.0,620093.0,104139.0,1121898.0,79847.0,152140.0,295076.0,446829.0,883277.0,6711350.0,313545.0,1421353.0,483322.0,779230.0,632635.0,106262.0,1125990.0,80192.0,151721.0,293098.0,448541.0,875461.0,90405.08,14341.0,2558110.0,60952698.0,82874901.0,1032034755.0,2471840917.0,60196.7,10487.0,2188922.0,37058903.0,280466.0,13618070.56,75986134.0,2532871.0,677522410.0,1864464820.0,30208.38,3854.0,369188.0,23893795.0,6888767.0,354512345.0,607376097.0,1.0,6.123233995736766e-17,30,0,0,0,0,0,0,0,0,0,0,0,0,0,0,0,0,0,0,0,0,0,0,0,0,0,0,0,0,0,0,0,0,0,0,0,0,0,0,0,0,0,0,0,0,0,0,0,0,0,0,0,0,0,0,0,0,0,0
2025-05-01,6839329.0,220624.0,1145556046.0,167.5,69.78,100.0,5087.0,1680345.0,6839329.0,371134.0,1402744.0,493032.0,805291.0,651311.0,114752.0,1162715.0,78550.0,158763.0,281907.0,435181.0,883949.0,6839329.0,310874.0,1415041.0,485911.0,789090.0,659368.0,121816.0,1168608.0,84749.0,161588.0,294753.0,439519.0,908012.0,90244.14,14297.0,2648046.0,63308100.0,85628803.0,1063214272.0,2552229785.0,60164.21,10465.0,2265609.0,38369691.0,290038.0,14476494.88,78618027.0,2536065.0,699906745.0,1923865893.0,30079.93,3832.0,382437.0,24938409.0,7010776.0,363307527.0,628363892.0,0.8660254037844387,-0.4999999999999998,31,0,0,0,0,0,0,0,0,0,0,0,0,0,0,0,0,0,0,0,0,0,0,0,0,0,0,0,0,0,0,0,0,0,0,0,0,0,0,0,0,0,0,0,0,0,0,0,0,0,0,0,0,0,0,0,0,0,0
2025-06-01,6466332.0,215544.0,1081535368.0,167.26,69.03,99.73,4855.0,1603594.0,6466332.0,330313.0,1328241.0,448699.0,781330.0,619995.0,104024.0,1105436.0,74481.0,139080.0,269507.0,421962.0,843264.0,6466332.0,304334.0,1409050.0,469068.0,772721.0,642228.0,102291.0,1089313.0,69387.0,132910.0,254505.0,407432.0,813093.0,90955.41,14252.0,2558579.0,61212582.0,81077341.0,1006123373.0,2420247429.0,60162.61,10439.0,2188936.0,37148126.0,281346.0,14113145.12,74481392.0,2482713.0,664316791.0,1825276980.0,30792.8,3813.0,369643.0,24064456.0,6595949.0,341806582.0,594970449.0,0.49999999999999994,-0.8660254037844387,30,0,0,0,0,0,0,0,0,0,0,0,0,0,0,0,0,0,0,0,0,0,0,0,0,0,0,0,0,0,0,0,0,0,0,0,0,0,0,0,0,0,0,0,0,0,0,0,0,0,0,0,0,0,0,0,0,0,0
2025-07-01,6673172.0,215264.0,1110348056.0,166.39,69.89,99.49,4931.0,1626107.0,6673172.0,345576.0,1409212.0,469770.0,813213.0,650535.0,104946.0,1129048.0,73039.0,141460.0,262987.0,419852.0,853534.0,6673172.0,302331.0,1456118.0,472090.0,796873.0,663483.0,106284.0,1126031.0,73507.0,142165.0,261984.0,418402.0,853904.0,90484.91,14277.0,2614111.0,62157686.0,80127946.0,995134167.0,2396674411.0,60369.89,10456.0,2241918.0,38014215.0,284759.0,14266174.62,73711131.0,2377778.0,655199539.0,1798490797.0,30115.02,3821.0,372193.0,24143471.0,6416815.0,339934628.0,598183614.0,1.2246467991473532e-16,-1.0,31,0,0,0,0,0,0,0,0,0,0,0,0,0,0,0,0,0,0,0,0,0,0,0,0,0,0,0,0,0,0,0,0,0,0,0,0,0,0,0,0,0,0,0,0,0,0,0,0,0,0,0,0,0,0,0,0,0,0
2025-08-01,7241359.0,233592.0,1204744641.0,166.37,74.32,99.5,5023.0,1659111.0,7241359.0,393082.0,1516365.0,504770.0,868791.0,706517.0,115436.0,1226091.0,84239.0,152963.0,287685.0,454837.0,930583.0,7241359.0,342010.0,1569094.0,514702.0,849062.0,724274.0,117417.0,1228032.0,83492.0,152319.0,285481.0,450887.0,924589.0,91257.81,14252.0,2560180.0,62509387.0,80720701.0,1032407767.0,2462778824.0,61170.17,10455.0,2182913.0,37707231.0,282470.0,14209654.79,73909015.0,2384162.0,658176022.0,1805491894.0,30087.64,3797.0,377267.0,24802156.0,6811686.0,374231745.0,657286930.0,-0.4999999999999997,-0.8660254037844388,31,0,0,0,0,0,0,0,0,0,0,0,0,0,0,0,0,0,0,0,0,0,0,0,0,0,0,0,0,0,0,0,0,0,0,0,0,0,0,0,0,0,0,0,0,0,0,0,0,0,0,0,0,0,0,0,0,0,0
2025-09-01,6485407.0,216180.0,1056303527.0,162.87,67.29,99.92,4859.0,1606828.0,6485407.0,359021.0,1338583.0,452505.0,793855.0,653300.0,105491.0,1105440.0,71867.0,140198.0,251849.0,407669.0,805629.0,6485407.0,316590.0,1384691.0,458039.0,774804.0,665252.0,106484.0,1106378.0,71651.0,141098.0,249490.0,405783.0,805147.0,90870.09,14283.0,2535484.0,61218400.0,84197100.0,1034602135.0,2484364360.0,60642.04,10470.0,2167207.0,37487810.0,284752.0,13937553.69,77385756.0,2579525.0,687441927.0,1875722949.0,30228.05,3813.0,368277.0,23730590.0,6811344.0,347160208.0,608641411.0,-0.8660254037844385,-0.5000000000000004,30,0,0,0,0,0,0,0,0,0,0,0,0,0,0,0,0,0,0,0,0,0,0,0,0,0,0,0,0,0,0,0,0,0,0,0,0,0,0,0,0,0,0,0,0,0,0,0,0,0,0,0,0,0,0,0,0,0,0
2025-10-01,7351690.0,237151.0,1246878088.0,169.6,74.5,99.85,5197.0,1713146.0,7351690.0,400641.0,1467682.0,517949.0,871391.0,679133.0,119220.0,1237635.0,92283.0,178493.0,308442.0,475847.0,1002974.0,7351690.0,329087.0,1524685.0,527331.0,848862.0,693820.0,121631.0,1240862.0,94746.0,181153.0,309874.0,475739.0,1003900.0,91130.84,14358.0,2557870.0,62720338.0,85476190.0,1076368656.0,2541206969.0,60949.28,10519.0,2178541.0,38076113.0,290970.0,13730340.51,78343972.0,2527225.0,696379250.0,1898896587.0,30181.56,3839.0,379329.0,24644225.0,7132218.0,379989406.0,642310382.0,-1.0,-1.8369701987210297e-16,31,0,0,0,0,0,0,0,0,0,0,0,0,0,0,0,0,0,0,0,0,0,0,0,0,0,0,0,0,0,0,0,0,0,0,0,0,0,0,0,0,0,0,0,0,0,0,0,0,0,0,0,0,0,0,0,0,0,0
2025-11-01,7064162.0,235472.0,1172955128.0,166.04,74.66,99.96,4871.0,1608049.0,7064162.0,368593.0,1466301.0,496316.0,846421.0,674157.0,113513.0,1204282.0,80805.0,149962.0,282867.0,454768.0,926177.0,7064162.0,311473.0,1533993.0,499543.0,816937.0,695172.0,114669.0,1204174.0,79675.0,149440.0,281456.0,452118.0,925512.0,92018.77,14386.0,2472731.0,60112006.0,85192945.0,1059049495.0,2546816732.0,61857.31,10539.0,2113487.0,36774506.0,279538.0,12510858.63,78228221.0,2607607.0,695559759.0,1902343123.0,30161.46,3847.0,359244.0,23337500.0,6964724.0,363489736.0,644473609.0,-0.8660254037844386,0.5000000000000001,30,0,0,0,0,0,0,0,0,0,0,0,0,0,0,0,0,0,0,0,0,0,0,0,0,0,0,0,0,0,0,0,0,0,0,0,0,0,0,0,0,0,0,0,0,0,0,0,0,0,0,0,0,0,0,0,0,0,0
2025-12-01,7407572.0,238954.0,1228685908.0,165.87,75.31,99.09,5056.0,1669809.0,7407572.0,394092.0,1519140.0,541593.0,896199.0,707405.0,118439.0,1255343.0,82636.0,155355.0,302575.0,474833.0,959962.0,7407572.0,336826.0,1582453.0,540408.0,861274.0,716784.0,119880.0,1262324.0,83051.0,156188.0,304011.0,474114.0,970259.0,92535.81,14431.0,2617568.0,62629485.0,89835389.0,1114203269.0,2674405932.0,62418.75,10582.0,2240166.0,38493729.0,293218.0,12679614.0,82512665.0,2661699.0,736757588.0,2004979527.0,30117.06,3849.0,377402.0,24135756.0,7322724.0,377445681.0,669426405.0,-0.5000000000000004,0.8660254037844384,31,0,0,0,0,0,0,0,0,0,0,0,0,0,0,0,0,0,0,0,0,0,0,0,0,0,0,0,0,0,0,0,0,0,0,0,0,0,0,0,0,0,0,0,0,0,0,0,0,0,0,0,0,0,0,0,0,0,0
2026-01-01,6712553.0,216534.0,1106803941.0,164.89,68.14,99.72,5032.0,1662661.0,6712553.0,347479.0,1400794.0,476725.0,811956.0,655275.0,107256.0,1143636.0,76935.0,138666.0,265485.0,432825.0,855521.0,6712553.0,304803.0,1443995.0,479079.0,808337.0,669189.0,109404.0,1141320.0,79022.0,138460.0,266774.0,426289.0,845881.0,92492.51,14408.0,2591078.0,62688900.0,83721072.0,1044466431.0,2496393595.0,62371.65,10584.0,2215743.0,38631752.0,287943.0,12103913.65,76793911.0,2477223.0,690691297.0,1867236477.0,30120.86,3824.0,375335.0,24057148.0,6927161.0,353775134.0,629157118.0,0.0,1.0,31,0,0,0,0,0,0,0,0,0,0,0,0,0,0,0,0,0,0,0,0,0,0,0,0,0,0,0,0,0,0,0,0,0,0,0,0,0,0,0,0,0,0,0,0,0,0,0,0,0,0,0,0,0,0,0,0,0,0
2026-02-01,6740289.0,240725.0,1178337409.0,174.82,74.33,99.94,4947.0,1622664.0,6740289.0,369455.0,1319334.0,496034.0,799983.0,577152.0,112682.0,1081529.0,95631.0,163999.0,312359.0,459462.0,952669.0,6740289.0,300302.0,1363009.0,507821.0,777514.0,587723.0,114444.0,1082872.0,96151.0,165644.0,315203.0,469865.0,959741.0,92755.19,14406.0,2140691.0,53113967.0,66290104.0,891943839.0,2025778611.0,62632.58,10615.0,1816199.0,31751103.0,245473.0,9654822.49,60425565.0,2158056.0,561539101.0,1481221306.0,30122.61,3791.0,324492.0,21362864.0,5864539.0,330404738.0,544557305.0,0.49999999999999994,0.8660254037844387,28,0,0,0,0,0,0,0,0,0,0,0,0,0,0,0,0,0,0,0,0,0,0,0,0,0,0,0,0,0,0,0,0,0,0,0,0,0,0,0,0,0,0,0,0,0,0,0,0,0,0,0,0,0,0,0,0,0,0
2026-03-01,7431269.0,239718.0,1225645298.0,164.93,73.17,99.88,5208.0,1714594.0,7431269.0,378541.0,1517151.0,516674.0,877457.0,692556.0,123797.0,1255828.0,90631.0,164948.0,378728.0,486206.0,948752.0,7431269.0,331500.0,1586252.0,529666.0,855388.0,712083.0,123713.0,1248636.0,89004.0,164774.0,372328.0,474881.0,943044.0,93567.69,14372.0,2576489.0,62230327.0,88230923.0,1096183503.0,2624813862.0,63444.38,10610.0,2203682.0,38450758.0,291675.0,11862288.89,80841918.0,2607804.0,721626551.0,1961735585.0,30123.31,3762.0,372807.0,23779569.0,7389005.0,374556952.0,663078277.0,0.8660254037844386,0.5000000000000001,31,0,0,0,0,0,0,0,0,0,0,0,0,0,0,0,0,0,0,0,0,0,0,0,0,0,0,0,0,0,0,0,0,0,0,0,0,0,0,0,0,0,0,0,0,0,0,0,0,0,0,0,0,0,0,0,0,0,0
2026-04-01,7220802.0,240693.0,1210081573.0,167.58,74.33,99.9,5070.0,1666403.0,7220802.0,393529.0,1457139.0,520132.0,849834.0,669773.0,124314.0,1210811.0,90156.0,175109.0,319795.0,468472.0,941738.0,7220802.0,322997.0,1506715.0,526711.0,826526.0,682555.0,128581.0,1210463.0,94535.0,175378.0,324761.0,473118.0,948462.0,93476.62,14467.0,2463551.0,59491632.0,82679564.0,1054303359.0,2469698178.0,63382.46,10708.0,2105401.0,36561531.0,279120.0,11619038.84,75649022.0,2521634.0,689155426.0,1841848086.0,30094.16,3759.0,358150.0,22930101.0,7030542.0,365147933.0,627850092.0,1.0,6.123233995736766e-17,30,0,0,0,0,0,0,0,0,0,0,0,0,0,0,0,0,0,0,0,0,0,0,0,0,0,0,0,0,0,0,0,0,0,0,0,0,0,0,0,0,0,0,0,0,0,0,0,0,0,0,0,0,0,0,0,0,0,0
2026-05-01,7263085.0,234293.0,1197637903.0,164.89,73.11,97.68,5089.0,1676805.0,7263085.0,380330.0,1467348.0,516773.0,860490.0,699698.0,125103.0,1238296.0,87050.0,162139.0,319326.0,482360.0,924172.0,7263085.0,326949.0,1545005.0,528789.0,841391.0,720415.0,125806.0,1228184.0,84821.0,161810.0,312537.0,471513.0,915865.0,93584.25,14428.0,2586221.0,61524105.0,86625564.0,1103520323.0,2614439707.0,63368.12,10683.0,2217370.0,37875296.0,285459.0,11851708.37,79303407.0,2558174.0,729037364.0,1948514555.0,30216.13,3745.0,368851.0,23648809.0,7322157.0,374482959.0,665925152.0,0.8660254037844387,-0.4999999999999998,31,0,0,0,0,0,0,0,0,0,0,0,0,0,0,0,0,0,0,0,0,0,0,0,0,0,0,0,0,0,0,0,0,0,0,0,0,0,0,0,0,0,0,0,0,0,0,0,0,0,0,0,0,0,0,0,0,0,0
2026-06-01,6706233.0,223541.0,1106627615.0,165.01,69.66,99.7,4925.0,1626120.0,6706233.0,373891.0,1359036.0,479717.0,814795.0,655644.0,109381.0,1128066.0,77920.0,148300.0,272738.0,432681.0,854064.0,6706233.0,327534.0,1399811.0,484606.0,800875.0,672870.0,110617.0,1122765.0,79024.0,148964.0,273369.0,430303.0,855495.0,93939.95,14339.0,2456380.0,59383817.0,81339196.0,1000479669.0,2413904547.0,64045.8,10593.0,2100165.0,36683978.0,280537.0,11748674.26,74870009.0,2495667.0,668572999.0,1836479920.0,29894.15,3746.0,356215.0,22699839.0,6469187.0,331906670.0,577424627.0,0.49999999999999994,-0.8660254037844387,30,0,0,0,0,0,0,0,0,0,0,0,0,0,0,0,0,0,0,0,0,0,0,0,0,0,0,0,0,0,0,0,0,0,0,0,0,0,0,0,0,0,0,0,0,0,0,0,0,0,0,0,0,0,0,0,0,0,0
2026-07-01,6966027.0,224711.0,1151275447.0,165.27,70.24,100.0,5079.0,1677647.0,6966027.0,374313.0,1434891.0,497086.0,851715.0,685746.0,111491.0,1152808.0,78245.0,146863.0,278887.0,446547.0,907435.0,6966027.0,324747.0,1471888.0,495709.0,835166.0,694925.0,112396.0,1153512.0,80621.0,149305.0,284186.0,448978.0,914594.0,93892.6,14313.0,2481152.0,59842923.0,79185573.0,990492992.0,2414803115.0,64400.85,10594.0,2128611.0,37315755.0,279258.0,11547399.05,72753686.0,2346893.0,654559995.0,1814442523.0,29491.75,3719.0,352541.0,22527168.0,6431887.0,335932997.0,600360592.0,1.2246467991473532e-16,-1.0,31,0,0,0,0,0,0,0,0,0,0,0,0,0,0,0,0,0,0,0,0,0,0,0,0,0,0,0,0,0,0,0,0,0,0,0,0,0,0,0,0,0,0,0,0,0,0,0,0,0,0,0,0,0,0,0,0,0,0
