dataset,date,column,value,reason,lower_bound,upper_bound
bus,2011-01-01,bus_total_route_km,62634.88,historical_seasonal_iqr,62653.993750000016,71621.14374999999
bus,2011-02-01,bus_total_route_km,62889.13,historical_seasonal_iqr,62923.88125000002,70996.85124999999
bus,2011-03-01,bus_total_route_km,62714.16,historical_seasonal_iqr,62943.075,70680.21500000001
bus,2011-04-01,bus_total_route_km,62799.86,historical_seasonal_iqr,63948.89999999998,69244.20000000003
bus,2011-05-01,bus_total_route_km,62825.46,historical_seasonal_iqr,65466.65000000001,68158.74999999999
bus,2011-06-01,bus_total_route_km,62387.46,historical_seasonal_iqr,64568.287499999984,69046.88750000001
bus,2011-07-01,bus_total_route_km,61301.69,historical_seasonal_iqr,65449.262500000004,68387.5625
bus,2011-08-01,bus_total_route_km,61822.04,historical_seasonal_iqr,65169.281250000015,70985.63124999999
bus,2011-09-01,bus_total_route_km,61827.21,historical_seasonal_iqr,65962.1375,68110.6375
bus,2011-10-01,bus_total_route_km,61957.51,historical_seasonal_iqr,65100.612499999996,68526.3125
bus,2011-11-01,bus_total_route_km,62176.53,historical_seasonal_iqr,65309.53125000001,68516.58124999999
bus,2011-12-01,bus_total_route_km,62180.43,historical_seasonal_iqr,64648.674999999974,68913.47500000002
bus,2012-01-01,bus_total_route_km,62409.98,historical_seasonal_iqr,62429.125000000015,71563.72499999999
bus,2012-02-01,bus_total_route_km,62091.75,historical_seasonal_iqr,63247.000000000015,70122.59999999999
bus,2012-03-01,bus_total_route_km,62099.8,historical_seasonal_iqr,63483.22499999998,69649.02500000002
bus,2012-04-01,bus_total_route_km,62058.78,historical_seasonal_iqr,64200.599999999984,68628.20000000001
bus,2012-05-01,bus_total_route_km,62140.88,historical_seasonal_iqr,64632.575000000004,68200.375
bus,2012-06-01,bus_total_route_km,61862.58,historical_seasonal_iqr,63276.67500000001,69324.475
bus,2012-07-01,bus_total_route_km,61851.68,historical_seasonal_iqr,65291.650000000016,68092.04999999999
bus,2012-08-01,bus_total_route_km,61507.38,historical_seasonal_iqr,66237.0,69157.0
bus,2012-09-01,bus_total_route_km,61717.83,historical_seasonal_iqr,63713.899999999994,69185.9
bus,2012-10-01,bus_total_route_km,61852.0,historical_seasonal_iqr,63128.59999999999,69376.60000000002
bus,2012-11-01,bus_total_route_km,62049.85,historical_seasonal_iqr,63518.325,69015.325
bus,2012-12-01,bus_total_route_km,62231.75,historical_seasonal_iqr,63687.92499999999,68923.32500000001
bus,2015-01-01,bus_total_route_km,64567.83,historical_seasonal_iqr,61452.75500000001,64005.35499999999
bus,2016-01-01,bus_total_route_km,64905.17,historical_seasonal_iqr,61452.75500000001,64005.35499999999
bus,2016-04-01,bus_total_route_km,65175.1,historical_seasonal_iqr,60910.375,64864.494999999995
bus,2016-05-01,bus_total_route_km,65084.68,historical_seasonal_iqr,61103.325000000004,64724.005
bus,2016-06-01,bus_total_route_km,65171.63,historical_seasonal_iqr,60894.134999999995,64876.33500000001
bus,2017-09-01,bus_total_route_km,66113.07,historical_seasonal_iqr,61206.45,65937.49
bus,2017-10-01,bus_total_route_km,66158.87,historical_seasonal_iqr,61197.399999999994,66095.0
bus,2017-11-01,bus_total_route_km,66121.09,historical_seasonal_iqr,61326.875,66075.875
bus,2018-09-01,bus_total_route_km,67032.54,historical_seasonal_iqr,62763.259999999995,66430.86
bus,2018-10-01,bus_total_route_km,66934.25,historical_seasonal_iqr,62976.784999999996,66323.225
bus,2018-11-01,bus_total_route_km,69087.79,historical_seasonal_iqr,62793.28499999999,66707.24500000001
bus,2018-12-01,bus_total_route_km,70017.17,historical_seasonal_iqr,63042.07500000001,66688.67499999999
bus,2019-01-01,bus_total_route_km,69693.32,historical_seasonal_iqr,63147.585,66934.905
bus,2019-02-01,bus_total_route_km,69729.28,historical_seasonal_iqr,63010.759999999995,67181.00000000001
bus,2019-03-01,bus_total_route_km,70123.98,historical_seasonal_iqr,63702.524999999994,65990.16500000001
bus,2019-04-01,bus_total_route_km,70046.31,historical_seasonal_iqr,63221.825000000004,66347.065
bus,2019-05-01,bus_total_route_km,70252.57,historical_seasonal_iqr,62370.405,66921.32500000001
bus,2019-06-01,bus_total_route_km,70392.28,historical_seasonal_iqr,61902.159999999996,67347.6
bus,2019-07-01,bus_total_route_km,69297.33,historical_seasonal_iqr,61372.639999999985,66918.32
bus,2019-08-01,bus_total_route_km,70143.58,historical_seasonal_iqr,61866.595,67791.995
bus,2019-09-01,bus_total_route_km,70137.24,historical_seasonal_iqr,61238.76999999999,69037.65000000002
bus,2019-10-01,bus_total_route_km,70283.35,historical_seasonal_iqr,61407.69500000001,69009.57499999998
bus,2019-11-01,bus_total_route_km,70675.99,historical_seasonal_iqr,61555.865000000005,68860.22499999999
bus,2019-12-01,bus_total_route_km,71480.89,historical_seasonal_iqr,62460.390000000014,68109.82999999999
bus,2020-01-01,bus_total_route_km,71463.53,historical_seasonal_iqr,63662.09,66976.97
bus,2020-02-01,bus_total_route_km,71494.3,historical_seasonal_iqr,63338.42499999999,67889.345
bus,2020-03-01,bus_total_route_km,71393.55,historical_seasonal_iqr,63384.875,67960.755
bus,2020-04-01,bus_total_route_km,71324.3,historical_seasonal_iqr,63222.44,68148.68
bus,2020-05-01,bus_total_route_km,71143.24,historical_seasonal_iqr,62731.240000000005,69007.08
bus,2020-06-01,bus_total_route_km,71614.25,historical_seasonal_iqr,63072.065,68670.905
bus,2020-07-01,bus_total_route_km,71913.99,historical_seasonal_iqr,62599.645,67940.725
bus,2020-08-01,bus_total_route_km,72756.93,historical_seasonal_iqr,63418.45,68642.84999999999
bus,2020-09-01,bus_total_route_km,72768.76,historical_seasonal_iqr,62089.96500000001,69998.08499999998
bus,2020-10-01,bus_total_route_km,72839.03,historical_seasonal_iqr,62269.399999999994,69733.16
bus,2020-11-01,bus_total_route_km,78291.11,historical_seasonal_iqr,59467.09000000001,74860.20999999998
bus,2020-12-01,bus_total_route_km,79040.55,historical_seasonal_iqr,58277.244999999995,77061.125
bus,2021-01-01,bus_total_route_km,79550.93,historical_seasonal_iqr,59246.67,75961.31000000001
bus,2021-02-01,bus_total_route_km,79454.01,historical_seasonal_iqr,59448.98000000001,75897.45999999999
bus,2021-03-01,bus_total_route_km,79675.4,historical_seasonal_iqr,57644.78000000001,77611.49999999999
bus,2021-04-01,bus_total_route_km,79954.93,historical_seasonal_iqr,57868.285,77353.125
bus,2021-05-01,bus_total_route_km,79807.37,historical_seasonal_iqr,57657.97,77809.33000000002
bus,2021-07-01,bus_total_route_km,76551.34,historical_seasonal_iqr,58150.73,75985.29000000001
bus,2021-08-01,bus_total_route_km,77597.33,historical_seasonal_iqr,58709.555,77003.995
bus,2021-09-01,bus_total_route_km,78430.83,historical_seasonal_iqr,60076.81500000001,76173.495
bus,2021-10-01,bus_total_route_km,79890.38,historical_seasonal_iqr,59972.14999999998,76470.07000000002
bus,2021-11-01,bus_total_route_km,80532.98,historical_seasonal_iqr,59288.73999999998,77508.34000000003
bus,2021-12-01,bus_total_route_km,80802.05,historical_seasonal_iqr,57756.889999999985,79715.29000000001
bus,2022-01-01,bus_total_route_km,80492.54,historical_seasonal_iqr,57139.43,80057.98999999999
bus,2022-02-01,bus_total_route_km,80506.14,historical_seasonal_iqr,58215.424999999996,79461.625
bus,2022-03-01,bus_total_route_km,80096.32,historical_seasonal_iqr,58521.675,79116.675
bus,2022-04-01,bus_total_route_km,80432.44,historical_seasonal_iqr,58766.89999999999,78858.74000000002
bus,2022-05-01,bus_total_route_km,80156.0,historical_seasonal_iqr,59919.23999999999,77877.64000000001
bus,2022-06-01,bus_total_route_km,79656.49,historical_seasonal_iqr,59006.97499999999,79178.615
bus,2024-12-01,bus_total_route_km,87956.24,historical_seasonal_iqr,74577.26999999999,86479.35
bus,2025-01-01,bus_total_route_km,88655.76,historical_seasonal_iqr,76410.85999999999,84784.38
bus,2025-02-01,bus_total_route_km,88841.36,historical_seasonal_iqr,76342.87499999997,84639.23500000002
bus,2025-03-01,bus_total_route_km,89092.82,historical_seasonal_iqr,76474.26499999998,85010.62500000003
bus,2025-04-01,bus_total_route_km,90405.08,historical_seasonal_iqr,77066.66499999998,84768.70500000002
bus,2025-05-01,bus_total_route_km,90244.14,historical_seasonal_iqr,76553.87,85229.87
bus,2025-07-01,bus_total_route_km,90484.91,historical_seasonal_iqr,69347.99499999998,88556.91500000002
bus,2025-08-01,bus_total_route_km,91257.81,historical_seasonal_iqr,70664.20999999999,89152.53
bus,2025-09-01,bus_total_route_km,90870.09,historical_seasonal_iqr,73299.81000000001,86982.52999999998
bus,2025-10-01,bus_total_route_km,91130.84,historical_seasonal_iqr,77057.3,84612.18000000001
bus,2025-11-01,bus_total_route_km,92018.77,historical_seasonal_iqr,77910.56,84903.68
bus,2025-12-01,bus_total_route_km,92535.81,historical_seasonal_iqr,78572.78000000001,84517.49999999999
bus,2026-01-01,bus_total_route_km,92492.51,historical_seasonal_iqr,76777.98499999999,86683.46500000003
bus,2026-02-01,bus_total_route_km,92755.19,historical_seasonal_iqr,76782.79500000001,86711.715
bus,2026-03-01,bus_total_route_km,93567.69,historical_seasonal_iqr,75616.43500000001,87562.795
bus,2026-04-01,bus_total_route_km,93476.62,historical_seasonal_iqr,76149.595,87570.51499999998
bus,2026-05-01,bus_total_route_km,93584.25,historical_seasonal_iqr,75578.78,87784.69999999998
bus,2026-06-01,bus_total_route_km,93939.95,historical_seasonal_iqr,73508.57500000001,89903.01500000001
bus,2010-01-01,bus_total_vehicles,13601.0,historical_seasonal_iqr,12940.0,13240.0
bus,2010-02-01,bus_total_vehicles,13636.0,historical_seasonal_iqr,12805.25,13263.25
bus,2010-03-01,bus_total_vehicles,13628.0,historical_seasonal_iqr,12790.0,13322.0
bus,2010-04-01,bus_total_vehicles,13670.0,historical_seasonal_iqr,12864.75,13238.75
bus,2010-05-01,bus_total_vehicles,13668.0,historical_seasonal_iqr,12925.0,13225.0
bus,2010-06-01,bus_total_vehicles,13643.0,historical_seasonal_iqr,13017.75,13139.75
bus,2010-07-01,bus_total_vehicles,13647.0,historical_seasonal_iqr,12835.0,13255.0
bus,2010-08-01,bus_total_vehicles,13690.0,historical_seasonal_iqr,12876.0,13128.0
bus,2010-09-01,bus_total_vehicles,13716.0,historical_seasonal_iqr,12891.25,13089.25
bus,2010-10-01,bus_total_vehicles,13817.0,historical_seasonal_iqr,12809.0,13089.0
bus,2010-11-01,bus_total_vehicles,13907.0,historical_seasonal_iqr,12824.0,13188.0
bus,2010-12-01,bus_total_vehicles,13900.0,historical_seasonal_iqr,12904.0,13280.0
bus,2011-01-01,bus_total_vehicles,14239.0,historical_seasonal_iqr,12831.25,13507.25
bus,2011-02-01,bus_total_vehicles,14345.0,historical_seasonal_iqr,12548.25,13734.25
bus,2011-03-01,bus_total_vehicles,14182.0,historical_seasonal_iqr,12551.75,13775.75
bus,2011-04-01,bus_total_vehicles,14285.0,historical_seasonal_iqr,12590.375,13721.375
bus,2011-05-01,bus_total_vehicles,14279.0,historical_seasonal_iqr,12733.25,13601.25
bus,2011-06-01,bus_total_vehicles,14260.0,historical_seasonal_iqr,12828.625,13483.625
bus,2011-07-01,bus_total_vehicles,14219.0,historical_seasonal_iqr,12713.875,13570.875
bus,2011-08-01,bus_total_vehicles,14185.0,historical_seasonal_iqr,12657.5,13547.5
bus,2011-09-01,bus_total_vehicles,14215.0,historical_seasonal_iqr,12664.125,13519.125
bus,2011-10-01,bus_total_vehicles,14219.0,historical_seasonal_iqr,12467.75,13685.75
bus,2011-11-01,bus_total_vehicles,14285.0,historical_seasonal_iqr,12473.25,13813.25
bus,2011-12-01,bus_total_vehicles,14407.0,historical_seasonal_iqr,12698.125,13727.125
bus,2012-01-01,bus_total_vehicles,14404.0,historical_seasonal_iqr,12391.0,14327.0
bus,2012-07-01,bus_total_vehicles,14648.0,historical_seasonal_iqr,12224.5,14500.5
bus,2015-02-01,bus_total_vehicles,15324.0,historical_seasonal_iqr,13779.0,15115.0
bus,2017-08-01,bus_total_vehicles,15680.0,historical_seasonal_iqr,14376.0,15616.0
bus,2017-09-01,bus_total_vehicles,15680.0,historical_seasonal_iqr,14326.5,15610.5
bus,2017-12-01,bus_total_vehicles,15644.0,historical_seasonal_iqr,15192.0,15320.0
bus,2018-01-01,bus_total_vehicles,15840.0,historical_seasonal_iqr,14685.0,15581.0
bus,2018-03-01,bus_total_vehicles,15610.0,historical_seasonal_iqr,14707.5,15607.5
bus,2018-05-01,bus_total_vehicles,15659.0,historical_seasonal_iqr,14955.0,15539.0
bus,2018-07-01,bus_total_vehicles,15814.0,historical_seasonal_iqr,14746.5,15742.5
bus,2018-10-01,bus_total_vehicles,15620.0,historical_seasonal_iqr,14950.5,15610.5
bus,2018-11-01,bus_total_vehicles,15727.0,historical_seasonal_iqr,14878.0,15646.0
bus,2018-12-01,bus_total_vehicles,15798.0,historical_seasonal_iqr,15246.5,15298.5
bus,2019-01-01,bus_total_vehicles,15717.0,historical_seasonal_iqr,15147.5,15375.5
bus,2019-02-01,bus_total_vehicles,15716.0,historical_seasonal_iqr,15090.5,15494.5
bus,2022-01-01,bus_total_vehicles,15412.0,historical_seasonal_iqr,15532.5,16024.5
bus,2022-02-01,bus_total_vehicles,15478.0,historical_seasonal_iqr,15647.0,15807.0
bus,2022-03-01,bus_total_vehicles,15351.0,historical_seasonal_iqr,15389.5,15977.5
bus,2022-04-01,bus_total_vehicles,15355.0,historical_seasonal_iqr,15365.5,16017.5
bus,2022-05-01,bus_total_vehicles,15348.0,historical_seasonal_iqr,15506.0,15914.0
bus,2022-07-01,bus_total_vehicles,15284.0,historical_seasonal_iqr,15373.5,16033.5
bus,2022-08-01,bus_total_vehicles,15267.0,historical_seasonal_iqr,15389.0,15997.0
bus,2022-09-01,bus_total_vehicles,15279.0,historical_seasonal_iqr,15342.5,16074.5
bus,2022-10-01,bus_total_vehicles,15228.0,historical_seasonal_iqr,15485.0,15845.0
bus,2022-11-01,bus_total_vehicles,15193.0,historical_seasonal_iqr,15344.5,16092.5
bus,2022-12-01,bus_total_vehicles,15174.0,historical_seasonal_iqr,15227.0,16339.0
bus,2023-01-01,bus_total_vehicles,15165.0,historical_seasonal_iqr,15532.5,16024.5
bus,2023-02-01,bus_total_vehicles,15147.0,historical_seasonal_iqr,15647.0,15807.0
bus,2023-03-01,bus_total_vehicles,15082.0,historical_seasonal_iqr,15389.5,15977.5
bus,2023-04-01,bus_total_vehicles,15052.0,historical_seasonal_iqr,15365.5,16017.5
bus,2023-05-01,bus_total_vehicles,15006.0,historical_seasonal_iqr,15506.0,15914.0
bus,2023-06-01,bus_total_vehicles,14952.0,historical_seasonal_iqr,15245.0,16077.0
bus,2023-07-01,bus_total_vehicles,14943.0,historical_seasonal_iqr,15331.0,16059.0
bus,2023-09-01,bus_total_vehicles,14851.0,historical_seasonal_iqr,15335.0,16079.0
bus,2023-10-01,bus_total_vehicles,14774.0,historical_seasonal_iqr,15450.0,15866.0
bus,2023-11-01,bus_total_vehicles,14845.0,historical_seasonal_iqr,15044.5,16272.5
bus,2024-01-01,bus_total_vehicles,14683.0,historical_seasonal_iqr,14818.0,16402.0
bus,2024-02-01,bus_total_vehicles,14665.0,historical_seasonal_iqr,15074.5,16150.5
bus,2024-03-01,bus_total_vehicles,14684.0,historical_seasonal_iqr,14742.0,16366.0
bus,2024-04-01,bus_total_vehicles,14413.0,historical_seasonal_iqr,14728.0,16400.0
bus,2024-05-01,bus_total_vehicles,14398.0,historical_seasonal_iqr,14728.5,16380.5
bus,2024-06-01,bus_total_vehicles,14407.0,historical_seasonal_iqr,14715.0,16395.0
bus,2024-07-01,bus_total_vehicles,14391.0,historical_seasonal_iqr,14544.5,16516.5
bus,2024-08-01,bus_total_vehicles,14381.0,historical_seasonal_iqr,14514.0,16522.0
bus,2024-09-01,bus_total_vehicles,14404.0,historical_seasonal_iqr,14497.5,16581.5
bus,2024-10-01,bus_total_vehicles,14398.0,historical_seasonal_iqr,14505.0,16433.0
bus,2010-01-01,bus_total_trips,3022976.0,historical_seasonal_iqr,3295341.75,4061219.75
bus,2010-02-01,bus_total_trips,2561847.0,historical_seasonal_iqr,3027583.25,3440433.25
bus,2010-03-01,bus_total_trips,3090569.0,historical_seasonal_iqr,3637809.75,3853047.75
bus,2010-04-01,bus_total_trips,2986419.0,historical_seasonal_iqr,3569449.75,3702047.75
bus,2010-05-01,bus_total_trips,3064002.0,historical_seasonal_iqr,3570379.25,3909877.25
bus,2010-06-01,bus_total_trips,3197014.0,historical_seasonal_iqr,3504971.5,3706655.5
bus,2010-07-01,bus_total_trips,2936957.0,historical_seasonal_iqr,3527469.5,3773893.5
bus,2010-08-01,bus_total_trips,2946396.0,historical_seasonal_iqr,3479500.0,3731188.0
bus,2010-09-01,bus_total_trips,2870859.0,historical_seasonal_iqr,3263286.25,3768144.25
bus,2010-10-01,bus_total_trips,2988811.0,historical_seasonal_iqr,3636639.75,3769681.75
bus,2010-11-01,bus_total_trips,2929066.0,historical_seasonal_iqr,3489428.0,3731876.0
bus,2010-12-01,bus_total_trips,3082503.0,historical_seasonal_iqr,3709495.5,3789259.5
bus,2011-04-01,bus_total_trips,3173427.0,historical_seasonal_iqr,3194212.125,3902081.125
bus,2011-06-01,bus_total_trips,3108237.0,historical_seasonal_iqr,3201813.625,3879064.625
bus,2011-10-01,bus_total_trips,3208967.0,historical_seasonal_iqr,3221277.625,3993580.625
bus,2011-12-01,bus_total_trips,3239422.0,historical_seasonal_iqr,3271513.5,4049009.5
bus,2017-01-01,bus_total_trips,3233764.0,historical_seasonal_iqr,3243966.0,3523422.0
bus,2018-02-01,bus_total_trips,2855660.0,historical_seasonal_iqr,2927632.0,3035232.0
bus,2018-03-01,bus_total_trips,3337141.0,historical_seasonal_iqr,3347490.5,3398846.5
bus,2018-08-01,bus_total_trips,3277993.0,historical_seasonal_iqr,3286864.0,3461872.0
bus,2019-02-01,bus_total_trips,2831303.0,historical_seasonal_iqr,2927632.0,3035232.0
bus,2019-03-01,bus_total_trips,3299646.0,historical_seasonal_iqr,3347490.5,3398846.5
bus,2020-01-01,bus_total_trips,3167235.0,historical_seasonal_iqr,3186356.0,3557988.0
bus,2020-03-01,bus_total_trips,3260311.0,historical_seasonal_iqr,3281780.5,3429408.5
bus,2020-04-01,bus_total_trips,3109993.0,historical_seasonal_iqr,3122171.0,3305091.0
bus,2020-05-01,bus_total_trips,3187800.0,historical_seasonal_iqr,3292488.0,3436000.0
bus,2020-06-01,bus_total_trips,3123614.0,historical_seasonal_iqr,3124616.0,3374472.0
bus,2020-07-01,bus_total_trips,3246734.0,historical_seasonal_iqr,3280952.0,3313712.0
bus,2020-10-01,bus_total_trips,3178766.0,historical_seasonal_iqr,3274560.0,3459608.0
bus,2020-11-01,bus_total_trips,3126808.0,historical_seasonal_iqr,3220122.5,3375110.5
bus,2021-03-01,bus_total_trips,3170482.0,historical_seasonal_iqr,3188043.0,3485651.0
bus,2021-04-01,bus_total_trips,3032220.0,historical_seasonal_iqr,3153797.5,3220785.5
bus,2021-05-01,bus_total_trips,2772142.0,historical_seasonal_iqr,3318715.5,3386215.5
bus,2021-06-01,bus_total_trips,1892320.0,historical_seasonal_iqr,3057227.5,3363687.5
bus,2021-07-01,bus_total_trips,1970939.0,historical_seasonal_iqr,3255240.0,3324680.0
bus,2021-08-01,bus_total_trips,2336059.0,historical_seasonal_iqr,3071284.5,3521216.5
bus,2021-09-01,bus_total_trips,2696730.0,historical_seasonal_iqr,3067661.5,3277369.5
bus,2021-10-01,bus_total_trips,2833690.0,historical_seasonal_iqr,3274468.5,3402800.5
bus,2021-11-01,bus_total_trips,2814896.0,historical_seasonal_iqr,3114064.0,3388880.0
bus,2021-12-01,bus_total_trips,2929542.0,historical_seasonal_iqr,3284420.0,3440332.0
bus,2022-01-01,bus_total_trips,2840873.0,historical_seasonal_iqr,2929510.5,3563442.5
bus,2022-02-01,bus_total_trips,2433968.0,historical_seasonal_iqr,2626284.5,3173000.5
bus,2022-03-01,bus_total_trips,2891475.0,historical_seasonal_iqr,3145066.0,3452386.0
bus,2022-04-01,bus_total_trips,2698770.0,historical_seasonal_iqr,2988833.5,3311925.5
bus,2022-05-01,bus_total_trips,2686024.0,historical_seasonal_iqr,2950042.5,3584062.5
bus,2022-06-01,bus_total_trips,2476237.0,historical_seasonal_iqr,2981567.0,3360359.0
bus,2022-07-01,bus_total_trips,2606074.0,historical_seasonal_iqr,3176979.5,3362991.5
bus,2022-08-01,bus_total_trips,2756336.0,historical_seasonal_iqr,3079583.0,3397039.0
bus,2022-09-01,bus_total_trips,2679901.0,historical_seasonal_iqr,3067661.5,3277369.5
bus,2022-10-01,bus_total_trips,2734191.0,historical_seasonal_iqr,2930985.5,3591733.5
bus,2022-11-01,bus_total_trips,2714263.0,historical_seasonal_iqr,2899655.5,3505395.5
bus,2022-12-01,bus_total_trips,2791527.0,historical_seasonal_iqr,3109070.5,3500522.5
bus,2023-01-01,bus_total_trips,2562705.0,historical_seasonal_iqr,2919330.5,3569550.5
bus,2023-02-01,bus_total_trips,2439386.0,historical_seasonal_iqr,2487907.5,3076311.5
bus,2023-03-01,bus_total_trips,2767055.0,historical_seasonal_iqr,2976736.0,3493392.0
bus,2023-04-01,bus_total_trips,2565162.0,historical_seasonal_iqr,2812173.0,3398965.0
bus,2026-02-01,bus_total_trips,2140691.0,historical_seasonal_iqr,2229131.0,2565539.0
bus,2026-05-01,bus_total_trips,2586221.0,historical_seasonal_iqr,2619629.5,2796681.5
bus,2014-01-01,bus_total_vehicle_km,92353863.0,historical_seasonal_iqr,87919516.5,90873304.5
bus,2014-03-01,bus_total_vehicle_km,90963662.0,historical_seasonal_iqr,87989839.5,90619211.5
bus,2014-05-01,bus_total_vehicle_km,92555133.0,historical_seasonal_iqr,88962298.5,90290566.5
bus,2014-08-01,bus_total_vehicle_km,93383882.0,historical_seasonal_iqr,84550440.5,92991868.5
bus,2014-10-01,bus_total_vehicle_km,93583613.0,historical_seasonal_iqr,88910665.0,91780329.0
bus,2015-10-01,bus_total_vehicle_km,92395129.0,historical_seasonal_iqr,89174430.5,92334098.5
bus,2016-09-01,bus_total_vehicle_km,85495849.0,historical_seasonal_iqr,86444092.0,89443012.0
bus,2017-07-01,bus_total_vehicle_km,88308969.0,historical_seasonal_iqr,89825932.5,91136096.5
bus,2017-11-01,bus_total_vehicle_km,87236113.0,historical_seasonal_iqr,88029709.5,90812017.5
bus,2017-12-01,bus_total_vehicle_km,90959146.0,historical_seasonal_iqr,91612619.5,94148967.5
bus,2018-02-01,bus_total_vehicle_km,79524999.0,historical_seasonal_iqr,80467534.5,83842794.5
bus,2018-03-01,bus_total_vehicle_km,89551152.0,historical_seasonal_iqr,90874862.0,91111662.0
bus,2018-04-01,bus_total_vehicle_km,86153029.0,historical_seasonal_iqr,86856039.5,89529131.5
bus,2018-05-01,bus_total_vehicle_km,89386207.0,historical_seasonal_iqr,90188572.5,93398288.5
bus,2018-10-01,bus_total_vehicle_km,88877490.0,historical_seasonal_iqr,89280364.0,94263988.0
bus,2018-11-01,bus_total_vehicle_km,87504743.0,historical_seasonal_iqr,88029709.5,90812017.5
bus,2018-12-01,bus_total_vehicle_km,89195352.0,historical_seasonal_iqr,91612619.5,94148967.5
bus,2019-02-01,bus_total_vehicle_km,77375753.0,historical_seasonal_iqr,80467534.5,83842794.5
bus,2019-03-01,bus_total_vehicle_km,87682022.0,historical_seasonal_iqr,90874862.0,91111662.0
bus,2019-04-01,bus_total_vehicle_km,85396399.0,historical_seasonal_iqr,86856039.5,89529131.5
bus,2019-05-01,bus_total_vehicle_km,88648561.0,historical_seasonal_iqr,90188572.5,93398288.5
bus,2019-08-01,bus_total_vehicle_km,85595807.0,historical_seasonal_iqr,86215985.0,95866065.0
bus,2019-09-01,bus_total_vehicle_km,84051354.0,historical_seasonal_iqr,84071979.5,90684399.5
bus,2019-11-01,bus_total_vehicle_km,83219930.0,historical_seasonal_iqr,84108879.5,93164515.5
bus,2020-03-01,bus_total_vehicle_km,82633815.0,historical_seasonal_iqr,87343587.0,93230427.0
bus,2020-04-01,bus_total_vehicle_km,76524084.0,historical_seasonal_iqr,82912672.0,91553624.0
bus,2020-05-01,bus_total_vehicle_km,78290805.0,historical_seasonal_iqr,85981357.0,95060957.0
bus,2020-06-01,bus_total_vehicle_km,76957592.0,historical_seasonal_iqr,84757316.0,90626612.0
bus,2020-07-01,bus_total_vehicle_km,80365691.0,historical_seasonal_iqr,84654181.0,94172989.0
bus,2020-08-01,bus_total_vehicle_km,80380472.0,historical_seasonal_iqr,86980180.5,92651344.5
bus,2020-09-01,bus_total_vehicle_km,78296553.0,historical_seasonal_iqr,82386592.0,90677944.0
bus,2020-10-01,bus_total_vehicle_km,79853211.0,historical_seasonal_iqr,83605536.0,97664080.0
bus,2020-11-01,bus_total_vehicle_km,77407646.0,historical_seasonal_iqr,84449768.5,91880020.5
bus,2020-12-01,bus_total_vehicle_km,80413787.0,historical_seasonal_iqr,85014785.5,97648165.5
bus,2021-01-01,bus_total_vehicle_km,78712799.0,historical_seasonal_iqr,85087102.5,94012946.5
bus,2021-02-01,bus_total_vehicle_km,69147933.0,historical_seasonal_iqr,75867201.0,85621329.0
bus,2021-03-01,bus_total_vehicle_km,78629867.0,historical_seasonal_iqr,82670762.0,96034122.0
bus,2021-04-01,bus_total_vehicle_km,76221979.0,historical_seasonal_iqr,81703324.0,91551524.0
bus,2021-05-01,bus_total_vehicle_km,66927810.0,historical_seasonal_iqr,84137242.0,96167426.0
bus,2021-06-01,bus_total_vehicle_km,40333451.0,historical_seasonal_iqr,81060415.0,90789543.0
bus,2021-07-01,bus_total_vehicle_km,41962054.0,historical_seasonal_iqr,85844449.0,89787681.0
bus,2021-08-01,bus_total_vehicle_km,51972589.0,historical_seasonal_iqr,78202530.5,97917934.5
bus,2021-09-01,bus_total_vehicle_km,60845452.0,historical_seasonal_iqr,80300929.5,90302061.5
bus,2021-10-01,bus_total_vehicle_km,65203799.0,historical_seasonal_iqr,82606394.5,94802734.5
bus,2021-11-01,bus_total_vehicle_km,65444086.0,historical_seasonal_iqr,76792710.5,93931962.5
bus,2021-12-01,bus_total_vehicle_km,68871165.0,historical_seasonal_iqr,86549661.0,93604837.0
bus,2022-01-01,bus_total_vehicle_km,66965118.0,historical_seasonal_iqr,81490083.5,95315815.5
bus,2022-02-01,bus_total_vehicle_km,57924216.0,historical_seasonal_iqr,72818676.5,84970880.5
bus,2022-03-01,bus_total_vehicle_km,66696337.0,historical_seasonal_iqr,72257809.5,99927157.5
bus,2022-06-01,bus_total_vehicle_km,57162727.0,historical_seasonal_iqr,61956527.0,101959367.0
bus,2022-07-01,bus_total_vehicle_km,60950671.0,historical_seasonal_iqr,68578626.5,100010798.5
bus,2022-08-01,bus_total_vehicle_km,63561336.0,historical_seasonal_iqr,67290879.5,102196459.5
bus,2022-09-01,bus_total_vehicle_km,61981121.0,historical_seasonal_iqr,65913927.0,98934263.0
bus,2022-10-01,bus_total_vehicle_km,63543379.0,historical_seasonal_iqr,66316792.5,102413908.5
bus,2022-12-01,bus_total_vehicle_km,65021640.0,historical_seasonal_iqr,66406013.0,103760077.0
bus,2023-01-01,bus_total_vehicle_km,61118994.0,historical_seasonal_iqr,64130556.5,103016536.5
bus,2023-03-01,bus_total_vehicle_km,64384331.0,historical_seasonal_iqr,65051634.5,101260254.5
bus,2023-04-01,bus_total_vehicle_km,61388489.0,historical_seasonal_iqr,62460349.0,99158029.0
bus,2025-08-01,bus_total_vehicle_km,62509387.0,historical_seasonal_iqr,63224391.0,63763503.0
bus,2026-02-01,bus_total_vehicle_km,53113967.0,historical_seasonal_iqr,55190611.0,59564379.0
bus,2010-03-01,bus_total_passengers,98529040.0,historical_seasonal_iqr,89658724.5,93262484.5
bus,2010-04-01,bus_total_passengers,92876536.0,historical_seasonal_iqr,84850142.0,90519770.0
bus,2010-05-01,bus_total_passengers,95859001.0,historical_seasonal_iqr,86479521.0,93383665.0
bus,2010-07-01,bus_total_passengers,90200952.0,historical_seasonal_iqr,80584682.75,86643556.75
bus,2010-08-01,bus_total_passengers,90303259.0,historical_seasonal_iqr,77317799.0,87440871.0
bus,2010-09-01,bus_total_passengers,91886214.0,historical_seasonal_iqr,80815218.0,88891638.0
bus,2010-10-01,bus_total_passengers,98421952.0,historical_seasonal_iqr,87339667.5,94738591.5
bus,2010-11-01,bus_total_passengers,94998866.0,historical_seasonal_iqr,86592589.25,89462219.25
bus,2010-12-01,bus_total_passengers,101515209.0,historical_seasonal_iqr,91652389.75,95136843.75
bus,2011-01-01,bus_total_passengers,95284044.0,historical_seasonal_iqr,80066685.125,94966462.125
bus,2011-02-01,bus_total_passengers,84127065.0,historical_seasonal_iqr,66223247.25,81647753.25
bus,2011-03-01,bus_total_passengers,104053420.0,historical_seasonal_iqr,86357468.625,98873511.625
bus,2011-04-01,bus_total_passengers,100816520.0,historical_seasonal_iqr,84713811.25,92509419.25
bus,2011-05-01,bus_total_passengers,99219653.0,historical_seasonal_iqr,84156157.0,98107909.0
bus,2011-07-01,bus_total_passengers,92585944.0,historical_seasonal_iqr,79458334.625,90072389.625
bus,2011-09-01,bus_total_passengers,97864918.0,historical_seasonal_iqr,78652838.625,93824909.625
bus,2011-11-01,bus_total_passengers,99460368.0,historical_seasonal_iqr,83725385.25,94476493.25
bus,2011-12-01,bus_total_passengers,103572282.0,historical_seasonal_iqr,87874742.375,101480217.375
bus,2013-01-01,bus_total_passengers,101199992.0,historical_seasonal_iqr,84788331.5,94371415.5
bus,2014-02-01,bus_total_passengers,90803383.0,historical_seasonal_iqr,76303777.5,90465365.5
bus,2016-08-01,bus_total_passengers,101602830.0,historical_seasonal_iqr,93463253.5,98409681.5
bus,2016-09-01,bus_total_passengers,96056525.0,historical_seasonal_iqr,98026446.5,102775586.5
bus,2016-11-01,bus_total_passengers,108555777.0,historical_seasonal_iqr,99142974.0,108064046.0
bus,2017-03-01,bus_total_passengers,111303512.0,historical_seasonal_iqr,106412468.5,107806608.5
bus,2017-09-01,bus_total_passengers,102988930.0,historical_seasonal_iqr,98026446.5,102775586.5
bus,2018-01-01,bus_total_passengers,104717407.0,historical_seasonal_iqr,99144109.5,102433521.5
bus,2018-03-01,bus_total_passengers,110361962.0,historical_seasonal_iqr,105755876.0,109300524.0
bus,2018-05-01,bus_total_passengers,109712315.0,historical_seasonal_iqr,104092156.5,108903800.5
bus,2018-11-01,bus_total_passengers,109161203.0,historical_seasonal_iqr,102824466.5,107875606.5
bus,2019-01-01,bus_total_passengers,105420875.0,historical_seasonal_iqr,97562524.5,105069496.5
bus,2019-04-01,bus_total_passengers,104072389.0,historical_seasonal_iqr,100358453.0,102514453.0
bus,2019-07-01,bus_total_passengers,102316093.0,historical_seasonal_iqr,93049329.5,102200093.5
bus,2019-08-01,bus_total_passengers,99393045.0,historical_seasonal_iqr,99768210.0,102490578.0
bus,2019-12-01,bus_total_passengers,114329607.0,historical_seasonal_iqr,108665749.5,111947121.5
bus,2020-02-01,bus_total_passengers,77495575.0,historical_seasonal_iqr,86846207.5,89231291.5
bus,2020-03-01,bus_total_passengers,86842304.0,historical_seasonal_iqr,103308429.5,114594081.5
bus,2020-04-01,bus_total_passengers,75760946.0,historical_seasonal_iqr,100358453.0,102514453.0
bus,2020-05-01,bus_total_passengers,86938138.0,historical_seasonal_iqr,100172835.0,115436003.0
bus,2020-06-01,bus_total_passengers,88403621.0,historical_seasonal_iqr,98416420.0,102731820.0
bus,2020-07-01,bus_total_passengers,91537870.0,historical_seasonal_iqr,92393651.0,103292891.0
bus,2020-08-01,bus_total_passengers,89738640.0,historical_seasonal_iqr,96716160.0,103854520.0
bus,2020-09-01,bus_total_passengers,95302606.0,historical_seasonal_iqr,96390024.5,105502956.5
bus,2020-10-01,bus_total_passengers,95937377.0,historical_seasonal_iqr,102149268.5,113638584.5
bus,2020-11-01,bus_total_passengers,95956553.0,historical_seasonal_iqr,100109904.5,113623300.5
bus,2020-12-01,bus_total_passengers,100614641.0,historical_seasonal_iqr,105468184.5,118035244.5
bus,2021-01-01,bus_total_passengers,88424018.0,historical_seasonal_iqr,93867987.0,111227059.0
bus,2021-02-01,bus_total_passengers,72343773.0,historical_seasonal_iqr,86846207.5,89231291.5
bus,2021-03-01,bus_total_passengers,96000144.0,historical_seasonal_iqr,102666572.0,114979196.0
bus,2021-04-01,bus_total_passengers,90627410.0,historical_seasonal_iqr,100864745.5,101649205.5
bus,2021-05-01,bus_total_passengers,54838355.0,historical_seasonal_iqr,100172835.0,115436003.0
bus,2021-06-01,bus_total_passengers,19600346.0,historical_seasonal_iqr,96983627.5,103591495.5
bus,2021-07-01,bus_total_passengers,27784397.0,historical_seasonal_iqr,90924971.0,104174099.0
bus,2021-08-01,bus_total_passengers,45166862.0,historical_seasonal_iqr,96716160.0,103854520.0
bus,2021-09-01,bus_total_passengers,59376632.0,historical_seasonal_iqr,87012902.0,111129230.0
bus,2021-10-01,bus_total_passengers,73503902.0,historical_seasonal_iqr,97454998.5,116455146.5
bus,2021-11-01,bus_total_passengers,79455158.0,historical_seasonal_iqr,100109904.5,113623300.5
bus,2021-12-01,bus_total_passengers,84517852.0,historical_seasonal_iqr,105468184.5,118035244.5
bus,2022-01-01,bus_total_passengers,72560418.0,historical_seasonal_iqr,78604017.0,120385441.0
bus,2022-02-01,bus_total_passengers,59380817.0,historical_seasonal_iqr,61233610.0,104598850.0
bus,2022-04-01,bus_total_passengers,65818090.0,historical_seasonal_iqr,74535975.5,117446467.5
bus,2022-05-01,bus_total_passengers,50651076.0,historical_seasonal_iqr,52776872.5,143873580.5
bus,2022-06-01,bus_total_passengers,54973553.0,historical_seasonal_iqr,69338735.0,120178431.0
bus,2022-07-01,bus_total_passengers,64253165.0,historical_seasonal_iqr,80036161.0,110707385.0
bus,2022-08-01,bus_total_passengers,70523848.0,historical_seasonal_iqr,73162953.0,117364785.0
bus,2022-09-01,bus_total_passengers,73507977.0,historical_seasonal_iqr,85128104.5,112260108.5
bus,2022-11-01,bus_total_passengers,80346326.0,historical_seasonal_iqr,80919239.0,121018743.0
bus,2022-12-01,bus_total_passengers,84065328.0,historical_seasonal_iqr,85461692.0,125869556.0
bus,2026-02-01,bus_total_passengers,66290104.0,historical_seasonal_iqr,67947805.5,74981353.5
bus,2026-03-01,bus_total_passengers,88230923.0,historical_seasonal_iqr,85158462.0,87600110.0
bus,2010-07-01,bus_total_passenger_km,1395239929.0,historical_seasonal_iqr,1292744756.0,1382700888.0
bus,2010-08-01,bus_total_passenger_km,1423574718.0,historical_seasonal_iqr,1257966106.5,1395702530.5
bus,2010-10-01,bus_total_passenger_km,1409935025.0,historical_seasonal_iqr,1300144131.5,1405241847.5
bus,2010-11-01,bus_total_passenger_km,1332628410.0,historical_seasonal_iqr,1273825808.0,1331881132.0
bus,2010-12-01,bus_total_passenger_km,1409506069.0,historical_seasonal_iqr,1359658067.25,1403781253.25
bus,2011-05-01,bus_total_passenger_km,1445843003.0,historical_seasonal_iqr,1369982697.25,1422976669.25
bus,2011-06-01,bus_total_passenger_km,1395315104.0,historical_seasonal_iqr,1270968682.25,1313159104.25
bus,2011-07-01,bus_total_passenger_km,1474951577.0,historical_seasonal_iqr,1273362946.625,1428068085.625
bus,2011-09-01,bus_total_passenger_km,1471256513.0,historical_seasonal_iqr,1267425921.0,1364014321.0
bus,2011-10-01,bus_total_passenger_km,1508582977.0,historical_seasonal_iqr,1306202209.625,1424425678.625
bus,2011-11-01,bus_total_passenger_km,1430581607.0,historical_seasonal_iqr,1256015287.25,1365473711.25
bus,2011-12-01,bus_total_passenger_km,1504691953.0,historical_seasonal_iqr,1353630812.5,1422098408.5
bus,2012-01-01,bus_total_passenger_km,1392555011.0,historical_seasonal_iqr,1270510633.0,1342207889.0
bus,2012-02-01,bus_total_passenger_km,1393615490.0,historical_seasonal_iqr,1129663704.5,1291015620.5
bus,2012-03-01,bus_total_passenger_km,1488476432.0,historical_seasonal_iqr,1357837950.5,1417752634.5
bus,2012-05-01,bus_total_passenger_km,1500937688.0,historical_seasonal_iqr,1382855408.5,1426556604.5
bus,2012-06-01,bus_total_passenger_km,1394238246.0,historical_seasonal_iqr,1272156722.0,1324205234.0
bus,2012-09-01,bus_total_passenger_km,1503135612.0,historical_seasonal_iqr,1286253188.5,1374333512.5
bus,2012-10-01,bus_total_passenger_km,1533509243.0,historical_seasonal_iqr,1288888077.5,1482563193.5
bus,2012-11-01,bus_total_passenger_km,1470382384.0,historical_seasonal_iqr,1247376980.0,1383779268.0
bus,2012-12-01,bus_total_passenger_km,1529451822.0,historical_seasonal_iqr,1341761046.5,1450153082.5
bus,2013-01-01,bus_total_passenger_km,1463673266.0,historical_seasonal_iqr,1238977402.0,1394763274.0
bus,2013-02-01,bus_total_passenger_km,1335171747.0,historical_seasonal_iqr,1123120476.5,1301921000.5
bus,2013-03-01,bus_total_passenger_km,1538040640.0,historical_seasonal_iqr,1346191178.0,1437163922.0
bus,2013-05-01,bus_total_passenger_km,1527822146.0,historical_seasonal_iqr,1333108048.0,1513483976.0
bus,2014-08-01,bus_total_passenger_km,1584312802.0,historical_seasonal_iqr,1354517524.5,1538670040.5
bus,2015-07-01,bus_total_passenger_km,1447185908.0,historical_seasonal_iqr,1457436068.5,1487589768.5
bus,2016-07-01,bus_total_passenger_km,1432303660.0,historical_seasonal_iqr,1457436068.5,1487589768.5
bus,2016-09-01,bus_total_passenger_km,1365410728.0,historical_seasonal_iqr,1423437864.5,1550954260.5
bus,2017-07-01,bus_total_passenger_km,1378635078.0,historical_seasonal_iqr,1403541573.5,1519926465.5
bus,2017-10-01,bus_total_passenger_km,1446384667.0,historical_seasonal_iqr,1470187595.0,1603476139.0
bus,2018-02-01,bus_total_passenger_km,1257331279.0,historical_seasonal_iqr,1317909514.5,1348475854.5
bus,2018-05-01,bus_total_passenger_km,1476998543.0,historical_seasonal_iqr,1477871053.5,1557792801.5
bus,2019-02-01,bus_total_passenger_km,1260284152.0,historical_seasonal_iqr,1304061789.5,1356784489.5
bus,2019-11-01,bus_total_passenger_km,1404786216.0,historical_seasonal_iqr,1418024414.0,1516971430.0
bus,2020-01-01,bus_total_passenger_km,1365843941.0,historical_seasonal_iqr,1395249007.0,1453720799.0
bus,2020-02-01,bus_total_passenger_km,1077361710.0,historical_seasonal_iqr,1156652542.0,1433003502.0
bus,2020-03-01,bus_total_passenger_km,1105024845.0,historical_seasonal_iqr,1458520504.5,1474960460.5
bus,2020-04-01,bus_total_passenger_km,964493643.0,historical_seasonal_iqr,1405470992.5,1474245468.5
bus,2020-05-01,bus_total_passenger_km,1117020619.0,historical_seasonal_iqr,1430733794.0,1554106458.0
bus,2020-06-01,bus_total_passenger_km,1167180413.0,historical_seasonal_iqr,1353588293.5,1454508737.5
bus,2020-07-01,bus_total_passenger_km,1221088825.0,historical_seasonal_iqr,1365860495.0,1472169559.0
bus,2020-08-01,bus_total_passenger_km,1230131401.0,historical_seasonal_iqr,1405087210.5,1464401206.5
bus,2020-09-01,bus_total_passenger_km,1229633753.0,historical_seasonal_iqr,1304313099.5,1506298639.5
bus,2020-10-01,bus_total_passenger_km,1272447012.0,historical_seasonal_iqr,1402074320.5,1563859804.5
bus,2020-11-01,bus_total_passenger_km,1248155323.0,historical_seasonal_iqr,1327611219.0,1538702731.0
bus,2020-12-01,bus_total_passenger_km,1307597172.0,historical_seasonal_iqr,1434854589.0,1618172357.0
bus,2021-01-01,bus_total_passenger_km,1142791534.0,historical_seasonal_iqr,1369832023.0,1458301823.0
bus,2021-02-01,bus_total_passenger_km,1001520079.0,historical_seasonal_iqr,1149270359.5,1437432811.5
bus,2021-03-01,bus_total_passenger_km,1235110563.0,historical_seasonal_iqr,1444346317.0,1481892621.0
bus,2021-04-01,bus_total_passenger_km,1206565076.0,historical_seasonal_iqr,1402456327.0,1448792095.0
bus,2021-05-01,bus_total_passenger_km,703366456.0,historical_seasonal_iqr,1430914347.5,1527037647.5
bus,2021-06-01,bus_total_passenger_km,227451667.0,historical_seasonal_iqr,1278790625.5,1470473285.5
bus,2021-07-01,bus_total_passenger_km,339021590.0,historical_seasonal_iqr,1320140289.0,1476126393.0
bus,2021-08-01,bus_total_passenger_km,589147833.0,historical_seasonal_iqr,1324623833.0,1512679233.0
bus,2021-09-01,bus_total_passenger_km,744971077.0,historical_seasonal_iqr,1326221578.0,1430725978.0
bus,2021-10-01,bus_total_passenger_km,930446224.0,historical_seasonal_iqr,1393430720.5,1534641244.5
bus,2021-11-01,bus_total_passenger_km,980065359.0,historical_seasonal_iqr,1329271222.5,1530644538.5
bus,2021-12-01,bus_total_passenger_km,1052746761.0,historical_seasonal_iqr,1417287129.0,1628712833.0
bus,2022-01-01,bus_total_passenger_km,886354091.0,historical_seasonal_iqr,1276921380.5,1514048208.5
bus,2022-02-01,bus_total_passenger_km,754012694.0,historical_seasonal_iqr,802978047.0,1534667815.0
bus,2022-04-01,bus_total_passenger_km,815006668.0,historical_seasonal_iqr,869520558.5,1768305938.5
bus,2022-06-01,bus_total_passenger_km,665965654.0,historical_seasonal_iqr,830800842.5,1727813030.5
bus,2022-07-01,bus_total_passenger_km,814848635.0,historical_seasonal_iqr,944132471.5,1682682747.5
bus,2022-08-01,bus_total_passenger_km,888071817.0,historical_seasonal_iqr,923576914.0,1741055546.0
bus,2022-09-01,bus_total_passenger_km,899639965.0,historical_seasonal_iqr,986779140.5,1634391440.5
bus,2022-10-01,bus_total_passenger_km,943498297.0,historical_seasonal_iqr,987001714.5,1748189174.5
bus,2022-11-01,bus_total_passenger_km,972592571.0,historical_seasonal_iqr,1010232503.5,1644693355.5
bus,2010-04-01,bus_total_revenue_twd,2330141001.0,historical_seasonal_iqr,2181714985.25,2307572031.25
bus,2010-05-01,bus_total_revenue_twd,2410506641.0,historical_seasonal_iqr,2285063327.0,2381154663.0
bus,2010-06-01,bus_total_revenue_twd,2274192608.0,historical_seasonal_iqr,2075656128.25,2242818098.25
bus,2010-07-01,bus_total_revenue_twd,2398379947.0,historical_seasonal_iqr,2179123639.5,2245393179.5
bus,2010-08-01,bus_total_revenue_twd,2411570844.0,historical_seasonal_iqr,2090539690.75,2325035208.75
bus,2010-09-01,bus_total_revenue_twd,2331431795.0,historical_seasonal_iqr,2129879779.5,2317140287.5
bus,2010-10-01,bus_total_revenue_twd,2451828072.0,historical_seasonal_iqr,2210161761.25,2410382467.25
bus,2010-11-01,bus_total_revenue_twd,2356947804.0,historical_seasonal_iqr,2173614250.0,2276005974.0
bus,2010-12-01,bus_total_revenue_twd,2479621965.0,historical_seasonal_iqr,2311038407.5,2447025271.5
bus,2011-02-01,bus_total_revenue_twd,2156410388.0,historical_seasonal_iqr,1926053371.125,2096501732.125
bus,2011-04-01,bus_total_revenue_twd,2448377399.0,historical_seasonal_iqr,2169338447.375,2355810972.375
bus,2011-05-01,bus_total_revenue_twd,2476312398.0,historical_seasonal_iqr,2262881899.125,2434608816.125
bus,2011-06-01,bus_total_revenue_twd,2352608228.0,historical_seasonal_iqr,2051151779.25,2316098005.25
bus,2011-07-01,bus_total_revenue_twd,2453846724.0,historical_seasonal_iqr,2127322660.75,2350550050.75
bus,2011-09-01,bus_total_revenue_twd,2489027135.0,historical_seasonal_iqr,2107040994.5,2389743066.5
bus,2011-11-01,bus_total_revenue_twd,2419782338.0,historical_seasonal_iqr,2104421702.875,2393773003.875
bus,2011-12-01,bus_total_revenue_twd,2639706106.0,historical_seasonal_iqr,2241532295.875,2562917692.875
bus,2012-01-01,bus_total_revenue_twd,2427279053.0,historical_seasonal_iqr,2223834547.0,2311742115.0
bus,2012-02-01,bus_total_revenue_twd,2430012204.0,historical_seasonal_iqr,1914406548.0,2118759868.0
bus,2012-03-01,bus_total_revenue_twd,2654344595.0,historical_seasonal_iqr,2176318007.5,2533197731.5
bus,2012-04-01,bus_total_revenue_twd,2602722716.0,historical_seasonal_iqr,2128838276.0,2450922636.0
bus,2012-05-01,bus_total_revenue_twd,2666291442.0,historical_seasonal_iqr,2217893558.5,2526074490.5
bus,2012-06-01,bus_total_revenue_twd,2474448738.0,historical_seasonal_iqr,1995389490.5,2441474478.5
bus,2012-09-01,bus_total_revenue_twd,2643208633.0,historical_seasonal_iqr,2067867490.0,2489570378.0
bus,2012-10-01,bus_total_revenue_twd,2718030249.0,historical_seasonal_iqr,2064416334.5,2684275114.5
bus,2012-11-01,bus_total_revenue_twd,2597586735.0,historical_seasonal_iqr,1999192631.5,2571600907.5
bus,2012-12-01,bus_total_revenue_twd,2719533753.0,historical_seasonal_iqr,2185742447.5,2655949675.5
bus,2013-01-01,bus_total_revenue_twd,2567390380.0,historical_seasonal_iqr,2197845081.5,2384811661.5
bus,2013-03-01,bus_total_revenue_twd,2727825943.0,historical_seasonal_iqr,2298991812.0,2540063836.0
bus,2013-05-01,bus_total_revenue_twd,2708324007.0,historical_seasonal_iqr,2177479943.0,2655611871.0
bus,2014-01-01,bus_total_revenue_twd,2667908137.0,historical_seasonal_iqr,2056023363.0,2650032467.0
bus,2014-08-01,bus_total_revenue_twd,2763636151.0,historical_seasonal_iqr,2201335191.0,2761963599.0
bus,2016-09-01,bus_total_revenue_twd,2498687817.0,historical_seasonal_iqr,2588363160.5,2676115916.5
bus,2017-04-01,bus_total_revenue_twd,2715437863.0,historical_seasonal_iqr,2548481657.0,2693124481.0
bus,2017-10-01,bus_total_revenue_twd,2678723690.0,historical_seasonal_iqr,2724638658.0,2811265282.0
bus,2018-05-01,bus_total_revenue_twd,2801035524.0,historical_seasonal_iqr,2722934801.5,2792902045.5
bus,2018-06-01,bus_total_revenue_twd,2636918549.0,historical_seasonal_iqr,2568461155.0,2601173219.0
bus,2018-07-01,bus_total_revenue_twd,2689186920.0,historical_seasonal_iqr,2544372896.0,2662617544.0
bus,2018-09-01,bus_total_revenue_twd,2698200241.0,historical_seasonal_iqr,2563144915.5,2689664991.5
bus,2018-10-01,bus_total_revenue_twd,2880889446.0,historical_seasonal_iqr,2724638658.0,2811265282.0
bus,2018-11-01,bus_total_revenue_twd,2840493037.0,historical_seasonal_iqr,2494550505.5,2806896053.5
bus,2018-12-01,bus_total_revenue_twd,2933265402.0,historical_seasonal_iqr,2711653432.0,2811025488.0
bus,2019-01-01,bus_total_revenue_twd,2757038601.0,historical_seasonal_iqr,2546892667.0,2718904579.0
bus,2019-04-01,bus_total_revenue_twd,2717922620.0,historical_seasonal_iqr,2624118670.0,2663491342.0
bus,2019-06-01,bus_total_revenue_twd,2663330796.0,historical_seasonal_iqr,2542704926.5,2660397050.5
bus,2019-07-01,bus_total_revenue_twd,2749639191.0,historical_seasonal_iqr,2554698977.5,2683410005.5
bus,2019-12-01,bus_total_revenue_twd,3077321771.0,historical_seasonal_iqr,2706844382.5,2819040570.5
bus,2020-02-01,bus_total_revenue_twd,2081895358.0,historical_seasonal_iqr,2293794241.5,2486637765.5
bus,2020-03-01,bus_total_revenue_twd,2183790657.0,historical_seasonal_iqr,2645761862.0,2904915494.0
bus,2020-04-01,bus_total_revenue_twd,1881973704.0,historical_seasonal_iqr,2524051760.5,2830269524.5
bus,2020-05-01,bus_total_revenue_twd,2191433475.0,historical_seasonal_iqr,2659121515.5,2933974103.5
bus,2020-06-01,bus_total_revenue_twd,2302296045.0,historical_seasonal_iqr,2511720859.0,2712037163.0
bus,2020-07-01,bus_total_revenue_twd,2372576090.0,historical_seasonal_iqr,2473633652.5,2818518880.5
bus,2020-08-01,bus_total_revenue_twd,2382516206.0,historical_seasonal_iqr,2646751996.0,2771837836.0
bus,2020-09-01,bus_total_revenue_twd,2412129433.0,historical_seasonal_iqr,2479174498.5,2829615686.5
bus,2020-10-01,bus_total_revenue_twd,2493502184.0,historical_seasonal_iqr,2602064982.0,3015554742.0
bus,2021-01-01,bus_total_revenue_twd,2254165308.0,historical_seasonal_iqr,2546892667.0,2718904579.0
bus,2021-02-01,bus_total_revenue_twd,1947414356.0,historical_seasonal_iqr,2125511324.0,2587607516.0
bus,2021-03-01,bus_total_revenue_twd,2436157327.0,historical_seasonal_iqr,2466966304.5,3012192828.5
bus,2021-04-01,bus_total_revenue_twd,2366832161.0,historical_seasonal_iqr,2510376975.5,2838474395.5
bus,2021-05-01,bus_total_revenue_twd,1400641178.0,historical_seasonal_iqr,2659121515.5,2933974103.5
bus,2021-06-01,bus_total_revenue_twd,474072378.0,historical_seasonal_iqr,2494352286.5,2722458306.5
bus,2021-07-01,bus_total_revenue_twd,688744387.0,historical_seasonal_iqr,2438006217.5,2839895341.5
bus,2021-08-01,bus_total_revenue_twd,1168660659.0,historical_seasonal_iqr,2646751996.0,2771837836.0
bus,2021-09-01,bus_total_revenue_twd,1494686612.0,historical_seasonal_iqr,2199419181.0,2997468877.0
bus,2021-10-01,bus_total_revenue_twd,1895545121.0,historical_seasonal_iqr,2406065102.0,3133154670.0
bus,2021-11-01,bus_total_revenue_twd,2014331156.0,historical_seasonal_iqr,2320302698.5,3094800014.5
bus,2021-12-01,bus_total_revenue_twd,2174142112.0,historical_seasonal_iqr,2407795059.5,3248547607.5
bus,2022-01-01,bus_total_revenue_twd,1831650688.0,historical_seasonal_iqr,2546892667.0,2718904579.0
bus,2022-02-01,bus_total_revenue_twd,1549230881.0,historical_seasonal_iqr,1583256229.0,2912960573.0
bus,2022-04-01,bus_total_revenue_twd,1682102579.0,historical_seasonal_iqr,1843923608.0,3238346416.0
bus,2022-06-01,bus_total_revenue_twd,1388120369.0,historical_seasonal_iqr,1800362289.0,3138852305.0
bus,2022-07-01,bus_total_revenue_twd,1683307610.0,historical_seasonal_iqr,1897659845.0,3164103165.0
bus,2022-08-01,bus_total_revenue_twd,1831959521.0,historical_seasonal_iqr,1868894546.0,3238552306.0
bus,2022-09-01,bus_total_revenue_twd,1864713703.0,historical_seasonal_iqr,1983023221.0,3127306453.0
bus,2026-03-01,bus_total_revenue_twd,2624813862.0,historical_seasonal_iqr,2206093389.5,2607846281.5
bus,2010-01-01,bus_city_route_km,12060.9,historical_seasonal_iqr,9025.45,11448.45
bus,2010-02-01,bus_city_route_km,12148.21,historical_seasonal_iqr,9102.887499999997,11380.987500000003
bus,2010-03-01,bus_city_route_km,12015.57,historical_seasonal_iqr,9100.324999999999,11345.125000000002
bus,2010-04-01,bus_city_route_km,11989.25,historical_seasonal_iqr,8775.550000000003,11499.349999999999
bus,2010-05-01,bus_city_route_km,11952.35,historical_seasonal_iqr,8756.975,11578.975
bus,2010-06-01,bus_city_route_km,11948.45,historical_seasonal_iqr,8924.637499999997,11508.737500000003
bus,2010-07-01,bus_city_route_km,11920.2,historical_seasonal_iqr,8729.05,11595.05
bus,2010-12-01,bus_city_route_km,12115.45,historical_seasonal_iqr,9687.062499999998,11919.362500000001
bus,2011-08-01,bus_city_route_km,12941.14,historical_seasonal_iqr,9829.381250000002,12411.23125
bus,2011-09-01,bus_city_route_km,13132.11,historical_seasonal_iqr,9753.437499999998,12376.737500000001
bus,2011-10-01,bus_city_route_km,13285.01,historical_seasonal_iqr,9684.518750000001,12417.468749999998
bus,2011-11-01,bus_city_route_km,13411.63,historical_seasonal_iqr,9594.90625,12540.756249999999
bus,2011-12-01,bus_city_route_km,14585.13,historical_seasonal_iqr,9642.7375,12538.337499999998
bus,2012-01-01,bus_city_route_km,15354.18,historical_seasonal_iqr,7154.555000000003,15002.274999999998
bus,2012-02-01,bus_city_route_km,15415.95,historical_seasonal_iqr,7029.31,15219.55
bus,2012-03-01,bus_city_route_km,15406.6,historical_seasonal_iqr,7187.27,14912.55
bus,2012-04-01,bus_city_route_km,15513.38,historical_seasonal_iqr,6584.500000000001,15232.099999999999
bus,2012-05-01,bus_city_route_km,15964.18,historical_seasonal_iqr,6755.849999999999,15070.25
bus,2012-06-01,bus_city_route_km,16005.88,historical_seasonal_iqr,6964.574999999998,14938.775000000001
bus,2012-07-01,bus_city_route_km,16500.48,historical_seasonal_iqr,6782.949999999997,15002.550000000003
bus,2012-08-01,bus_city_route_km,16789.08,historical_seasonal_iqr,9713.775000000001,13445.574999999997
bus,2012-09-01,bus_city_route_km,16877.63,historical_seasonal_iqr,9980.05,12879.649999999998
bus,2012-10-01,bus_city_route_km,17272.83,historical_seasonal_iqr,9699.325,13258.725000000002
bus,2012-11-01,bus_city_route_km,17380.38,historical_seasonal_iqr,9348.875,13749.474999999999
bus,2012-12-01,bus_city_route_km,18491.88,historical_seasonal_iqr,9159.324999999999,13889.125000000002
bus,2013-01-01,bus_city_route_km,19389.53,historical_seasonal_iqr,9364.150000000001,13678.949999999997
bus,2013-02-01,bus_city_route_km,19652.96,historical_seasonal_iqr,8830.880000000001,14489.2
bus,2013-03-01,bus_city_route_km,19718.71,historical_seasonal_iqr,8742.359999999999,14555.800000000001
bus,2013-04-01,bus_city_route_km,19834.11,historical_seasonal_iqr,9197.310000000001,14347.149999999998
bus,2013-05-01,bus_city_route_km,19901.71,historical_seasonal_iqr,9281.960000000001,14310.6
bus,2013-06-01,bus_city_route_km,19904.76,historical_seasonal_iqr,8401.61,15662.650000000001
bus,2013-07-01,bus_city_route_km,19776.48,historical_seasonal_iqr,8544.614999999998,15559.775000000001
bus,2013-08-01,bus_city_route_km,20220.93,historical_seasonal_iqr,8693.29,15489.849999999999
bus,2013-09-01,bus_city_route_km,21981.88,historical_seasonal_iqr,8451.585,15940.425000000003
bus,2013-10-01,bus_city_route_km,22065.43,historical_seasonal_iqr,8111.235,16389.275
bus,2013-11-01,bus_city_route_km,22071.23,historical_seasonal_iqr,7920.055000000001,16706.574999999997
bus,2013-12-01,bus_city_route_km,22253.59,historical_seasonal_iqr,6201.055000000001,19615.574999999997
bus,2014-01-01,bus_city_route_km,22341.69,historical_seasonal_iqr,7117.179999999998,20296.38
bus,2014-02-01,bus_city_route_km,22488.14,historical_seasonal_iqr,7246.599999999997,20317.560000000005
bus,2014-03-01,bus_city_route_km,22632.99,historical_seasonal_iqr,6929.024999999999,20493.145
bus,2014-04-01,bus_city_route_km,22659.67,historical_seasonal_iqr,6703.055000000001,20799.574999999997
bus,2014-05-01,bus_city_route_km,22602.27,historical_seasonal_iqr,5934.6050000000005,21981.925
bus,2014-06-01,bus_city_route_km,22715.33,historical_seasonal_iqr,5862.305000000003,22092.024999999998
bus,2017-09-01,bus_city_route_km,28954.3,historical_seasonal_iqr,19423.375000000004,26246.054999999997
bus,2017-10-01,bus_city_route_km,29015.6,historical_seasonal_iqr,19603.675000000003,26168.354999999996
bus,2017-11-01,bus_city_route_km,29031.9,historical_seasonal_iqr,19593.17,26201.33
bus,2017-12-01,bus_city_route_km,29030.0,historical_seasonal_iqr,19605.955,26666.315000000002
bus,2018-01-01,bus_city_route_km,28837.8,historical_seasonal_iqr,19345.35,27335.590000000004
bus,2018-02-01,bus_city_route_km,29219.4,historical_seasonal_iqr,19527.2,27423.039999999997
bus,2018-03-01,bus_city_route_km,29286.0,historical_seasonal_iqr,19806.945000000003,27343.065
bus,2018-04-01,bus_city_route_km,29461.9,historical_seasonal_iqr,19742.319999999996,27521.920000000002
bus,2018-05-01,bus_city_route_km,29423.2,historical_seasonal_iqr,19483.095,27800.895000000004
bus,2018-06-01,bus_city_route_km,29436.9,historical_seasonal_iqr,19641.170000000006,27838.93
bus,2018-07-01,bus_city_route_km,29102.6,historical_seasonal_iqr,19919.264999999996,27170.585000000003
bus,2018-08-01,bus_city_route_km,29507.4,historical_seasonal_iqr,19276.314999999995,28432.59500000001
bus,2018-09-01,bus_city_route_km,29868.3,historical_seasonal_iqr,20284.699999999993,28124.620000000006
bus,2018-10-01,bus_city_route_km,30268.99,historical_seasonal_iqr,20478.000000000004,27953.679999999997
bus,2018-11-01,bus_city_route_km,32455.3,historical_seasonal_iqr,20589.550000000003,28063.229999999996
bus,2018-12-01,bus_city_route_km,33575.88,historical_seasonal_iqr,17752.74,33004.58
bus,2019-01-01,bus_city_route_km,33471.08,historical_seasonal_iqr,17868.4,33223.76
bus,2019-02-01,bus_city_route_km,33529.59,historical_seasonal_iqr,17713.1,33507.340000000004
bus,2020-07-01,bus_city_route_km,36298.64,historical_seasonal_iqr,17474.450000000004,36079.49
bus,2020-08-01,bus_city_route_km,37148.78,historical_seasonal_iqr,18236.375,36270.015
bus,2020-09-01,bus_city_route_km,37448.33,historical_seasonal_iqr,18159.175000000003,36893.774999999994
bus,2020-12-01,bus_city_route_km,43649.27,historical_seasonal_iqr,17849.030000000002,43011.98999999999
bus,2021-01-01,bus_city_route_km,44189.63,historical_seasonal_iqr,18457.129999999997,42479.450000000004
bus,2021-02-01,bus_city_route_km,44104.96,historical_seasonal_iqr,18666.865000000005,42447.22499999999
bus,2021-03-01,bus_city_route_km,44392.55,historical_seasonal_iqr,18645.15,43063.15
bus,2021-04-01,bus_city_route_km,44826.98,historical_seasonal_iqr,18829.629999999997,43051.15
bus,2021-05-01,bus_city_route_km,44680.7,historical_seasonal_iqr,18781.13,43357.850000000006
bus,2021-07-01,bus_city_route_km,43301.07,historical_seasonal_iqr,19091.914999999997,42907.075
bus,2021-08-01,bus_city_route_km,44105.29,historical_seasonal_iqr,19369.235,43534.475000000006
bus,2021-09-01,bus_city_route_km,45645.21,historical_seasonal_iqr,20680.194999999992,42744.475000000006
bus,2021-10-01,bus_city_route_km,46307.09,historical_seasonal_iqr,20800.954999999998,42706.675
bus,2021-11-01,bus_city_route_km,47188.42,historical_seasonal_iqr,20188.545000000002,43770.825
bus,2021-12-01,bus_city_route_km,47307.19,historical_seasonal_iqr,18906.095000000005,45903.17499999999
bus,2022-01-01,bus_city_route_km,47373.98,historical_seasonal_iqr,19226.714999999997,44856.27500000001
bus,2022-02-01,bus_city_route_km,47612.43,historical_seasonal_iqr,20164.710000000003,44310.55
bus,2022-03-01,bus_city_route_km,47822.21,historical_seasonal_iqr,20488.56,43948.399999999994
bus,2022-04-01,bus_city_route_km,48232.83,historical_seasonal_iqr,20896.210000000003,43738.05
bus,2022-05-01,bus_city_route_km,48104.09,historical_seasonal_iqr,20952.714999999997,43540.675
bus,2022-06-01,bus_city_route_km,47987.68,historical_seasonal_iqr,20255.175,44739.77500000001
bus,2022-07-01,bus_city_route_km,47954.38,historical_seasonal_iqr,18308.539999999997,47092.7
bus,2022-08-01,bus_city_route_km,48611.97,historical_seasonal_iqr,18045.330000000005,48610.84999999999
bus,2022-09-01,bus_city_route_km,48828.89,historical_seasonal_iqr,18498.254999999997,48818.37500000001
bus,2022-10-01,bus_city_route_km,49311.46,historical_seasonal_iqr,19462.075000000004,48280.51499999999
bus,2025-10-01,bus_city_route_km,60949.28,historical_seasonal_iqr,38257.50499999999,59723.06500000002
bus,2025-11-01,bus_city_route_km,61857.31,historical_seasonal_iqr,39983.72499999999,59196.24500000001
bus,2025-12-01,bus_city_route_km,62418.75,historical_seasonal_iqr,39653.785,60062.86499999999
bus,2026-01-01,bus_city_route_km,62371.65,historical_seasonal_iqr,38815.38500000001,61638.30499999999
bus,2026-02-01,bus_city_route_km,62632.58,historical_seasonal_iqr,39107.78999999999,61786.83
bus,2026-03-01,bus_city_route_km,63444.38,historical_seasonal_iqr,39506.33,61682.009999999995
bus,2026-04-01,bus_city_route_km,63382.46,historical_seasonal_iqr,40593.705,60964.705
bus,2026-05-01,bus_city_route_km,63368.12,historical_seasonal_iqr,39702.259999999995,62107.14
bus,2026-06-01,bus_city_route_km,64045.8,historical_seasonal_iqr,38587.90000000001,63653.979999999996
bus,2010-01-01,bus_city_vehicles,6498.0,historical_seasonal_iqr,5645.5,5869.5
bus,2010-02-01,bus_city_vehicles,6545.0,historical_seasonal_iqr,5528.5,5952.5
bus,2010-03-01,bus_city_vehicles,6588.0,historical_seasonal_iqr,5634.25,5912.25
bus,2010-04-01,bus_city_vehicles,6603.0,historical_seasonal_iqr,5602.5,5970.5
bus,2010-05-01,bus_city_vehicles,6603.0,historical_seasonal_iqr,5583.0,5987.0
bus,2010-06-01,bus_city_vehicles,6581.0,historical_seasonal_iqr,5441.25,6151.25
bus,2010-07-01,bus_city_vehicles,6581.0,historical_seasonal_iqr,5502.0,6082.0
bus,2010-08-01,bus_city_vehicles,6599.0,historical_seasonal_iqr,5453.0,6117.0
bus,2010-09-01,bus_city_vehicles,6590.0,historical_seasonal_iqr,5417.5,6137.5
bus,2010-10-01,bus_city_vehicles,6629.0,historical_seasonal_iqr,5383.25,6205.25
bus,2010-11-01,bus_city_vehicles,6692.0,historical_seasonal_iqr,5392.5,6240.5
bus,2010-12-01,bus_city_vehicles,6761.0,historical_seasonal_iqr,5500.5,6184.5
bus,2011-01-01,bus_city_vehicles,7136.0,historical_seasonal_iqr,5352.125,6379.125
bus,2011-02-01,bus_city_vehicles,7211.0,historical_seasonal_iqr,5185.625,6556.625
bus,2011-03-01,bus_city_vehicles,7216.0,historical_seasonal_iqr,5279.0,6513.0
bus,2011-04-01,bus_city_vehicles,7262.0,historical_seasonal_iqr,5235.0,6597.0
bus,2011-05-01,bus_city_vehicles,7246.0,historical_seasonal_iqr,5254.0,6576.0
bus,2011-06-01,bus_city_vehicles,7274.0,historical_seasonal_iqr,5112.375,6773.375
bus,2011-07-01,bus_city_vehicles,7274.0,historical_seasonal_iqr,5088.0,6782.0
bus,2011-08-01,bus_city_vehicles,7258.0,historical_seasonal_iqr,5146.5,6714.5
bus,2011-09-01,bus_city_vehicles,7293.0,historical_seasonal_iqr,5130.5,6720.5
bus,2011-10-01,bus_city_vehicles,7307.0,historical_seasonal_iqr,5132.875,6765.875
bus,2011-11-01,bus_city_vehicles,7347.0,historical_seasonal_iqr,5059.0,6905.0
bus,2011-12-01,bus_city_vehicles,7609.0,historical_seasonal_iqr,5114.5,6894.5
bus,2012-01-01,bus_city_vehicles,7783.0,historical_seasonal_iqr,4615.5,7627.5
bus,2012-05-01,bus_city_vehicles,7902.0,historical_seasonal_iqr,4508.0,7860.0
bus,2012-06-01,bus_city_vehicles,8055.0,historical_seasonal_iqr,4536.0,7808.0
bus,2012-07-01,bus_city_vehicles,8315.0,historical_seasonal_iqr,4446.0,7862.0
bus,2012-08-01,bus_city_vehicles,8288.0,historical_seasonal_iqr,4519.0,7847.0
bus,2012-09-01,bus_city_vehicles,8314.0,historical_seasonal_iqr,4530.0,7826.0
bus,2012-10-01,bus_city_vehicles,8379.0,historical_seasonal_iqr,4554.0,7874.0
bus,2012-11-01,bus_city_vehicles,8323.0,historical_seasonal_iqr,4442.0,8042.0
bus,2012-12-01,bus_city_vehicles,8507.0,historical_seasonal_iqr,4376.0,8192.0
bus,2017-08-01,bus_city_vehicles,10261.0,historical_seasonal_iqr,8133.5,10177.5
bus,2017-09-01,bus_city_vehicles,10273.0,historical_seasonal_iqr,8235.5,10079.5
bus,2017-12-01,bus_city_vehicles,10284.0,historical_seasonal_iqr,8941.0,9933.0
bus,2018-01-01,bus_city_vehicles,10474.0,historical_seasonal_iqr,8324.5,10256.5
bus,2018-02-01,bus_city_vehicles,10394.0,historical_seasonal_iqr,8322.5,10262.5
bus,2018-03-01,bus_city_vehicles,10291.0,historical_seasonal_iqr,8474.0,10218.0
bus,2018-04-01,bus_city_vehicles,10301.0,historical_seasonal_iqr,8543.5,10235.5
bus,2018-05-01,bus_city_vehicles,10339.0,historical_seasonal_iqr,8929.0,10017.0
bus,2018-06-01,bus_city_vehicles,10306.0,historical_seasonal_iqr,8643.0,10235.0
bus,2018-07-01,bus_city_vehicles,10505.0,historical_seasonal_iqr,8720.0,10200.0
bus,2018-09-01,bus_city_vehicles,10318.0,historical_seasonal_iqr,8753.5,10237.5
bus,2018-10-01,bus_city_vehicles,10408.0,historical_seasonal_iqr,9093.0,10029.0
bus,2018-11-01,bus_city_vehicles,10520.0,historical_seasonal_iqr,8932.0,10132.0
bus,2024-01-01,bus_city_vehicles,10499.0,historical_seasonal_iqr,10529.0,10929.0
bus,2024-03-01,bus_city_vehicles,10498.0,historical_seasonal_iqr,10576.5,10908.5
bus,2024-04-01,bus_city_vehicles,10502.0,historical_seasonal_iqr,10510.0,10982.0
bus,2024-06-01,bus_city_vehicles,10507.0,historical_seasonal_iqr,10707.0,10747.0
bus,2024-07-01,bus_city_vehicles,10495.0,historical_seasonal_iqr,10599.5,10947.5
bus,2024-08-01,bus_city_vehicles,10491.0,historical_seasonal_iqr,10575.5,11003.5
bus,2025-01-01,bus_city_vehicles,10495.0,historical_seasonal_iqr,10529.0,10929.0
bus,2025-03-01,bus_city_vehicles,10447.0,historical_seasonal_iqr,10576.5,10908.5
bus,2025-04-01,bus_city_vehicles,10487.0,historical_seasonal_iqr,10510.0,10982.0
bus,2025-05-01,bus_city_vehicles,10465.0,historical_seasonal_iqr,10486.0,10998.0
bus,2025-06-01,bus_city_vehicles,10439.0,historical_seasonal_iqr,10707.0,10747.0
bus,2025-07-01,bus_city_vehicles,10456.0,historical_seasonal_iqr,10599.5,10947.5
bus,2025-08-01,bus_city_vehicles,10455.0,historical_seasonal_iqr,10575.5,11003.5
bus,2010-01-01,bus_city_trips,2028499.0,historical_seasonal_iqr,2371797.5,2901469.5
bus,2010-02-01,bus_city_trips,1687742.0,historical_seasonal_iqr,2061181.25,2529283.25
bus,2010-03-01,bus_city_trips,2064461.0,historical_seasonal_iqr,2658017.5,2731933.5
bus,2010-04-01,bus_city_trips,1989652.0,historical_seasonal_iqr,2567314.25,2658964.25
bus,2010-05-01,bus_city_trips,2036975.0,historical_seasonal_iqr,2602415.25,2761181.25
bus,2010-06-01,bus_city_trips,2254786.0,historical_seasonal_iqr,2521453.0,2665413.0
bus,2010-07-01,bus_city_trips,1977259.0,historical_seasonal_iqr,2593329.0,2718017.0
bus,2010-08-01,bus_city_trips,1978250.0,historical_seasonal_iqr,2559977.75,2687619.75
bus,2010-09-01,bus_city_trips,1928838.0,historical_seasonal_iqr,2351930.5,2699094.5
bus,2010-10-01,bus_city_trips,2013820.0,historical_seasonal_iqr,2605391.0,2750271.0
bus,2010-11-01,bus_city_trips,1975330.0,historical_seasonal_iqr,2553433.5,2666377.5
bus,2010-12-01,bus_city_trips,2086505.0,historical_seasonal_iqr,2668493.75,2746367.75
bus,2011-06-01,bus_city_trips,2218341.0,historical_seasonal_iqr,2312653.0,2772685.0
bus,2018-05-01,bus_city_trips,2721529.0,historical_seasonal_iqr,2612875.5,2714183.5
bus,2020-01-01,bus_city_trips,2582065.0,historical_seasonal_iqr,2597722.5,2783734.5
bus,2020-02-01,bus_city_trips,2502458.0,historical_seasonal_iqr,2205410.0,2459490.0
bus,2020-08-01,bus_city_trips,2683682.0,historical_seasonal_iqr,2636554.5,2662070.5
bus,2021-03-01,bus_city_trips,2662875.0,historical_seasonal_iqr,2667977.5,2729445.5
bus,2021-05-01,bus_city_trips,2346467.0,historical_seasonal_iqr,2600834.0,2793946.0
bus,2021-06-01,bus_city_trips,1652421.0,historical_seasonal_iqr,2556046.5,2640794.5
bus,2021-07-01,bus_city_trips,1724927.0,historical_seasonal_iqr,2543433.0,2799481.0
bus,2021-08-01,bus_city_trips,2032174.0,historical_seasonal_iqr,2591059.5,2739255.5
bus,2021-09-01,bus_city_trips,2331929.0,historical_seasonal_iqr,2442628.5,2790856.5
bus,2021-10-01,bus_city_trips,2435217.0,historical_seasonal_iqr,2584932.0,2806108.0
bus,2021-11-01,bus_city_trips,2411010.0,historical_seasonal_iqr,2608659.5,2672015.5
bus,2021-12-01,bus_city_trips,2504194.0,historical_seasonal_iqr,2713573.0,2758861.0
bus,2022-02-01,bus_city_trips,2069197.0,historical_seasonal_iqr,2169852.5,2480824.5
bus,2022-03-01,bus_city_trips,2473722.0,historical_seasonal_iqr,2667977.5,2729445.5
bus,2022-04-01,bus_city_trips,2301969.0,historical_seasonal_iqr,2446205.5,2707161.5
bus,2022-05-01,bus_city_trips,2302424.0,historical_seasonal_iqr,2600834.0,2793946.0
bus,2022-06-01,bus_city_trips,2121465.0,historical_seasonal_iqr,2556046.5,2640794.5
bus,2022-07-01,bus_city_trips,2231757.0,historical_seasonal_iqr,2543433.0,2799481.0
bus,2022-08-01,bus_city_trips,2373864.0,historical_seasonal_iqr,2591059.5,2739255.5
bus,2022-09-01,bus_city_trips,2303839.0,historical_seasonal_iqr,2442628.5,2790856.5
bus,2022-10-01,bus_city_trips,2348286.0,historical_seasonal_iqr,2584932.0,2806108.0
bus,2022-11-01,bus_city_trips,2333252.0,historical_seasonal_iqr,2608659.5,2672015.5
bus,2022-12-01,bus_city_trips,2397920.0,historical_seasonal_iqr,2632980.5,2807216.5
bus,2023-01-01,bus_city_trips,2186602.0,historical_seasonal_iqr,2393720.5,2895972.5
bus,2023-02-01,bus_city_trips,2090936.0,historical_seasonal_iqr,2201460.0,2360228.0
bus,2023-03-01,bus_city_trips,2378606.0,historical_seasonal_iqr,2608134.0,2754110.0
bus,2023-04-01,bus_city_trips,2193171.0,historical_seasonal_iqr,2442523.0,2709371.0
bus,2025-11-01,bus_city_trips,2113487.0,historical_seasonal_iqr,2124122.5,2583142.5
bus,2026-02-01,bus_city_trips,1816199.0,historical_seasonal_iqr,1890766.0,2211038.0
bus,2026-05-01,bus_city_trips,2217370.0,historical_seasonal_iqr,2244381.5,2399161.5
bus,2010-01-01,bus_city_vehicle_km,30746789.0,historical_seasonal_iqr,25596537.0,30110401.0
bus,2010-03-01,bus_city_vehicle_km,31403339.0,historical_seasonal_iqr,27796903.25,29055233.25
bus,2010-04-01,bus_city_vehicle_km,30081092.0,historical_seasonal_iqr,26436012.5,28449008.5
bus,2010-05-01,bus_city_vehicle_km,30917334.0,historical_seasonal_iqr,28188178.75,28419712.75
bus,2010-06-01,bus_city_vehicle_km,34781414.0,historical_seasonal_iqr,26259929.0,28698021.0
bus,2010-07-01,bus_city_vehicle_km,30237434.0,historical_seasonal_iqr,26978205.75,28872819.75
bus,2010-08-01,bus_city_vehicle_km,30260798.0,historical_seasonal_iqr,27211740.5,28083968.5
bus,2010-09-01,bus_city_vehicle_km,29528607.0,historical_seasonal_iqr,24678910.0,28668570.0
bus,2010-10-01,bus_city_vehicle_km,31042698.0,historical_seasonal_iqr,26994735.0,29827923.0
bus,2010-11-01,bus_city_vehicle_km,30558835.0,historical_seasonal_iqr,26895982.25,28190064.25
bus,2010-12-01,bus_city_vehicle_km,32244024.0,historical_seasonal_iqr,28234551.0,29448411.0
bus,2011-01-01,bus_city_vehicle_km,32938540.0,historical_seasonal_iqr,25805809.875,31082148.875
bus,2011-02-01,bus_city_vehicle_km,28168723.0,historical_seasonal_iqr,21605644.375,27957417.375
bus,2011-03-01,bus_city_vehicle_km,33773410.0,historical_seasonal_iqr,26726009.375,31031216.375
bus,2011-04-01,bus_city_vehicle_km,31723183.0,historical_seasonal_iqr,25293376.125,30532281.125
bus,2011-05-01,bus_city_vehicle_km,32989758.0,historical_seasonal_iqr,27212592.875,30078643.875
bus,2011-07-01,bus_city_vehicle_km,33076627.0,historical_seasonal_iqr,25673659.375,31050698.375
bus,2011-08-01,bus_city_vehicle_km,33157487.0,historical_seasonal_iqr,26138292.375,29935271.375
bus,2011-09-01,bus_city_vehicle_km,32174679.0,historical_seasonal_iqr,22842635.0,31824117.0
bus,2011-10-01,bus_city_vehicle_km,33161367.0,historical_seasonal_iqr,26244518.25,31583870.25
bus,2011-11-01,bus_city_vehicle_km,32681581.0,historical_seasonal_iqr,25470760.75,30570490.75
bus,2011-12-01,bus_city_vehicle_km,34015652.0,historical_seasonal_iqr,27183399.875,31486252.875
bus,2012-02-01,bus_city_vehicle_km,32159841.0,historical_seasonal_iqr,22273026.0,27824130.0
bus,2012-05-01,bus_city_vehicle_km,35145053.0,historical_seasonal_iqr,24373299.0,34843755.0
bus,2012-07-01,bus_city_vehicle_km,35550497.0,historical_seasonal_iqr,23872379.0,34056467.0
bus,2012-08-01,bus_city_vehicle_km,35400899.0,historical_seasonal_iqr,23572535.5,34273755.5
bus,2012-09-01,bus_city_vehicle_km,34968150.0,historical_seasonal_iqr,21322962.0,34451994.0
bus,2012-10-01,bus_city_vehicle_km,36686992.0,historical_seasonal_iqr,24526878.0,34952190.0
bus,2012-11-01,bus_city_vehicle_km,35682393.0,historical_seasonal_iqr,22624387.5,35319503.5
bus,2013-10-01,bus_city_vehicle_km,40034730.0,historical_seasonal_iqr,22994412.0,39261540.0
bus,2014-01-01,bus_city_vehicle_km,39458510.0,historical_seasonal_iqr,27459162.5,36226166.5
bus,2017-09-01,bus_city_vehicle_km,41968376.0,historical_seasonal_iqr,37442597.0,39240533.0
bus,2018-05-01,bus_city_vehicle_km,43127341.0,historical_seasonal_iqr,38310152.5,43021180.5
bus,2018-07-01,bus_city_vehicle_km,42491562.0,historical_seasonal_iqr,38037469.0,42136725.0
bus,2018-09-01,bus_city_vehicle_km,41209543.0,historical_seasonal_iqr,36914845.0,40553589.0
bus,2018-10-01,bus_city_vehicle_km,43554543.0,historical_seasonal_iqr,40448770.5,41874854.5
bus,2018-11-01,bus_city_vehicle_km,43160581.0,historical_seasonal_iqr,37317990.0,42635726.0
bus,2019-01-01,bus_city_vehicle_km,44508671.0,historical_seasonal_iqr,39712977.0,42425001.0
bus,2019-04-01,bus_city_vehicle_km,42551668.0,historical_seasonal_iqr,36629994.0,42233410.0
bus,2019-07-01,bus_city_vehicle_km,44226456.0,historical_seasonal_iqr,38124964.5,43391744.5
bus,2019-12-01,bus_city_vehicle_km,46057533.0,historical_seasonal_iqr,40369620.5,44617920.5
bus,2020-02-01,bus_city_vehicle_km,40934829.0,historical_seasonal_iqr,34929536.0,38770104.0
bus,2020-04-01,bus_city_vehicle_km,42611140.0,historical_seasonal_iqr,37889344.0,42127072.0
bus,2021-05-01,bus_city_vehicle_km,38443861.0,historical_seasonal_iqr,40048900.0,45918700.0
bus,2021-06-01,bus_city_vehicle_km,27227119.0,historical_seasonal_iqr,40230386.5,42992270.5
bus,2021-07-01,bus_city_vehicle_km,28401980.0,historical_seasonal_iqr,37202071.0,48441087.0
bus,2021-08-01,bus_city_vehicle_km,33430312.0,historical_seasonal_iqr,42208727.5,43017763.5
bus,2021-09-01,bus_city_vehicle_km,38321789.0,historical_seasonal_iqr,39831827.5,43505735.5
bus,2021-10-01,bus_city_vehicle_km,39865035.0,historical_seasonal_iqr,40497328.0,45388872.0
bus,2022-02-01,bus_city_vehicle_km,34005418.0,historical_seasonal_iqr,36589143.0,38144271.0
bus,2022-03-01,bus_city_vehicle_km,40487593.0,historical_seasonal_iqr,41387741.5,44938841.5
bus,2022-05-01,bus_city_vehicle_km,37987904.0,historical_seasonal_iqr,40048900.0,45918700.0
bus,2022-06-01,bus_city_vehicle_km,35235911.0,historical_seasonal_iqr,40230386.5,42992270.5
bus,2022-07-01,bus_city_vehicle_km,37093931.0,historical_seasonal_iqr,37202071.0,48441087.0
bus,2022-08-01,bus_city_vehicle_km,39271312.0,historical_seasonal_iqr,42208727.5,43017763.5
bus,2022-09-01,bus_city_vehicle_km,37964898.0,historical_seasonal_iqr,39831827.5,43505735.5
bus,2022-10-01,bus_city_vehicle_km,38728710.0,historical_seasonal_iqr,40497328.0,45388872.0
bus,2022-11-01,bus_city_vehicle_km,38495414.0,historical_seasonal_iqr,38512732.5,45368648.5
bus,2022-12-01,bus_city_vehicle_km,39670027.0,historical_seasonal_iqr,40031776.5,47184684.5
bus,2023-01-01,bus_city_vehicle_km,36121006.0,historical_seasonal_iqr,39168081.5,45937173.5
bus,2023-03-01,bus_city_vehicle_km,39522397.0,historical_seasonal_iqr,41387741.5,44938841.5
bus,2023-04-01,bus_city_vehicle_km,36665511.0,historical_seasonal_iqr,37517308.0,45572284.0
bus,2026-02-01,bus_city_vehicle_km,31751103.0,historical_seasonal_iqr,32588057.5,36367685.5
bus,2026-05-01,bus_city_vehicle_km,37875296.0,historical_seasonal_iqr,38009683.5,38969703.5
bus,2010-03-01,bus_city_vehicle_days,169320.0,historical_seasonal_iqr,165730.5,166942.5
bus,2010-05-01,bus_city_vehicle_days,163719.0,historical_seasonal_iqr,164988.0,168948.0
bus,2010-08-01,bus_city_vehicle_days,168574.0,historical_seasonal_iqr,160489.0,168337.0
bus,2010-11-01,bus_city_vehicle_days,169956.0,historical_seasonal_iqr,157568.5,163504.5
bus,2010-12-01,bus_city_vehicle_days,178581.0,historical_seasonal_iqr,165382.25,168756.25
bus,2011-01-01,bus_city_vehicle_days,207571.0,historical_seasonal_iqr,160628.625,169539.625
bus,2011-02-01,bus_city_vehicle_days,183216.0,historical_seasonal_iqr,140943.0,155365.0
bus,2011-03-01,bus_city_vehicle_days,211816.0,historical_seasonal_iqr,164738.5,168826.5
bus,2011-04-01,bus_city_vehicle_days,206786.0,historical_seasonal_iqr,157118.375,165789.375
bus,2011-05-01,bus_city_vehicle_days,212652.0,historical_seasonal_iqr,162977.625,169676.625
bus,2011-06-01,bus_city_vehicle_days,206020.0,historical_seasonal_iqr,155813.0,166391.0
bus,2011-07-01,bus_city_vehicle_days,208431.0,historical_seasonal_iqr,160739.25,171469.25
bus,2011-08-01,bus_city_vehicle_days,209806.0,historical_seasonal_iqr,158654.375,172273.375
bus,2011-09-01,bus_city_vehicle_days,203339.0,historical_seasonal_iqr,150775.125,169764.125
bus,2011-10-01,bus_city_vehicle_days,212660.0,historical_seasonal_iqr,158985.625,175860.625
bus,2011-11-01,bus_city_vehicle_days,207351.0,historical_seasonal_iqr,154648.25,169496.25
bus,2011-12-01,bus_city_vehicle_days,219202.0,historical_seasonal_iqr,161161.625,176288.625
bus,2012-01-01,bus_city_vehicle_days,216038.0,historical_seasonal_iqr,160980.5,169544.5
bus,2012-02-01,bus_city_vehicle_days,206972.0,historical_seasonal_iqr,137352.0,161728.0
bus,2012-03-01,bus_city_vehicle_days,222746.0,historical_seasonal_iqr,161915.0,173763.0
bus,2012-04-01,bus_city_vehicle_days,219430.0,historical_seasonal_iqr,156554.0,166890.0
bus,2012-05-01,bus_city_vehicle_days,230659.0,historical_seasonal_iqr,163110.0,171030.0
bus,2012-06-01,bus_city_vehicle_days,225548.0,historical_seasonal_iqr,156471.0,166439.0
bus,2012-07-01,bus_city_vehicle_days,235065.0,historical_seasonal_iqr,161048.5,171876.5
bus,2012-08-01,bus_city_vehicle_days,234501.0,historical_seasonal_iqr,157366.5,175298.5
bus,2012-09-01,bus_city_vehicle_days,234878.0,historical_seasonal_iqr,151323.0,170195.0
bus,2012-10-01,bus_city_vehicle_days,249089.0,historical_seasonal_iqr,157495.5,180899.5
bus,2012-11-01,bus_city_vehicle_days,237869.0,historical_seasonal_iqr,146661.0,183933.0
bus,2012-12-01,bus_city_vehicle_days,248593.0,historical_seasonal_iqr,149681.0,195921.0
bus,2017-02-01,bus_city_vehicle_days,268494.0,historical_seasonal_iqr,193776.5,257716.5
bus,2017-03-01,bus_city_vehicle_days,307314.0,historical_seasonal_iqr,234677.0,285853.0
bus,2017-04-01,bus_city_vehicle_days,290043.0,historical_seasonal_iqr,229514.5,277038.5
bus,2017-05-01,bus_city_vehicle_days,299735.0,historical_seasonal_iqr,237716.0,289596.0
bus,2017-06-01,bus_city_vehicle_days,297113.0,historical_seasonal_iqr,228259.5,276687.5
bus,2017-07-01,bus_city_vehicle_days,290234.0,historical_seasonal_iqr,234021.0,281173.0
bus,2017-08-01,bus_city_vehicle_days,291393.0,historical_seasonal_iqr,242319.0,269767.0
bus,2017-09-01,bus_city_vehicle_days,300297.0,historical_seasonal_iqr,238568.0,271600.0
bus,2017-10-01,bus_city_vehicle_days,305869.0,historical_seasonal_iqr,246087.5,291835.5
bus,2017-11-01,bus_city_vehicle_days,304039.0,historical_seasonal_iqr,240320.5,278596.5
bus,2017-12-01,bus_city_vehicle_days,326256.0,historical_seasonal_iqr,257597.5,283225.5
bus,2018-01-01,bus_city_vehicle_days,308395.0,historical_seasonal_iqr,229156.5,305440.5
bus,2018-03-01,bus_city_vehicle_days,310038.0,historical_seasonal_iqr,247779.0,286603.0
bus,2018-04-01,bus_city_vehicle_days,301383.0,historical_seasonal_iqr,241158.0,275526.0
bus,2018-05-01,bus_city_vehicle_days,305682.0,historical_seasonal_iqr,246492.5,291664.5
bus,2018-06-01,bus_city_vehicle_days,292599.0,historical_seasonal_iqr,234525.0,279853.0
bus,2018-07-01,bus_city_vehicle_days,294584.0,historical_seasonal_iqr,239915.5,280151.5
bus,2018-11-01,bus_city_vehicle_days,311530.0,historical_seasonal_iqr,240916.5,283880.5
bus,2018-12-01,bus_city_vehicle_days,320668.0,historical_seasonal_iqr,241363.0,311683.0
bus,2020-02-01,bus_city_vehicle_days,310268.0,historical_seasonal_iqr,204381.5,306961.5
bus,2021-06-01,bus_city_vehicle_days,247955.0,historical_seasonal_iqr,284440.5,304716.5
bus,2021-07-01,bus_city_vehicle_days,248912.0,historical_seasonal_iqr,280755.5,306031.5
bus,2021-08-01,bus_city_vehicle_days,268835.0,historical_seasonal_iqr,276916.0,301860.0
bus,2021-12-01,bus_city_vehicle_days,302602.0,historical_seasonal_iqr,306422.5,344410.5
bus,2022-02-01,bus_city_vehicle_days,254682.0,historical_seasonal_iqr,256290.5,282382.5
bus,2022-12-01,bus_city_vehicle_days,301134.0,historical_seasonal_iqr,306422.5,344410.5
bus,2023-06-01,bus_city_vehicle_days,281039.0,historical_seasonal_iqr,287034.0,295938.0
bus,2024-02-01,bus_city_vehicle_days,253774.0,historical_seasonal_iqr,253797.5,286537.5
bus,2010-03-01,bus_city_fuel_liters,13000621.53,historical_seasonal_iqr,11514605.0,12422601.0
bus,2010-04-01,bus_city_fuel_liters,12494647.67,historical_seasonal_iqr,11672313.75,12008703.75
bus,2010-05-01,bus_city_fuel_liters,13387994.44,historical_seasonal_iqr,12170827.25,13370641.25
bus,2010-08-01,bus_city_fuel_liters,13703871.24,historical_seasonal_iqr,12713953.0,13195857.0
bus,2010-10-01,bus_city_fuel_liters,13327698.7,historical_seasonal_iqr,12427644.25,12649830.25
bus,2010-11-01,bus_city_fuel_liters,12589545.76,historical_seasonal_iqr,11775749.0,12043885.0
bus,2010-12-01,bus_city_fuel_liters,12998190.02,historical_seasonal_iqr,11629994.0,12500586.0
bus,2011-01-01,bus_city_fuel_liters,13093287.49,historical_seasonal_iqr,10718320.785,12986250.025000002
bus,2011-03-01,bus_city_fuel_liters,13633070.38,historical_seasonal_iqr,11012616.30125,13314170.83125
bus,2011-04-01,bus_city_fuel_liters,13451863.1,historical_seasonal_iqr,11435156.99875,12452799.668750001
bus,2011-05-01,bus_city_fuel_liters,14392505.62,historical_seasonal_iqr,11870605.085,13990285.524999999
bus,2011-06-01,bus_city_fuel_liters,14817521.64,historical_seasonal_iqr,11865266.919999998,13737379.8
bus,2011-07-01,bus_city_fuel_liters,15229201.48,historical_seasonal_iqr,12411260.028749999,14736306.618750002
bus,2011-08-01,bus_city_fuel_liters,15248774.92,historical_seasonal_iqr,12556585.16,13590875.400000002
bus,2011-09-01,bus_city_fuel_liters,14588169.79,historical_seasonal_iqr,10967709.80125,14555388.33125
bus,2011-10-01,bus_city_fuel_liters,14401769.86,historical_seasonal_iqr,12086810.112499999,13221873.812500002
bus,2011-11-01,bus_city_fuel_liters,13919311.33,historical_seasonal_iqr,11480571.215,12548515.974999998
bus,2011-12-01,bus_city_fuel_liters,13890306.9,historical_seasonal_iqr,11433670.117500002,13028527.137499997
bus,2012-02-01,bus_city_fuel_liters,13006516.04,historical_seasonal_iqr,9162133.465,11560740.224999998
bus,2012-04-01,bus_city_fuel_liters,14236031.27,historical_seasonal_iqr,10845743.495000001,13483990.175
bus,2012-05-01,bus_city_fuel_liters,15516726.42,historical_seasonal_iqr,11693540.84,14404666.599999998
bus,2012-06-01,bus_city_fuel_liters,15132417.8,historical_seasonal_iqr,11662485.0,14183445.0
bus,2012-07-01,bus_city_fuel_liters,16213906.74,historical_seasonal_iqr,12630764.615,14708946.975
bus,2012-08-01,bus_city_fuel_liters,15960037.08,historical_seasonal_iqr,11929745.64,14768346.600000001
bus,2012-09-01,bus_city_fuel_liters,15539462.51,historical_seasonal_iqr,10964766.205000002,14924032.325
bus,2012-10-01,bus_city_fuel_liters,15610948.17,historical_seasonal_iqr,11293336.950000001,14548315.749999998
bus,2012-11-01,bus_city_fuel_liters,14829795.64,historical_seasonal_iqr,10830183.86,13645162.899999999
bus,2012-12-01,bus_city_fuel_liters,15150795.01,historical_seasonal_iqr,10770257.47,14334949.549999999
bus,2013-01-01,bus_city_fuel_liters,15073877.99,historical_seasonal_iqr,10684881.465,14324760.224999998
bus,2013-02-01,bus_city_fuel_liters,12781648.6,historical_seasonal_iqr,9570033.205000002,12274915.325
bus,2014-01-01,bus_city_fuel_liters,15690749.74,historical_seasonal_iqr,11344064.365,14142821.365
bus,2017-02-01,bus_city_fuel_liters,43636036.4,historical_seasonal_iqr,11712147.724999998,15163796.565000001
bus,2017-08-01,bus_city_fuel_liters,19297036.6,historical_seasonal_iqr,15857215.740000004,19243298.139999993
bus,2017-09-01,bus_city_fuel_liters,19004722.3,historical_seasonal_iqr,16147792.885000004,17529451.564999998
bus,2018-03-01,bus_city_fuel_liters,17845004.1,historical_seasonal_iqr,15330749.41,17708979.570000004
bus,2018-11-01,bus_city_fuel_liters,18279741.1,historical_seasonal_iqr,15847863.944999998,17872180.705000006
bus,2019-01-01,bus_city_fuel_liters,17543319.0,historical_seasonal_iqr,15399767.600000001,17296538.799999997
bus,2019-04-01,bus_city_fuel_liters,18127193.38,historical_seasonal_iqr,15866117.885000002,17332121.925
bus,2019-06-01,bus_city_fuel_liters,18782208.09,historical_seasonal_iqr,17211388.174999997,18394025.015
bus,2019-07-01,bus_city_fuel_liters,19954439.02,historical_seasonal_iqr,17083083.225,19338420.145000003
bus,2019-10-01,bus_city_fuel_liters,18902510.07,historical_seasonal_iqr,17564337.574999996,18620023.535000004
bus,2020-04-01,bus_city_fuel_liters,19394735.81,historical_seasonal_iqr,16251844.95,17334186.95
bus,2020-06-01,bus_city_fuel_liters,18898044.04,historical_seasonal_iqr,17532783.555,18553924.475
bus,2020-07-01,bus_city_fuel_liters,19972242.4,historical_seasonal_iqr,18020124.685000002,18821739.125
bus,2021-05-01,bus_city_fuel_liters,15953671.8,historical_seasonal_iqr,17221835.97,19930971.89
bus,2021-06-01,bus_city_fuel_liters,10391058.1,historical_seasonal_iqr,16703028.364999998,20029715.925
bus,2021-07-01,bus_city_fuel_liters,11169239.7,historical_seasonal_iqr,16300013.470000003,22147094.349999998
bus,2021-08-01,bus_city_fuel_liters,13753287.3,historical_seasonal_iqr,17729439.540000003,20664885.139999997
bus,2021-10-01,bus_city_fuel_liters,16626461.1,historical_seasonal_iqr,17734905.200000003,19039534.799999997
bus,2021-11-01,bus_city_fuel_liters,15834754.9,historical_seasonal_iqr,16744796.449999997,18228673.65
bus,2021-12-01,bus_city_fuel_liters,16183841.9,historical_seasonal_iqr,17630684.199999996,18555991.4
bus,2022-03-01,bus_city_fuel_liters,16147216.7,historical_seasonal_iqr,17451153.744999997,18177614.425000004
bus,2022-05-01,bus_city_fuel_liters,14538185.0,historical_seasonal_iqr,16635361.119999997,20282856.800000004
bus,2022-06-01,bus_city_fuel_liters,14270152.6,historical_seasonal_iqr,16615966.364999996,20081953.125
bus,2022-07-01,bus_city_fuel_liters,15702353.0,historical_seasonal_iqr,15870166.720000004,22405002.4
bus,2022-10-01,bus_city_fuel_liters,15377048.1,historical_seasonal_iqr,17075101.474999998,19435417.035
bus,2022-11-01,bus_city_fuel_liters,15135049.8,historical_seasonal_iqr,16744796.449999997,18228673.65
bus,2022-12-01,bus_city_fuel_liters,15381688.9,historical_seasonal_iqr,17630684.199999996,18555991.4
bus,2023-01-01,bus_city_fuel_liters,13290719.22,historical_seasonal_iqr,15421847.149999999,18816202.11
bus,2023-02-01,bus_city_fuel_liters,12833321.04,historical_seasonal_iqr,14082771.700000003,15555913.299999997
bus,2023-03-01,bus_city_fuel_liters,14811504.05,historical_seasonal_iqr,17451153.744999997,18177614.425000004
bus,2023-04-01,bus_city_fuel_liters,13833052.74,historical_seasonal_iqr,13848883.430000003,20694179.349999998
bus,2024-01-01,bus_city_fuel_liters,13683018.02,historical_seasonal_iqr,13885585.45,19362817.849999998
bus,2026-04-01,bus_city_fuel_liters,11619038.84,historical_seasonal_iqr,11990567.775000002,16664008.934999999
bus,2026-05-01,bus_city_fuel_liters,11851708.37,historical_seasonal_iqr,13453670.340000002,16265049.78
bus,2026-06-01,bus_city_fuel_liters,11748674.26,historical_seasonal_iqr,13811104.350000001,14545581.549999997
bus,2010-03-01,bus_city_passengers,77740151.0,historical_seasonal_iqr,69210000.5,71035004.5
bus,2010-04-01,bus_city_passengers,72992264.0,historical_seasonal_iqr,63311080.0,70544276.0
bus,2010-05-01,bus_city_passengers,75858769.0,historical_seasonal_iqr,66029459.75,71408001.75
bus,2010-06-01,bus_city_passengers,71205351.0,historical_seasonal_iqr,61225661.5,70008685.5
bus,2010-07-01,bus_city_passengers,71196934.0,historical_seasonal_iqr,61893331.75,67956141.75
bus,2010-08-01,bus_city_passengers,71266161.0,historical_seasonal_iqr,59476805.25,68045131.25
bus,2010-09-01,bus_city_passengers,72572768.0,historical_seasonal_iqr,60289979.75,69279933.75
bus,2010-10-01,bus_city_passengers,77740864.0,historical_seasonal_iqr,65832053.0,73896085.0
bus,2010-11-01,bus_city_passengers,75872196.0,historical_seasonal_iqr,66603565.5,68955325.5
bus,2010-12-01,bus_city_passengers,81538398.0,historical_seasonal_iqr,70776224.5,73058728.5
bus,2011-01-01,bus_city_passengers,77076052.0,historical_seasonal_iqr,57202046.5,76014394.5
bus,2011-02-01,bus_city_passengers,67691511.0,historical_seasonal_iqr,49791548.25,64568406.25
bus,2011-03-01,bus_city_passengers,85018094.0,historical_seasonal_iqr,66768753.0,75577073.0
bus,2011-04-01,bus_city_passengers,81693940.0,historical_seasonal_iqr,63052421.25,73058653.25
bus,2011-05-01,bus_city_passengers,80009572.0,historical_seasonal_iqr,63569872.625,76337361.625
bus,2011-06-01,bus_city_passengers,74730670.0,historical_seasonal_iqr,61830248.375,71672577.375
bus,2011-07-01,bus_city_passengers,74966617.0,historical_seasonal_iqr,61048209.25,71008425.25
bus,2011-08-01,bus_city_passengers,76265040.0,historical_seasonal_iqr,55403895.375,75254220.375
bus,2011-09-01,bus_city_passengers,79182205.0,historical_seasonal_iqr,57162224.875,75559353.875
bus,2011-10-01,bus_city_passengers,81442001.0,historical_seasonal_iqr,63150359.5,79579391.5
bus,2011-11-01,bus_city_passengers,80996525.0,historical_seasonal_iqr,63531907.25,74363495.25
bus,2011-12-01,bus_city_passengers,84622037.0,historical_seasonal_iqr,67254813.25,79276601.25
bus,2012-02-01,bus_city_passengers,75814569.0,historical_seasonal_iqr,47415445.0,72324925.0
bus,2012-04-01,bus_city_passengers,81636384.0,historical_seasonal_iqr,59476574.0,81101678.0
bus,2012-05-01,bus_city_passengers,87205419.0,historical_seasonal_iqr,57884219.0,86643499.0
bus,2012-06-01,bus_city_passengers,79426134.0,historical_seasonal_iqr,59499343.5,78228955.5
bus,2012-07-01,bus_city_passengers,80461052.0,historical_seasonal_iqr,56703836.5,79892792.5
bus,2012-09-01,bus_city_passengers,84796702.0,historical_seasonal_iqr,52293558.0,84740294.0
bus,2012-10-01,bus_city_passengers,89842603.0,historical_seasonal_iqr,57804774.0,89702518.0
bus,2013-01-01,bus_city_passengers,86606958.0,historical_seasonal_iqr,62119592.5,78213372.5
bus,2014-01-01,bus_city_passengers,85908734.0,historical_seasonal_iqr,62822862.0,85627966.0
bus,2016-08-01,bus_city_passengers,87352995.0,historical_seasonal_iqr,77570475.5,85713463.5
bus,2017-01-01,bus_city_passengers,88468215.0,historical_seasonal_iqr,84861398.0,87654294.0
bus,2017-02-01,bus_city_passengers,82714021.0,historical_seasonal_iqr,66587926.5,81350554.5
bus,2017-03-01,bus_city_passengers,98924047.0,historical_seasonal_iqr,89664666.5,94631934.5
bus,2017-04-01,bus_city_passengers,89352769.0,historical_seasonal_iqr,84890105.0,89253809.0
bus,2017-05-01,bus_city_passengers,93526242.0,historical_seasonal_iqr,90289026.0,93036026.0
bus,2017-06-01,bus_city_passengers,89962044.0,historical_seasonal_iqr,82849378.0,88423410.0
bus,2017-09-01,bus_city_passengers,91392663.0,historical_seasonal_iqr,82205231.5,89115819.5
bus,2017-11-01,bus_city_passengers,94283034.0,historical_seasonal_iqr,87853853.0,93388765.0
bus,2017-12-01,bus_city_passengers,97808591.0,historical_seasonal_iqr,92213866.5,96886366.5
bus,2018-01-01,bus_city_passengers,93240059.0,historical_seasonal_iqr,84228700.5,90537288.5
bus,2018-03-01,bus_city_passengers,98148756.0,historical_seasonal_iqr,90288836.0,95320676.0
bus,2018-05-01,bus_city_passengers,97854583.0,historical_seasonal_iqr,89997656.0,95318640.0
bus,2018-06-01,bus_city_passengers,90989006.0,historical_seasonal_iqr,83763256.5,88486996.5
bus,2018-07-01,bus_city_passengers,88195230.0,historical_seasonal_iqr,81862007.0,87127935.0
bus,2018-10-01,bus_city_passengers,99450654.0,historical_seasonal_iqr,90681424.5,95712436.5
bus,2019-01-01,bus_city_passengers,94419607.0,historical_seasonal_iqr,83783730.0,91278906.0
bus,2019-04-01,bus_city_passengers,93056263.0,historical_seasonal_iqr,85014396.5,91955792.5
bus,2019-05-01,bus_city_passengers,98985631.0,historical_seasonal_iqr,89725389.5,95806753.5
bus,2019-07-01,bus_city_passengers,91683633.0,historical_seasonal_iqr,83053127.0,86541551.0
bus,2020-02-01,bus_city_passengers,69653973.0,historical_seasonal_iqr,70044348.0,83685500.0
bus,2020-03-01,bus_city_passengers,78856635.0,historical_seasonal_iqr,86361206.0,105221286.0
bus,2020-04-01,bus_city_passengers,68818792.0,historical_seasonal_iqr,84810125.0,92296245.0
bus,2020-05-01,bus_city_passengers,78922697.0,historical_seasonal_iqr,83232878.0,106627606.0
bus,2020-06-01,bus_city_passengers,79973377.0,historical_seasonal_iqr,80889804.0,95405388.0
bus,2020-08-01,bus_city_passengers,81156967.0,historical_seasonal_iqr,84852183.0,91521015.0
bus,2020-11-01,bus_city_passengers,87295411.0,historical_seasonal_iqr,93737851.0,94780443.0
bus,2020-12-01,bus_city_passengers,91682541.0,historical_seasonal_iqr,94284764.0,103681636.0
bus,2021-02-01,bus_city_passengers,65441631.0,historical_seasonal_iqr,70044348.0,83685500.0
bus,2021-04-01,bus_city_passengers,82256532.0,historical_seasonal_iqr,82741397.5,93537481.5
bus,2021-05-01,bus_city_passengers,50030523.0,historical_seasonal_iqr,83232878.0,106627606.0
bus,2021-06-01,bus_city_passengers,18111181.0,historical_seasonal_iqr,78893581.5,96603121.5
bus,2021-07-01,bus_city_passengers,25599950.0,historical_seasonal_iqr,75075595.0,96067011.0
bus,2021-08-01,bus_city_passengers,41350809.0,historical_seasonal_iqr,84852183.0,91521015.0
bus,2021-09-01,bus_city_passengers,54395637.0,historical_seasonal_iqr,80418989.0,97265053.0
bus,2021-10-01,bus_city_passengers,67357036.0,historical_seasonal_iqr,82026548.5,107763504.5
bus,2021-11-01,bus_city_passengers,72942267.0,historical_seasonal_iqr,93737851.0,94780443.0
bus,2021-12-01,bus_city_passengers,77515624.0,historical_seasonal_iqr,94284764.0,103681636.0
bus,2022-01-01,bus_city_passengers,66809161.0,historical_seasonal_iqr,70367029.0,106963877.0
bus,2022-02-01,bus_city_passengers,54411635.0,historical_seasonal_iqr,56279830.5,91944210.5
bus,2022-04-01,bus_city_passengers,60453078.0,historical_seasonal_iqr,71407905.0,100337577.0
bus,2022-05-01,bus_city_passengers,46658594.0,historical_seasonal_iqr,50524868.0,126252412.0
bus,2022-06-01,bus_city_passengers,50679008.0,historical_seasonal_iqr,64990376.5,104945044.5
bus,2022-07-01,bus_city_passengers,58851036.0,historical_seasonal_iqr,75075595.0,96067011.0
bus,2022-08-01,bus_city_passengers,64669408.0,historical_seasonal_iqr,69362113.0,100815057.0
bus,2022-09-01,bus_city_passengers,67618092.0,historical_seasonal_iqr,80418989.0,97265053.0
bus,2022-11-01,bus_city_passengers,73978797.0,historical_seasonal_iqr,76654321.0,105030561.0
bus,2022-12-01,bus_city_passengers,77416665.0,historical_seasonal_iqr,80579281.5,110187973.5
bus,2026-02-01,bus_city_passengers,60425565.0,historical_seasonal_iqr,62059477.5,68322281.5
bus,2026-03-01,bus_city_passengers,80841918.0,historical_seasonal_iqr,78631820.5,80013728.5
bus,2010-03-01,bus_city_daily_passengers,2507747.0,historical_seasonal_iqr,2232580.5,2291452.5
bus,2010-04-01,bus_city_daily_passengers,2433075.0,historical_seasonal_iqr,2110368.5,2351476.5
bus,2010-05-01,bus_city_daily_passengers,2447057.0,historical_seasonal_iqr,2129983.0,2303483.0
bus,2010-06-01,bus_city_daily_passengers,2373512.0,historical_seasonal_iqr,2040855.5,2333623.5
bus,2010-07-01,bus_city_daily_passengers,2296675.0,historical_seasonal_iqr,1996558.5,2192134.5
bus,2010-08-01,bus_city_daily_passengers,2298908.0,historical_seasonal_iqr,1918607.5,2195003.5
bus,2010-09-01,bus_city_daily_passengers,2419092.0,historical_seasonal_iqr,2009665.75,2309331.75
bus,2010-10-01,bus_city_daily_passengers,2507770.0,historical_seasonal_iqr,2123614.75,2383744.75
bus,2010-11-01,bus_city_daily_passengers,2529073.0,historical_seasonal_iqr,2220118.5,2298510.5
bus,2010-12-01,bus_city_daily_passengers,2630271.0,historical_seasonal_iqr,2283103.75,2356733.75
bus,2011-01-01,bus_city_daily_passengers,2486324.0,historical_seasonal_iqr,1845226.875,2452077.875
bus,2011-02-01,bus_city_daily_passengers,2417554.0,historical_seasonal_iqr,1647212.375,2384649.375
bus,2011-03-01,bus_city_daily_passengers,2742519.0,historical_seasonal_iqr,2153830.75,2437970.75
bus,2011-04-01,bus_city_daily_passengers,2723131.0,historical_seasonal_iqr,2101746.375,2435289.375
bus,2011-05-01,bus_city_daily_passengers,2580954.0,historical_seasonal_iqr,2050641.0,2462495.0
bus,2011-06-01,bus_city_daily_passengers,2491022.0,historical_seasonal_iqr,2061008.5,2389086.5
bus,2011-07-01,bus_city_daily_passengers,2418278.0,historical_seasonal_iqr,1969297.375,2290594.375
bus,2011-08-01,bus_city_daily_passengers,2460163.0,historical_seasonal_iqr,1787223.375,2427554.375
bus,2011-09-01,bus_city_daily_passengers,2639407.0,historical_seasonal_iqr,1905407.5,2518645.5
bus,2011-10-01,bus_city_daily_passengers,2627161.0,historical_seasonal_iqr,2037108.375,2567077.375
bus,2011-11-01,bus_city_daily_passengers,2699884.0,historical_seasonal_iqr,2117729.875,2478782.875
bus,2011-12-01,bus_city_daily_passengers,2729743.0,historical_seasonal_iqr,2169509.625,2557310.625
bus,2012-04-01,bus_city_daily_passengers,2721213.0,historical_seasonal_iqr,1982552.5,2703388.5
bus,2012-05-01,bus_city_daily_passengers,2813078.0,historical_seasonal_iqr,1867232.0,2794952.0
bus,2012-06-01,bus_city_daily_passengers,2647538.0,historical_seasonal_iqr,1983312.0,2607632.0
bus,2012-07-01,bus_city_daily_passengers,2595518.0,historical_seasonal_iqr,1829157.5,2577185.5
bus,2012-09-01,bus_city_daily_passengers,2826557.0,historical_seasonal_iqr,1743119.5,2824675.5
bus,2012-10-01,bus_city_daily_passengers,2898148.0,historical_seasonal_iqr,1864670.0,2893630.0
bus,2013-01-01,bus_city_daily_passengers,2793773.0,historical_seasonal_iqr,2003859.0,2523011.0
bus,2014-01-01,bus_city_daily_passengers,2771249.0,historical_seasonal_iqr,2026544.0,2762192.0
bus,2016-08-01,bus_city_daily_passengers,2817839.0,historical_seasonal_iqr,2502272.0,2764952.0
bus,2017-01-01,bus_city_daily_passengers,2853813.0,historical_seasonal_iqr,2737463.0,2827559.0
bus,2017-02-01,bus_city_daily_passengers,2954072.0,historical_seasonal_iqr,2518192.5,2671956.5
bus,2017-03-01,bus_city_daily_passengers,3191098.0,historical_seasonal_iqr,2892410.0,3052642.0
bus,2017-04-01,bus_city_daily_passengers,2978426.0,historical_seasonal_iqr,2829668.5,2975128.5
bus,2017-05-01,bus_city_daily_passengers,3016976.0,historical_seasonal_iqr,2912549.5,3001161.5
bus,2017-06-01,bus_city_daily_passengers,2998735.0,historical_seasonal_iqr,2761644.5,2947448.5
bus,2017-09-01,bus_city_daily_passengers,3046422.0,historical_seasonal_iqr,2740175.0,2970527.0
bus,2017-11-01,bus_city_daily_passengers,3142768.0,historical_seasonal_iqr,2928462.0,3112958.0
bus,2017-12-01,bus_city_daily_passengers,3155116.0,historical_seasonal_iqr,2974641.5,3125365.5
bus,2018-01-01,bus_city_daily_passengers,3007744.0,historical_seasonal_iqr,2717054.0,2920558.0
bus,2018-03-01,bus_city_daily_passengers,3166089.0,historical_seasonal_iqr,2912543.5,3074859.5
bus,2018-05-01,bus_city_daily_passengers,3156599.0,historical_seasonal_iqr,2903150.5,3074794.5
bus,2018-06-01,bus_city_daily_passengers,3032967.0,historical_seasonal_iqr,2792107.5,2949567.5
bus,2018-07-01,bus_city_daily_passengers,2845007.0,historical_seasonal_iqr,2640710.5,2810578.5
bus,2018-10-01,bus_city_daily_passengers,3208086.0,historical_seasonal_iqr,2925206.5,3087498.5
bus,2019-01-01,bus_city_daily_passengers,3045794.0,historical_seasonal_iqr,2702700.5,2944480.5
bus,2019-04-01,bus_city_daily_passengers,3101875.0,historical_seasonal_iqr,2833813.5,3065193.5
bus,2019-05-01,bus_city_daily_passengers,3193085.0,historical_seasonal_iqr,2894366.0,3090542.0
bus,2019-07-01,bus_city_daily_passengers,2957537.0,historical_seasonal_iqr,2679134.0,2791662.0
bus,2020-03-01,bus_city_daily_passengers,2543762.0,historical_seasonal_iqr,2785844.0,3394236.0
bus,2020-04-01,bus_city_daily_passengers,2293960.0,historical_seasonal_iqr,2827005.0,3076541.0
bus,2020-05-01,bus_city_daily_passengers,2545893.0,historical_seasonal_iqr,2684931.5,3439599.5
bus,2020-06-01,bus_city_daily_passengers,2665779.0,historical_seasonal_iqr,2696327.5,3180179.5
bus,2020-08-01,bus_city_daily_passengers,2617967.0,historical_seasonal_iqr,2737169.0,2952289.0
bus,2020-11-01,bus_city_daily_passengers,2909847.0,historical_seasonal_iqr,3124593.5,3159349.5
bus,2020-12-01,bus_city_daily_passengers,2957501.0,historical_seasonal_iqr,3041444.5,3344568.5
bus,2021-04-01,bus_city_daily_passengers,2741884.0,historical_seasonal_iqr,2758047.5,3117915.5
bus,2021-05-01,bus_city_daily_passengers,1613888.0,historical_seasonal_iqr,2684931.5,3439599.5
bus,2021-06-01,bus_city_daily_passengers,603706.0,historical_seasonal_iqr,2629785.0,3220105.0
bus,2021-07-01,bus_city_daily_passengers,825805.0,historical_seasonal_iqr,2421794.5,3098934.5
bus,2021-08-01,bus_city_daily_passengers,1333897.0,historical_seasonal_iqr,2737169.0,2952289.0
bus,2021-09-01,bus_city_daily_passengers,1813188.0,historical_seasonal_iqr,2680633.0,3242169.0
bus,2021-10-01,bus_city_daily_passengers,2172808.0,historical_seasonal_iqr,2646018.0,3476242.0
bus,2021-11-01,bus_city_daily_passengers,2431409.0,historical_seasonal_iqr,3124593.5,3159349.5
bus,2021-12-01,bus_city_daily_passengers,2500504.0,historical_seasonal_iqr,3041444.5,3344568.5
bus,2022-01-01,bus_city_daily_passengers,2155134.0,historical_seasonal_iqr,2269904.0,3450448.0
bus,2022-04-01,bus_city_daily_passengers,2015103.0,historical_seasonal_iqr,2380262.5,3344586.5
bus,2022-05-01,bus_city_daily_passengers,1505116.0,historical_seasonal_iqr,1629834.0,4072658.0
bus,2022-06-01,bus_city_daily_passengers,1689300.0,historical_seasonal_iqr,2166345.0,3498169.0
bus,2022-07-01,bus_city_daily_passengers,1898421.0,historical_seasonal_iqr,2421794.5,3098934.5
bus,2022-08-01,bus_city_daily_passengers,2086110.0,historical_seasonal_iqr,2237489.0,3252097.0
bus,2022-09-01,bus_city_daily_passengers,2253936.0,historical_seasonal_iqr,2680633.0,3242169.0
bus,2022-11-01,bus_city_daily_passengers,2465960.0,historical_seasonal_iqr,2555143.5,3501019.5
bus,2022-12-01,bus_city_daily_passengers,2497312.0,historical_seasonal_iqr,2599331.0,3554451.0
bus,2024-02-01,bus_city_daily_passengers,2220967.0,historical_seasonal_iqr,2240211.0,2498851.0
bus,2026-03-01,bus_city_daily_passengers,2607804.0,historical_seasonal_iqr,2536511.0,2581087.0
bus,2010-03-01,bus_city_passenger_km,624587056.0,historical_seasonal_iqr,530839321.75,582476631.75
bus,2010-04-01,bus_city_passenger_km,584023124.0,historical_seasonal_iqr,509292546.0,564594562.0
bus,2010-05-01,bus_city_passenger_km,607179417.0,historical_seasonal_iqr,539845466.75,568276360.75
bus,2010-06-01,bus_city_passenger_km,571267321.0,historical_seasonal_iqr,490667083.25,560073045.25
bus,2010-07-01,bus_city_passenger_km,572065211.0,historical_seasonal_iqr,497128513.25,550025575.25
bus,2010-08-01,bus_city_passenger_km,573589677.0,historical_seasonal_iqr,497446703.5,518139867.5
bus,2010-09-01,bus_city_passenger_km,583516936.0,historical_seasonal_iqr,481551574.25,559786016.25
bus,2010-10-01,bus_city_passenger_km,623760057.0,historical_seasonal_iqr,534462132.5,590880372.5
bus,2010-11-01,bus_city_passenger_km,600564207.0,historical_seasonal_iqr,532060263.25,558227401.25
bus,2010-12-01,bus_city_passenger_km,638893704.0,historical_seasonal_iqr,571635220.75,586141614.75
bus,2011-03-01,bus_city_passenger_km,647495326.0,historical_seasonal_iqr,521896831.0,613455679.0
bus,2011-04-01,bus_city_passenger_km,610397415.0,historical_seasonal_iqr,500783690.25,591187156.25
bus,2011-05-01,bus_city_passenger_km,638601543.0,historical_seasonal_iqr,529057655.25,595123481.25
bus,2011-06-01,bus_city_passenger_km,602775073.0,historical_seasonal_iqr,482349038.0,588061618.0
bus,2011-07-01,bus_city_passenger_km,609132277.0,historical_seasonal_iqr,484101743.625,581591758.625
bus,2011-08-01,bus_city_passenger_km,622638774.0,historical_seasonal_iqr,477140580.625,557158133.625
bus,2011-09-01,bus_city_passenger_km,644180965.0,historical_seasonal_iqr,450516333.5,617613317.5
bus,2011-10-01,bus_city_passenger_km,664320655.0,historical_seasonal_iqr,519523608.875,627675625.875
bus,2011-11-01,bus_city_passenger_km,662429187.0,historical_seasonal_iqr,515440305.75,591707319.75
bus,2011-12-01,bus_city_passenger_km,695691403.0,historical_seasonal_iqr,553830664.125,620361763.125
bus,2012-02-01,bus_city_passenger_km,623503781.0,historical_seasonal_iqr,391941479.0,573752775.0
bus,2012-04-01,bus_city_passenger_km,667712730.0,historical_seasonal_iqr,472313259.0,651049043.0
bus,2012-05-01,bus_city_passenger_km,708821679.0,historical_seasonal_iqr,482124944.5,682212100.5
bus,2012-06-01,bus_city_passenger_km,653447280.0,historical_seasonal_iqr,461319498.5,637236014.5
bus,2012-07-01,bus_city_passenger_km,644097366.0,historical_seasonal_iqr,452792401.0,643628897.0
bus,2012-09-01,bus_city_passenger_km,710102180.0,historical_seasonal_iqr,413389383.5,685593467.5
bus,2012-10-01,bus_city_passenger_km,751719529.0,historical_seasonal_iqr,475715559.5,712586755.5
bus,2012-11-01,bus_city_passenger_km,727086883.0,historical_seasonal_iqr,464673519.5,682098619.5
bus,2012-12-01,bus_city_passenger_km,756944664.0,historical_seasonal_iqr,492870779.0,726507459.0
bus,2013-01-01,bus_city_passenger_km,735650553.0,historical_seasonal_iqr,486051162.5,659343502.5
bus,2013-02-01,bus_city_passenger_km,617448282.0,historical_seasonal_iqr,403182557.0,571549085.0
bus,2013-04-01,bus_city_passenger_km,723619809.0,historical_seasonal_iqr,455337462.5,703433386.5
bus,2013-05-01,bus_city_passenger_km,775442377.0,historical_seasonal_iqr,437277493.0,759395973.0
bus,2013-06-01,bus_city_passenger_km,722210375.0,historical_seasonal_iqr,447845958.0,695732542.0
bus,2013-10-01,bus_city_passenger_km,803394932.0,historical_seasonal_iqr,440781035.0,798444427.0
bus,2014-01-01,bus_city_passenger_km,747304460.0,historical_seasonal_iqr,541622104.0,631485704.0
bus,2014-08-01,bus_city_passenger_km,767815806.0,historical_seasonal_iqr,463897686.0,756409662.0
bus,2016-02-01,bus_city_passenger_km,648136403.0,historical_seasonal_iqr,600675394.5,645403094.5
bus,2017-02-01,bus_city_passenger_km,693976681.0,historical_seasonal_iqr,586554848.0,685085336.0
bus,2017-05-01,bus_city_passenger_km,808491427.0,historical_seasonal_iqr,758118740.5,804315104.5
bus,2018-01-01,bus_city_passenger_km,801855838.0,historical_seasonal_iqr,712597498.5,779009790.5
bus,2018-03-01,bus_city_passenger_km,842504543.0,historical_seasonal_iqr,761706804.0,830768572.0
bus,2018-05-01,bus_city_passenger_km,856919825.0,historical_seasonal_iqr,735949852.0,848818508.0
bus,2018-07-01,bus_city_passenger_km,786082724.0,historical_seasonal_iqr,680201410.0,772282386.0
bus,2018-10-01,bus_city_passenger_km,876606863.0,historical_seasonal_iqr,771305017.0,822648881.0
bus,2018-11-01,bus_city_passenger_km,852600966.0,historical_seasonal_iqr,770515201.5,812893661.5
bus,2018-12-01,bus_city_passenger_km,867994366.0,historical_seasonal_iqr,783935309.5,866183417.5
bus,2019-01-01,bus_city_passenger_km,835517503.0,historical_seasonal_iqr,721146702.5,790900722.5
bus,2019-04-01,bus_city_passenger_km,826864298.0,historical_seasonal_iqr,727638014.5,798159130.5
bus,2019-05-01,bus_city_passenger_km,876634542.0,historical_seasonal_iqr,754741529.5,840741365.5
bus,2019-07-01,bus_city_passenger_km,826194362.0,historical_seasonal_iqr,701404262.0,775162566.0
bus,2019-08-01,bus_city_passenger_km,800318886.0,historical_seasonal_iqr,725672723.5,798017287.5
bus,2019-12-01,bus_city_passenger_km,945457086.0,historical_seasonal_iqr,826154968.5,850477916.5
bus,2020-03-01,bus_city_passenger_km,713926063.0,historical_seasonal_iqr,748419208.0,898955744.0
bus,2020-04-01,bus_city_passenger_km,622572678.0,historical_seasonal_iqr,708665575.0,829779863.0
bus,2021-05-01,bus_city_passenger_km,457471469.0,historical_seasonal_iqr,660309257.5,974886165.5
bus,2021-06-01,bus_city_passenger_km,166613116.0,historical_seasonal_iqr,624365197.0,899498693.0
bus,2021-07-01,bus_city_passenger_km,235628676.0,historical_seasonal_iqr,665255964.0,858578780.0
bus,2021-08-01,bus_city_passenger_km,384518993.0,historical_seasonal_iqr,681526508.5,871594312.5
bus,2021-09-01,bus_city_passenger_km,501921076.0,historical_seasonal_iqr,723251689.0,869270513.0
bus,2021-10-01,bus_city_passenger_km,614758410.0,historical_seasonal_iqr,665186648.0,994140032.0
bus,2021-11-01,bus_city_passenger_km,652551647.0,historical_seasonal_iqr,739817224.5,875239836.5
bus,2021-12-01,bus_city_passenger_km,690130113.0,historical_seasonal_iqr,786198636.0,917071804.0
bus,2022-01-01,bus_city_passenger_km,594930745.0,historical_seasonal_iqr,682479195.5,873481823.5
bus,2022-02-01,bus_city_passenger_km,485424463.0,historical_seasonal_iqr,564219387.0,767129203.0
bus,2022-03-01,bus_city_passenger_km,684342709.0,historical_seasonal_iqr,720343623.0,915801095.0
bus,2022-04-01,bus_city_passenger_km,538367879.0,historical_seasonal_iqr,695904520.0,837436496.0
bus,2022-05-01,bus_city_passenger_km,413808310.0,historical_seasonal_iqr,497494865.0,1072574801.0
bus,2022-06-01,bus_city_passenger_km,446212044.0,historical_seasonal_iqr,623297832.0,900139112.0
bus,2022-07-01,bus_city_passenger_km,527323719.0,historical_seasonal_iqr,665255964.0,858578780.0
bus,2022-08-01,bus_city_passenger_km,578959360.0,historical_seasonal_iqr,652897241.0,888771873.0
bus,2022-09-01,bus_city_passenger_km,599023070.0,historical_seasonal_iqr,723251689.0,869270513.0
bus,2022-10-01,bus_city_passenger_km,625190379.0,historical_seasonal_iqr,665186648.0,994140032.0
bus,2022-11-01,bus_city_passenger_km,649111274.0,historical_seasonal_iqr,739817224.5,875239836.5
bus,2022-12-01,bus_city_passenger_km,686139471.0,historical_seasonal_iqr,768220061.0,927858949.0
bus,2023-01-01,bus_city_passenger_km,572152051.0,historical_seasonal_iqr,630517993.0,904658545.0
bus,2010-03-01,bus_city_revenue_twd,1184295499.0,historical_seasonal_iqr,1052303632.75,1104769174.75
bus,2010-04-01,bus_city_revenue_twd,1120739094.0,historical_seasonal_iqr,958914671.5,1100136867.5
bus,2010-05-01,bus_city_revenue_twd,1143012146.0,historical_seasonal_iqr,1016887994.0,1102246058.0
bus,2010-06-01,bus_city_revenue_twd,1094780322.0,historical_seasonal_iqr,934255548.25,1084517906.25
bus,2010-07-01,bus_city_revenue_twd,1095831382.0,historical_seasonal_iqr,959399526.5,1035249114.5
bus,2010-08-01,bus_city_revenue_twd,1095697008.0,historical_seasonal_iqr,907999944.75,1056086982.75
bus,2010-09-01,bus_city_revenue_twd,1113180708.0,historical_seasonal_iqr,904366311.5,1092799491.5
bus,2010-10-01,bus_city_revenue_twd,1195727020.0,historical_seasonal_iqr,1015486450.75,1145710264.75
bus,2010-11-01,bus_city_revenue_twd,1185660165.0,historical_seasonal_iqr,1038982589.5,1053169229.5
bus,2010-12-01,bus_city_revenue_twd,1230457787.0,historical_seasonal_iqr,1088069362.5,1131541702.5
bus,2011-02-01,bus_city_revenue_twd,984243479.0,historical_seasonal_iqr,772320504.875,980814243.875
bus,2011-03-01,bus_city_revenue_twd,1257338509.0,historical_seasonal_iqr,1019258948.875,1170460679.875
bus,2011-04-01,bus_city_revenue_twd,1188593954.0,historical_seasonal_iqr,958464649.875,1138418932.875
bus,2011-05-01,bus_city_revenue_twd,1220934126.0,historical_seasonal_iqr,975836384.0,1176417608.0
bus,2011-06-01,bus_city_revenue_twd,1155823775.0,historical_seasonal_iqr,943688592.625,1111840871.625
bus,2011-07-01,bus_city_revenue_twd,1167088046.0,historical_seasonal_iqr,947761515.25,1078830717.25
bus,2011-08-01,bus_city_revenue_twd,1191660684.0,historical_seasonal_iqr,847086460.375,1166824611.375
bus,2011-09-01,bus_city_revenue_twd,1228282622.0,historical_seasonal_iqr,889765792.125,1157856601.125
bus,2011-10-01,bus_city_revenue_twd,1265576328.0,historical_seasonal_iqr,968534353.5,1238977013.5
bus,2011-11-01,bus_city_revenue_twd,1255482136.0,historical_seasonal_iqr,985898235.0,1143094233.0
bus,2011-12-01,bus_city_revenue_twd,1399528110.0,historical_seasonal_iqr,1047760818.5,1207213770.5
bus,2012-02-01,bus_city_revenue_twd,1255228246.0,historical_seasonal_iqr,718870931.0,1127533763.0
bus,2012-03-01,bus_city_revenue_twd,1447473762.0,historical_seasonal_iqr,923409214.0,1340827270.0
bus,2012-04-01,bus_city_revenue_twd,1366974490.0,historical_seasonal_iqr,918946401.5,1241814709.5
bus,2012-05-01,bus_city_revenue_twd,1452362007.0,historical_seasonal_iqr,918510326.0,1277713238.0
bus,2012-06-01,bus_city_revenue_twd,1339377910.0,historical_seasonal_iqr,915048172.0,1202619612.0
bus,2012-07-01,bus_city_revenue_twd,1365080363.0,historical_seasonal_iqr,871207452.0,1230605740.0
bus,2012-08-01,bus_city_revenue_twd,1368563446.0,historical_seasonal_iqr,782564363.0,1283576595.0
bus,2012-09-01,bus_city_revenue_twd,1435193560.0,historical_seasonal_iqr,844156280.5,1274595364.5
bus,2012-10-01,bus_city_revenue_twd,1519944117.0,historical_seasonal_iqr,895360272.5,1375947068.5
bus,2012-11-01,bus_city_revenue_twd,1460900241.0,historical_seasonal_iqr,834986975.0,1396064079.0
bus,2012-12-01,bus_city_revenue_twd,1518005267.0,historical_seasonal_iqr,931162972.0,1410034676.0
bus,2013-01-01,bus_city_revenue_twd,1476365978.0,historical_seasonal_iqr,893837601.5,1328333013.5
bus,2013-02-01,bus_city_revenue_twd,1232556572.0,historical_seasonal_iqr,720494086.5,1142493114.5
bus,2013-03-01,bus_city_revenue_twd,1545784367.0,historical_seasonal_iqr,839612756.5,1507973960.5
bus,2013-04-01,bus_city_revenue_twd,1469480352.0,historical_seasonal_iqr,852946746.5,1389982278.5
bus,2013-05-01,bus_city_revenue_twd,1565491659.0,historical_seasonal_iqr,886754186.0,1421442090.0
bus,2013-06-01,bus_city_revenue_twd,1445824612.0,historical_seasonal_iqr,849893292.5,1339382064.5
bus,2013-07-01,bus_city_revenue_twd,1431043742.0,historical_seasonal_iqr,768441001.0,1406276273.0
bus,2013-10-01,bus_city_revenue_twd,1611530096.0,historical_seasonal_iqr,897066378.0,1486682298.0
bus,2014-01-01,bus_city_revenue_twd,1515243399.0,historical_seasonal_iqr,955783075.5,1330972991.5
bus,2016-08-01,bus_city_revenue_twd,1561465412.0,historical_seasonal_iqr,1258593841.0,1551846121.0
bus,2017-02-01,bus_city_revenue_twd,1459734320.0,historical_seasonal_iqr,1174194961.0,1390283721.0
bus,2017-03-01,bus_city_revenue_twd,1727013054.0,historical_seasonal_iqr,1482594180.5,1651101344.5
bus,2017-04-01,bus_city_revenue_twd,1628238356.0,historical_seasonal_iqr,1395223521.0,1593241737.0
bus,2017-05-01,bus_city_revenue_twd,1703611536.0,historical_seasonal_iqr,1535747995.5,1615064431.5
bus,2017-06-01,bus_city_revenue_twd,1620661434.0,historical_seasonal_iqr,1353114268.0,1600341852.0
bus,2017-09-01,bus_city_revenue_twd,1604087708.0,historical_seasonal_iqr,1409441472.5,1547854676.5
bus,2017-11-01,bus_city_revenue_twd,1643452512.0,historical_seasonal_iqr,1501283864.5,1582726092.5
bus,2017-12-01,bus_city_revenue_twd,1674980436.0,historical_seasonal_iqr,1544239938.5,1656045334.5
bus,2018-01-01,bus_city_revenue_twd,1681874731.0,historical_seasonal_iqr,1438520000.0,1574418320.0
bus,2018-03-01,bus_city_revenue_twd,1767448983.0,historical_seasonal_iqr,1550578770.0,1639280746.0
bus,2018-04-01,bus_city_revenue_twd,1615194115.0,historical_seasonal_iqr,1494798667.0,1534240051.0
bus,2018-05-01,bus_city_revenue_twd,1767046035.0,historical_seasonal_iqr,1518485878.0,1681313310.0
bus,2018-06-01,bus_city_revenue_twd,1652459562.0,historical_seasonal_iqr,1411706815.5,1573773739.5
bus,2018-07-01,bus_city_revenue_twd,1669203886.0,historical_seasonal_iqr,1407772777.0,1523842913.0
bus,2018-09-01,bus_city_revenue_twd,1699697581.0,historical_seasonal_iqr,1445743978.5,1559855774.5
bus,2018-10-01,bus_city_revenue_twd,1882936763.0,historical_seasonal_iqr,1614081660.5,1631839368.5
bus,2018-11-01,bus_city_revenue_twd,1842039681.0,historical_seasonal_iqr,1508247770.5,1612360134.5
bus,2018-12-01,bus_city_revenue_twd,1862288162.0,historical_seasonal_iqr,1573399209.5,1639700117.5
bus,2019-01-01,bus_city_revenue_twd,1771320306.0,historical_seasonal_iqr,1446808941.0,1629300829.0
bus,2019-07-01,bus_city_revenue_twd,1769425955.0,historical_seasonal_iqr,1388652635.5,1621616999.5
bus,2019-08-01,bus_city_revenue_twd,1736757796.0,historical_seasonal_iqr,1352244096.0,1731691936.0
bus,2019-10-01,bus_city_revenue_twd,1885132503.0,historical_seasonal_iqr,1613028262.0,1634880142.0
bus,2019-11-01,bus_city_revenue_twd,1826476718.0,historical_seasonal_iqr,1403045999.5,1787696419.5
bus,2019-12-01,bus_city_revenue_twd,1991770660.0,historical_seasonal_iqr,1522825123.5,1766273623.5
bus,2020-04-01,bus_city_revenue_twd,1328327656.0,historical_seasonal_iqr,1356266296.0,1791421592.0
bus,2021-05-01,bus_city_revenue_twd,992646787.0,historical_seasonal_iqr,1400063505.0,1987235553.0
bus,2021-06-01,bus_city_revenue_twd,372619511.0,historical_seasonal_iqr,1381149752.0,1815245448.0
bus,2021-07-01,bus_city_revenue_twd,517394490.0,historical_seasonal_iqr,1331832578.5,1871626670.5
bus,2021-08-01,bus_city_revenue_twd,828946747.0,historical_seasonal_iqr,1375752004.0,1897786708.0
bus,2021-09-01,bus_city_revenue_twd,1087667585.0,historical_seasonal_iqr,1460672898.5,1843112390.5
bus,2022-01-01,bus_city_revenue_twd,1350331566.0,historical_seasonal_iqr,1417765316.0,1840340380.0
bus,2022-02-01,bus_city_revenue_twd,1107730872.0,historical_seasonal_iqr,1216376535.0,1605748991.0
bus,2022-03-01,bus_city_revenue_twd,1555745516.0,historical_seasonal_iqr,1612882955.5,1860188599.5
bus,2022-04-01,bus_city_revenue_twd,1227531207.0,historical_seasonal_iqr,1595627753.5,1647804717.5
bus,2022-05-01,bus_city_revenue_twd,954194060.0,historical_seasonal_iqr,1163486400.0,2129181816.0
bus,2022-06-01,bus_city_revenue_twd,1028139768.0,historical_seasonal_iqr,1381149752.0,1815245448.0
bus,2022-07-01,bus_city_revenue_twd,1204317010.0,historical_seasonal_iqr,1331832578.5,1871626670.5
bus,2022-08-01,bus_city_revenue_twd,1317744096.0,historical_seasonal_iqr,1375752004.0,1897786708.0
bus,2022-09-01,bus_city_revenue_twd,1364844018.0,historical_seasonal_iqr,1460672898.5,1843112390.5
bus,2025-10-01,bus_city_revenue_twd,1898896587.0,historical_seasonal_iqr,1411400049.0,1877565681.0
bus,2025-12-01,bus_city_revenue_twd,2004979527.0,historical_seasonal_iqr,1607391016.5,2001264924.5
bus,2011-05-01,bus_highway_route_km,50400.6,historical_seasonal_iqr,51496.01250000001,60528.712499999994
bus,2011-06-01,bus_highway_route_km,49447.7,historical_seasonal_iqr,51729.925,60279.72499999999
bus,2011-07-01,bus_highway_route_km,48372.6,historical_seasonal_iqr,53022.450000000004,59268.24999999999
bus,2011-08-01,bus_highway_route_km,48880.9,historical_seasonal_iqr,52070.287500000006,62527.38750000001
bus,2011-09-01,bus_highway_route_km,48695.1,historical_seasonal_iqr,52919.899999999994,58756.5
bus,2011-10-01,bus_highway_route_km,48672.5,historical_seasonal_iqr,51797.58124999999,59373.131250000006
bus,2011-11-01,bus_highway_route_km,48764.9,historical_seasonal_iqr,52056.31249999999,59192.012500000004
bus,2011-12-01,bus_highway_route_km,47595.3,historical_seasonal_iqr,52544.850000000006,58394.25
bus,2012-01-01,bus_highway_route_km,47055.8,historical_seasonal_iqr,47963.3,64087.3
bus,2012-02-01,bus_highway_route_km,46675.8,historical_seasonal_iqr,48447.100000000006,62841.5
bus,2012-03-01,bus_highway_route_km,46693.2,historical_seasonal_iqr,48734.350000000006,62363.54999999999
bus,2012-04-01,bus_highway_route_km,46545.4,historical_seasonal_iqr,48968.49999999999,62043.700000000004
bus,2012-05-01,bus_highway_route_km,46176.7,historical_seasonal_iqr,51850.50000000001,59723.299999999996
bus,2012-06-01,bus_highway_route_km,45856.7,historical_seasonal_iqr,51075.7,59994.09999999999
bus,2012-07-01,bus_highway_route_km,45351.2,historical_seasonal_iqr,53089.49999999999,58508.700000000004
bus,2012-08-01,bus_highway_route_km,44718.3,historical_seasonal_iqr,50959.05,62562.65000000001
bus,2012-09-01,bus_highway_route_km,44840.2,historical_seasonal_iqr,52165.25,58407.25
bus,2012-10-01,bus_highway_route_km,44579.17,historical_seasonal_iqr,51641.0,58614.600000000006
bus,2012-11-01,bus_highway_route_km,44669.47,historical_seasonal_iqr,52175.899999999994,58012.70000000001
bus,2012-12-01,bus_highway_route_km,43739.87,historical_seasonal_iqr,52778.399999999994,57155.20000000001
bus,2013-01-01,bus_highway_route_km,42573.77,historical_seasonal_iqr,44130.149999999994,61317.75
bus,2013-02-01,bus_highway_route_km,42373.71,historical_seasonal_iqr,43995.600000000006,61398.79999999999
bus,2013-03-01,bus_highway_route_km,42556.61,historical_seasonal_iqr,43536.5,61674.899999999994
bus,2013-04-01,bus_highway_route_km,42559.06,historical_seasonal_iqr,43713.70000000001,61500.899999999994
bus,2013-05-01,bus_highway_route_km,42559.37,historical_seasonal_iqr,43636.35,61674.35
bus,2017-02-01,bus_highway_route_km,38032.66,historical_seasonal_iqr,38786.08500000001,44526.28499999999
bus,2017-03-01,bus_highway_route_km,37298.93,historical_seasonal_iqr,38378.11,45063.71000000001
bus,2017-04-01,bus_highway_route_km,37157.08,historical_seasonal_iqr,37966.485,45314.604999999996
bus,2017-05-01,bus_highway_route_km,37217.33,historical_seasonal_iqr,38070.895000000004,45252.455
bus,2017-06-01,bus_highway_route_km,37115.46,historical_seasonal_iqr,37575.15999999999,45432.12000000001
bus,2017-07-01,bus_highway_route_km,36816.09,historical_seasonal_iqr,37116.78499999999,45208.58500000001
bus,2017-08-01,bus_highway_route_km,37138.77,historical_seasonal_iqr,37336.93500000001,45688.575
bus,2017-09-01,bus_highway_route_km,37158.77,historical_seasonal_iqr,39691.43500000001,41783.075
bus,2017-10-01,bus_highway_route_km,37143.27,historical_seasonal_iqr,39926.645000000004,41593.72499999999
bus,2017-11-01,bus_highway_route_km,37089.19,historical_seasonal_iqr,39789.595,41784.67499999999
bus,2017-12-01,bus_highway_route_km,36961.29,historical_seasonal_iqr,39824.515,41786.47499999999
bus,2018-01-01,bus_highway_route_km,36896.09,historical_seasonal_iqr,40003.045,41504.045
bus,2018-02-01,bus_highway_route_km,36963.35,historical_seasonal_iqr,40011.465,41535.345
bus,2018-03-01,bus_highway_route_km,36958.8,historical_seasonal_iqr,40197.66499999999,41311.30500000001
bus,2018-04-01,bus_highway_route_km,36839.44,historical_seasonal_iqr,40167.81,41241.73000000001
bus,2018-05-01,bus_highway_route_km,37230.44,historical_seasonal_iqr,39779.995,41441.23499999999
bus,2018-06-01,bus_highway_route_km,37134.44,historical_seasonal_iqr,40015.630000000005,41058.91
bus,2018-07-01,bus_highway_route_km,36835.22,historical_seasonal_iqr,39145.65499999999,41278.17500000001
bus,2018-08-01,bus_highway_route_km,37176.3,historical_seasonal_iqr,40110.30499999999,40825.785
bus,2018-09-01,bus_highway_route_km,37164.24,historical_seasonal_iqr,38306.24,42478.560000000005
bus,2018-10-01,bus_highway_route_km,36665.26,historical_seasonal_iqr,38369.545000000006,42498.784999999996
bus,2018-11-01,bus_highway_route_km,36632.49,historical_seasonal_iqr,38593.04500000001,42288.685
bus,2021-06-01,bus_highway_route_km,32792.47,historical_seasonal_iqr,34559.090000000004,38679.65
bus,2021-07-01,bus_highway_route_km,33250.27,historical_seasonal_iqr,33785.545,38665.02500000001
bus,2021-09-01,bus_highway_route_km,32785.62,historical_seasonal_iqr,33420.81500000001,39410.29499999999
bus,2021-10-01,bus_highway_route_km,33583.29,historical_seasonal_iqr,33763.395000000004,39171.19499999999
bus,2021-11-01,bus_highway_route_km,33344.56,historical_seasonal_iqr,33737.514999999985,39100.19500000001
bus,2021-12-01,bus_highway_route_km,33494.86,historical_seasonal_iqr,33812.115000000005,38850.795
bus,2022-01-01,bus_highway_route_km,33118.56,historical_seasonal_iqr,35201.715,37912.715
bus,2022-02-01,bus_highway_route_km,32893.71,historical_seasonal_iqr,35054.20000000001,38108.84
bus,2022-03-01,bus_highway_route_km,32274.11,historical_seasonal_iqr,35105.75,38070.630000000005
bus,2022-04-01,bus_highway_route_km,32199.61,historical_seasonal_iqr,34936.41500000001,37981.255000000005
bus,2022-05-01,bus_highway_route_km,32051.91,historical_seasonal_iqr,34356.630000000005,38933.75
bus,2022-06-01,bus_highway_route_km,31668.81,historical_seasonal_iqr,34467.31,38704.350000000006
bus,2022-07-01,bus_highway_route_km,31478.56,historical_seasonal_iqr,33078.21500000001,39058.81499999999
bus,2022-08-01,bus_highway_route_km,31377.11,historical_seasonal_iqr,33312.22000000001,39434.69999999999
bus,2022-09-01,bus_highway_route_km,31491.84,historical_seasonal_iqr,32562.920000000006,39916.27999999999
bus,2022-10-01,bus_highway_route_km,31519.24,historical_seasonal_iqr,33415.685,38615.005000000005
bus,2022-11-01,bus_highway_route_km,31365.34,historical_seasonal_iqr,33484.09,38521.53
bus,2022-12-01,bus_highway_route_km,31147.58,historical_seasonal_iqr,33816.265,38016.30500000001
bus,2023-01-01,bus_highway_route_km,30775.14,historical_seasonal_iqr,34069.890000000014,37513.649999999994
bus,2023-02-01,bus_highway_route_km,30555.66,historical_seasonal_iqr,34014.965000000004,37572.525
bus,2023-03-01,bus_highway_route_km,30500.16,historical_seasonal_iqr,33843.240000000005,37682.2
bus,2023-04-01,bus_highway_route_km,30362.71,historical_seasonal_iqr,33591.96499999999,37687.92500000001
bus,2023-05-01,bus_highway_route_km,30372.66,historical_seasonal_iqr,33650.19,37587.47
bus,2023-10-01,bus_highway_route_km,30105.62,historical_seasonal_iqr,30271.245000000003,39103.365
bus,2023-12-01,bus_highway_route_km,29878.77,historical_seasonal_iqr,30184.719999999998,39011.76000000001
bus,2011-09-01,bus_highway_vehicles,6922.0,historical_seasonal_iqr,6942.625,7385.625
bus,2011-10-01,bus_highway_vehicles,6912.0,historical_seasonal_iqr,6951.375,7378.375
bus,2011-12-01,bus_highway_vehicles,6798.0,historical_seasonal_iqr,6958.875,7395.875
bus,2012-01-01,bus_highway_vehicles,6621.0,historical_seasonal_iqr,6668.0,7828.0
bus,2012-02-01,bus_highway_vehicles,6522.0,historical_seasonal_iqr,6912.0,7504.0
bus,2012-03-01,bus_highway_vehicles,6448.0,historical_seasonal_iqr,6669.5,7657.5
bus,2012-04-01,bus_highway_vehicles,6442.0,historical_seasonal_iqr,6758.0,7582.0
bus,2012-05-01,bus_highway_vehicles,6429.0,historical_seasonal_iqr,6690.0,7690.0
bus,2012-06-01,bus_highway_vehicles,6417.0,historical_seasonal_iqr,6736.5,7604.5
bus,2012-07-01,bus_highway_vehicles,6333.0,historical_seasonal_iqr,6895.0,7351.0
bus,2012-08-01,bus_highway_vehicles,6351.0,historical_seasonal_iqr,6972.0,7276.0
bus,2012-09-01,bus_highway_vehicles,6342.0,historical_seasonal_iqr,6901.0,7317.0
bus,2012-10-01,bus_highway_vehicles,6288.0,historical_seasonal_iqr,6813.0,7413.0
bus,2012-11-01,bus_highway_vehicles,6293.0,historical_seasonal_iqr,6825.0,7449.0
bus,2012-12-01,bus_highway_vehicles,6285.0,historical_seasonal_iqr,6945.0,7289.0
bus,2013-01-01,bus_highway_vehicles,5974.0,historical_seasonal_iqr,7014.5,7250.5
bus,2013-02-01,bus_highway_vehicles,5905.0,historical_seasonal_iqr,7026.5,7198.5
bus,2013-03-01,bus_highway_vehicles,5912.0,historical_seasonal_iqr,6801.0,7241.0
bus,2013-04-01,bus_highway_vehicles,5896.0,historical_seasonal_iqr,6949.5,7145.5
bus,2013-05-01,bus_highway_vehicles,5908.0,historical_seasonal_iqr,6949.0,7173.0
bus,2013-06-01,bus_highway_vehicles,5948.0,historical_seasonal_iqr,6821.0,7261.0
bus,2013-07-01,bus_highway_vehicles,5931.0,historical_seasonal_iqr,6748.5,7272.5
bus,2013-08-01,bus_highway_vehicles,5941.0,historical_seasonal_iqr,6681.0,7337.0
bus,2013-09-01,bus_highway_vehicles,5881.0,historical_seasonal_iqr,6616.0,7432.0
bus,2013-10-01,bus_highway_vehicles,5913.0,historical_seasonal_iqr,6576.0,7472.0
bus,2013-11-01,bus_highway_vehicles,5958.0,historical_seasonal_iqr,6638.0,7438.0
bus,2013-12-01,bus_highway_vehicles,5953.0,historical_seasonal_iqr,6286.5,7650.5
bus,2017-01-01,bus_highway_vehicles,5326.0,historical_seasonal_iqr,5539.0,6235.0
bus,2017-02-01,bus_highway_vehicles,5337.0,historical_seasonal_iqr,5477.0,6309.0
bus,2017-03-01,bus_highway_vehicles,5386.0,historical_seasonal_iqr,5489.5,6173.5
bus,2017-04-01,bus_highway_vehicles,5372.0,historical_seasonal_iqr,5523.5,6119.5
bus,2017-05-01,bus_highway_vehicles,5381.0,historical_seasonal_iqr,5440.5,6188.5
bus,2017-06-01,bus_highway_vehicles,5421.0,historical_seasonal_iqr,5423.0,6263.0
bus,2017-07-01,bus_highway_vehicles,5422.0,historical_seasonal_iqr,5488.5,6196.5
bus,2017-08-01,bus_highway_vehicles,5419.0,historical_seasonal_iqr,5438.5,6242.5
bus,2017-09-01,bus_highway_vehicles,5407.0,historical_seasonal_iqr,5531.0,6091.0
bus,2017-10-01,bus_highway_vehicles,5403.0,historical_seasonal_iqr,5455.5,6187.5
bus,2018-02-01,bus_highway_vehicles,5313.0,historical_seasonal_iqr,5412.5,6200.5
bus,2018-03-01,bus_highway_vehicles,5319.0,historical_seasonal_iqr,5397.0,6221.0
bus,2018-04-01,bus_highway_vehicles,5309.0,historical_seasonal_iqr,5508.5,6048.5
bus,2018-05-01,bus_highway_vehicles,5320.0,historical_seasonal_iqr,5477.0,6101.0
bus,2018-06-01,bus_highway_vehicles,5312.0,historical_seasonal_iqr,5498.5,6126.5
bus,2018-07-01,bus_highway_vehicles,5309.0,historical_seasonal_iqr,5542.5,6026.5
bus,2018-08-01,bus_highway_vehicles,5303.0,historical_seasonal_iqr,5633.5,5917.5
bus,2018-09-01,bus_highway_vehicles,5299.0,historical_seasonal_iqr,5615.0,5935.0
bus,2018-10-01,bus_highway_vehicles,5212.0,historical_seasonal_iqr,5521.5,5957.5
bus,2018-11-01,bus_highway_vehicles,5207.0,historical_seasonal_iqr,5514.0,5946.0
bus,2020-12-01,bus_highway_vehicles,4901.0,historical_seasonal_iqr,4950.0,5606.0
bus,2021-01-01,bus_highway_vehicles,4893.0,historical_seasonal_iqr,4908.5,5640.5
bus,2021-02-01,bus_highway_vehicles,4888.0,historical_seasonal_iqr,4944.5,5572.5
bus,2021-05-01,bus_highway_vehicles,4829.0,historical_seasonal_iqr,4876.0,5684.0
bus,2021-09-01,bus_highway_vehicles,4766.0,historical_seasonal_iqr,4779.5,5783.5
bus,2021-12-01,bus_highway_vehicles,4655.0,historical_seasonal_iqr,4842.0,5626.0
bus,2022-01-01,bus_highway_vehicles,4633.0,historical_seasonal_iqr,4961.0,5545.0
bus,2022-02-01,bus_highway_vehicles,4628.0,historical_seasonal_iqr,4728.0,5664.0
bus,2022-03-01,bus_highway_vehicles,4567.0,historical_seasonal_iqr,4661.5,5713.5
bus,2022-04-01,bus_highway_vehicles,4550.0,historical_seasonal_iqr,4751.5,5643.5
bus,2022-05-01,bus_highway_vehicles,4542.0,historical_seasonal_iqr,4727.5,5675.5
bus,2022-06-01,bus_highway_vehicles,4527.0,historical_seasonal_iqr,4652.0,5708.0
bus,2022-07-01,bus_highway_vehicles,4445.0,historical_seasonal_iqr,4459.0,5819.0
bus,2022-08-01,bus_highway_vehicles,4412.0,historical_seasonal_iqr,4415.5,5835.5
bus,2022-09-01,bus_highway_vehicles,4406.0,historical_seasonal_iqr,4461.5,5801.5
bus,2022-10-01,bus_highway_vehicles,4401.0,historical_seasonal_iqr,4549.5,5609.5
bus,2022-11-01,bus_highway_vehicles,4394.0,historical_seasonal_iqr,4499.5,5631.5
bus,2022-12-01,bus_highway_vehicles,4398.0,historical_seasonal_iqr,4458.5,5638.5
bus,2023-01-01,bus_highway_vehicles,4410.0,historical_seasonal_iqr,4458.0,5618.0
bus,2023-02-01,bus_highway_vehicles,4349.0,historical_seasonal_iqr,4450.0,5618.0
bus,2023-03-01,bus_highway_vehicles,4317.0,historical_seasonal_iqr,4457.0,5601.0
bus,2023-04-01,bus_highway_vehicles,4276.0,historical_seasonal_iqr,4435.5,5599.5
bus,2023-05-01,bus_highway_vehicles,4253.0,historical_seasonal_iqr,4304.0,5704.0
bus,2023-06-01,bus_highway_vehicles,4230.0,historical_seasonal_iqr,4338.5,5638.5
bus,2023-07-01,bus_highway_vehicles,4213.0,historical_seasonal_iqr,4316.0,5628.0
bus,2023-08-01,bus_highway_vehicles,4187.0,historical_seasonal_iqr,4284.5,5640.5
bus,2010-02-01,bus_highway_trips,874105.0,historical_seasonal_iqr,876668.75,987090.75
bus,2010-10-01,bus_highway_trips,974991.0,historical_seasonal_iqr,1001955.25,1056041.25
bus,2011-04-01,bus_highway_trips,924359.0,historical_seasonal_iqr,926755.0,1109213.0
bus,2011-05-01,bus_highway_trips,937562.0,historical_seasonal_iqr,961069.0,1130911.0
bus,2011-06-01,bus_highway_trips,889896.0,historical_seasonal_iqr,922925.625,1050104.625
bus,2011-08-01,bus_highway_trips,913923.0,historical_seasonal_iqr,930246.375,1021915.375
bus,2011-10-01,bus_highway_trips,921087.0,historical_seasonal_iqr,959074.875,1078111.875
bus,2011-11-01,bus_highway_trips,894054.0,historical_seasonal_iqr,921208.125,1054505.125
bus,2011-12-01,bus_highway_trips,911742.0,historical_seasonal_iqr,980758.0,1069364.0
bus,2012-03-01,bus_highway_trips,860145.0,historical_seasonal_iqr,925736.0,1139840.0
bus,2012-04-01,bus_highway_trips,837178.0,historical_seasonal_iqr,926957.5,1096153.5
bus,2012-05-01,bus_highway_trips,851559.0,historical_seasonal_iqr,964616.5,1106860.5
bus,2012-06-01,bus_highway_trips,797004.0,historical_seasonal_iqr,877726.5,1049730.5
bus,2012-07-01,bus_highway_trips,823149.0,historical_seasonal_iqr,882658.5,1056534.5
bus,2012-08-01,bus_highway_trips,794003.0,historical_seasonal_iqr,918085.5,1013993.5
bus,2012-09-01,bus_highway_trips,797062.0,historical_seasonal_iqr,804907.5,1120295.5
bus,2012-10-01,bus_highway_trips,820013.0,historical_seasonal_iqr,890697.0,1115481.0
bus,2012-11-01,bus_highway_trips,794916.0,historical_seasonal_iqr,896185.5,1049653.5
bus,2012-12-01,bus_highway_trips,809462.0,historical_seasonal_iqr,953240.5,1067260.5
bus,2013-01-01,bus_highway_trips,768619.0,historical_seasonal_iqr,922067.0,1037923.0
bus,2013-02-01,bus_highway_trips,678148.0,historical_seasonal_iqr,779404.0,979180.0
bus,2013-03-01,bus_highway_trips,755425.0,historical_seasonal_iqr,843513.0,1135665.0
bus,2013-04-01,bus_highway_trips,731498.0,historical_seasonal_iqr,815747.0,1105379.0
bus,2013-05-01,bus_highway_trips,757211.0,historical_seasonal_iqr,803364.5,1161224.5
bus,2013-06-01,bus_highway_trips,728283.0,historical_seasonal_iqr,754618.5,1115358.5
bus,2013-07-01,bus_highway_trips,729716.0,historical_seasonal_iqr,833848.0,1035208.0
bus,2013-08-01,bus_highway_trips,742915.0,historical_seasonal_iqr,832588.5,1049480.5
bus,2013-09-01,bus_highway_trips,725396.0,historical_seasonal_iqr,817863.5,1016515.5
bus,2013-10-01,bus_highway_trips,746590.0,historical_seasonal_iqr,782785.5,1151589.5
bus,2013-11-01,bus_highway_trips,729880.0,historical_seasonal_iqr,769614.0,1101454.0
bus,2014-02-01,bus_highway_trips,670323.0,historical_seasonal_iqr,712972.5,970784.5
bus,2017-01-01,bus_highway_trips,664907.0,historical_seasonal_iqr,724944.0,794824.0
bus,2017-02-01,bus_highway_trips,603772.0,historical_seasonal_iqr,648703.0,710551.0
bus,2017-03-01,bus_highway_trips,673193.0,historical_seasonal_iqr,738475.0,765595.0
bus,2017-04-01,bus_highway_trips,646702.0,historical_seasonal_iqr,716237.0,741349.0
bus,2017-05-01,bus_highway_trips,670112.0,historical_seasonal_iqr,751479.0,761311.0
bus,2017-06-01,bus_highway_trips,639751.0,historical_seasonal_iqr,707130.0,747474.0
bus,2017-07-01,bus_highway_trips,641829.0,historical_seasonal_iqr,727039.0,732559.0
bus,2017-08-01,bus_highway_trips,659927.0,historical_seasonal_iqr,732106.0,760930.0
bus,2017-09-01,bus_highway_trips,640775.0,historical_seasonal_iqr,691535.0,747383.0
bus,2017-10-01,bus_highway_trips,655049.0,historical_seasonal_iqr,747492.5,769624.5
bus,2017-11-01,bus_highway_trips,629986.0,historical_seasonal_iqr,720833.5,744957.5
bus,2017-12-01,bus_highway_trips,655409.0,historical_seasonal_iqr,744626.0,776962.0
bus,2018-01-01,bus_highway_trips,650512.0,historical_seasonal_iqr,735843.0,764883.0
bus,2018-02-01,bus_highway_trips,569193.0,historical_seasonal_iqr,658585.5,689885.5
bus,2018-03-01,bus_highway_trips,646113.0,historical_seasonal_iqr,733705.5,759173.5
bus,2018-04-01,bus_highway_trips,620234.0,historical_seasonal_iqr,706040.5,746772.5
bus,2018-05-01,bus_highway_trips,639374.0,historical_seasonal_iqr,728296.0,774560.0
bus,2018-06-01,bus_highway_trips,617624.0,historical_seasonal_iqr,710780.5,738784.5
bus,2018-07-01,bus_highway_trips,625638.0,historical_seasonal_iqr,720043.5,735519.5
bus,2018-08-01,bus_highway_trips,631360.0,historical_seasonal_iqr,696310.0,778430.0
bus,2018-09-01,bus_highway_trips,614511.0,historical_seasonal_iqr,646296.0,772856.0
bus,2018-10-01,bus_highway_trips,617752.0,historical_seasonal_iqr,731713.0,771385.0
bus,2018-11-01,bus_highway_trips,600634.0,historical_seasonal_iqr,727637.0,733253.0
bus,2021-01-01,bus_highway_trips,505396.0,historical_seasonal_iqr,511834.5,756750.5
bus,2021-05-01,bus_highway_trips,425675.0,historical_seasonal_iqr,510112.0,766112.0
bus,2021-06-01,bus_highway_trips,239899.0,historical_seasonal_iqr,501181.0,722893.0
bus,2021-07-01,bus_highway_trips,246012.0,historical_seasonal_iqr,525199.0,711807.0
bus,2021-08-01,bus_highway_trips,303885.0,historical_seasonal_iqr,478877.0,768557.0
bus,2021-09-01,bus_highway_trips,364801.0,historical_seasonal_iqr,471557.5,742305.5
bus,2021-10-01,bus_highway_trips,398473.0,historical_seasonal_iqr,515991.5,738483.5
bus,2021-11-01,bus_highway_trips,403886.0,historical_seasonal_iqr,507148.5,703688.5
bus,2021-12-01,bus_highway_trips,425348.0,historical_seasonal_iqr,512671.5,741051.5
bus,2022-01-01,bus_highway_trips,417005.0,historical_seasonal_iqr,487157.0,748525.0
bus,2022-02-01,bus_highway_trips,364771.0,historical_seasonal_iqr,472743.0,627063.0
bus,2025-08-01,bus_highway_trips,377267.0,historical_seasonal_iqr,377867.0,390147.0
bus,2026-05-01,bus_highway_trips,368851.0,historical_seasonal_iqr,375248.0,397520.0
bus,2012-05-01,bus_highway_vehicle_km,54508865.0,historical_seasonal_iqr,54554835.0,66858827.0
bus,2012-06-01,bus_highway_vehicle_km,52211588.0,historical_seasonal_iqr,54129187.5,58666951.5
bus,2012-07-01,bus_highway_vehicle_km,54766747.0,historical_seasonal_iqr,57441530.0,59641890.0
bus,2012-08-01,bus_highway_vehicle_km,52315077.0,historical_seasonal_iqr,55222240.0,61815328.0
bus,2012-09-01,bus_highway_vehicle_km,52350905.0,historical_seasonal_iqr,53066366.0,61068198.0
bus,2012-10-01,bus_highway_vehicle_km,53299797.0,historical_seasonal_iqr,53770363.5,63830295.5
bus,2013-03-01,bus_highway_vehicle_km,51086046.0,historical_seasonal_iqr,53592937.5,65518645.5
bus,2013-04-01,bus_highway_vehicle_km,49496972.0,historical_seasonal_iqr,51846091.0,65464835.0
bus,2013-05-01,bus_highway_vehicle_km,51431739.0,historical_seasonal_iqr,56729616.0,62450992.0
bus,2013-06-01,bus_highway_vehicle_km,50027830.0,historical_seasonal_iqr,54960247.0,56813735.0
bus,2013-07-01,bus_highway_vehicle_km,50433088.0,historical_seasonal_iqr,54572503.0,61028431.0
bus,2013-08-01,bus_highway_vehicle_km,51479157.0,historical_seasonal_iqr,54236749.0,62030189.0
bus,2013-10-01,bus_highway_vehicle_km,51114493.0,historical_seasonal_iqr,54001955.5,62505399.5
bus,2013-11-01,bus_highway_vehicle_km,50427517.0,historical_seasonal_iqr,51011406.5,61142994.5
bus,2013-12-01,bus_highway_vehicle_km,52455740.0,historical_seasonal_iqr,54142785.0,62271153.0
bus,2014-01-01,bus_highway_vehicle_km,52895353.0,historical_seasonal_iqr,55532023.0,59929423.0
bus,2014-02-01,bus_highway_vehicle_km,47437176.0,historical_seasonal_iqr,50877058.5,54545870.5
bus,2016-11-01,bus_highway_vehicle_km,48452101.0,historical_seasonal_iqr,49023665.5,52767269.5
bus,2016-12-01,bus_highway_vehicle_km,49885840.0,historical_seasonal_iqr,50091579.0,55035035.0
bus,2017-01-01,bus_highway_vehicle_km,49221449.0,historical_seasonal_iqr,49243873.0,55086241.0
bus,2017-02-01,bus_highway_vehicle_km,44402433.0,historical_seasonal_iqr,46408066.5,49152358.5
bus,2017-03-01,bus_highway_vehicle_km,48605748.0,historical_seasonal_iqr,49396908.5,52802096.5
bus,2017-04-01,bus_highway_vehicle_km,47726320.0,historical_seasonal_iqr,49088732.0,50404092.0
bus,2017-05-01,bus_highway_vehicle_km,49406032.0,historical_seasonal_iqr,49458747.5,54290103.5
bus,2017-06-01,bus_highway_vehicle_km,45875027.0,historical_seasonal_iqr,48067841.0,51517801.0
bus,2017-07-01,bus_highway_vehicle_km,46892267.0,historical_seasonal_iqr,48840535.0,53087343.0
bus,2017-09-01,bus_highway_vehicle_km,46236366.0,historical_seasonal_iqr,46992266.0,52352570.0
bus,2017-10-01,bus_highway_vehicle_km,47897450.0,historical_seasonal_iqr,48900437.5,54804585.5
bus,2017-11-01,bus_highway_vehicle_km,45382655.0,historical_seasonal_iqr,48416313.5,52114325.5
bus,2017-12-01,bus_highway_vehicle_km,48245029.0,historical_seasonal_iqr,49908342.5,53984178.5
bus,2018-01-01,bus_highway_vehicle_km,47598329.0,historical_seasonal_iqr,50047936.0,53084800.0
bus,2018-02-01,bus_highway_vehicle_km,43155250.0,historical_seasonal_iqr,45906438.0,48895334.0
bus,2018-03-01,bus_highway_vehicle_km,46831748.0,historical_seasonal_iqr,48938776.0,52374408.0
bus,2018-04-01,bus_highway_vehicle_km,45615105.0,historical_seasonal_iqr,48908133.5,50478369.5
bus,2018-05-01,bus_highway_vehicle_km,46258866.0,historical_seasonal_iqr,50202641.5,52169197.5
bus,2018-06-01,bus_highway_vehicle_km,45662069.0,historical_seasonal_iqr,48094285.0,51187957.0
bus,2018-07-01,bus_highway_vehicle_km,45732172.0,historical_seasonal_iqr,49192663.0,51356047.0
bus,2018-08-01,bus_highway_vehicle_km,46404516.0,historical_seasonal_iqr,48493937.0,53270289.0
bus,2018-10-01,bus_highway_vehicle_km,45322947.0,historical_seasonal_iqr,50512767.0,51950863.0
bus,2018-11-01,bus_highway_vehicle_km,44344162.0,historical_seasonal_iqr,45488977.0,53390641.0
bus,2018-12-01,bus_highway_vehicle_km,45196760.0,historical_seasonal_iqr,46796537.5,55034677.5
bus,2019-01-01,bus_highway_vehicle_km,43925623.0,historical_seasonal_iqr,45134658.5,56032766.5
bus,2019-03-01,bus_highway_vehicle_km,44074843.0,historical_seasonal_iqr,45503589.0,53776013.0
bus,2019-04-01,bus_highway_vehicle_km,42844731.0,historical_seasonal_iqr,44481503.5,53134347.5
bus,2019-05-01,bus_highway_vehicle_km,44030161.0,historical_seasonal_iqr,46609321.0,54067217.0
bus,2019-08-01,bus_highway_vehicle_km,42881432.0,historical_seasonal_iqr,44144066.0,54460002.0
bus,2019-09-01,bus_highway_vehicle_km,41923334.0,historical_seasonal_iqr,42087345.0,53151401.0
bus,2020-03-01,bus_highway_vehicle_km,38319604.0,historical_seasonal_iqr,41738663.0,55320223.0
bus,2020-04-01,bus_highway_vehicle_km,33912944.0,historical_seasonal_iqr,39664774.5,55532322.5
bus,2020-05-01,bus_highway_vehicle_km,34573280.0,historical_seasonal_iqr,39237015.0,57961951.0
bus,2020-06-01,bus_highway_vehicle_km,34430797.0,historical_seasonal_iqr,40273554.5,54642926.5
bus,2020-07-01,bus_highway_vehicle_km,35718515.0,historical_seasonal_iqr,39324532.0,56411572.0
bus,2020-08-01,bus_highway_vehicle_km,36517029.0,historical_seasonal_iqr,40583686.5,56105898.5
bus,2020-09-01,bus_highway_vehicle_km,34927661.0,historical_seasonal_iqr,42530522.5,50028046.5
bus,2020-10-01,bus_highway_vehicle_km,36358542.0,historical_seasonal_iqr,36729288.0,59645712.0
bus,2020-11-01,bus_highway_vehicle_km,34609966.0,historical_seasonal_iqr,38182253.5,54614009.5
bus,2020-12-01,bus_highway_vehicle_km,35911443.0,historical_seasonal_iqr,38163140.0,56919460.0
bus,2021-01-01,bus_highway_vehicle_km,35314035.0,historical_seasonal_iqr,38588431.5,55601259.5
bus,2021-02-01,bus_highway_vehicle_km,31975617.0,historical_seasonal_iqr,33511005.5,50937289.5
bus,2021-03-01,bus_highway_vehicle_km,35375480.0,historical_seasonal_iqr,37278485.5,55402105.5
bus,2021-04-01,bus_highway_vehicle_km,34754124.0,historical_seasonal_iqr,35522347.5,55048703.5
bus,2021-05-01,bus_highway_vehicle_km,28483949.0,historical_seasonal_iqr,35966354.5,57469838.5
bus,2021-06-01,bus_highway_vehicle_km,13106332.0,historical_seasonal_iqr,38068144.5,50559156.5
bus,2021-07-01,bus_highway_vehicle_km,13560074.0,historical_seasonal_iqr,37403362.0,52585610.0
bus,2021-08-01,bus_highway_vehicle_km,18542277.0,historical_seasonal_iqr,35184767.0,55709207.0
bus,2021-09-01,bus_highway_vehicle_km,22523663.0,historical_seasonal_iqr,35453786.0,52705914.0
bus,2021-10-01,bus_highway_vehicle_km,25338764.0,historical_seasonal_iqr,36436177.5,54774213.5
bus,2021-11-01,bus_highway_vehicle_km,25951550.0,historical_seasonal_iqr,37266590.0,50252294.0
bus,2021-12-01,bus_highway_vehicle_km,27888375.0,historical_seasonal_iqr,36869381.5,55070417.5
bus,2022-01-01,bus_highway_vehicle_km,27108745.0,historical_seasonal_iqr,38416564.0,53107388.0
bus,2022-02-01,bus_highway_vehicle_km,23918798.0,historical_seasonal_iqr,33964562.5,48669662.5
bus,2026-04-01,bus_highway_vehicle_km,22930101.0,historical_seasonal_iqr,22959905.0,26916993.0
bus,2026-05-01,bus_highway_vehicle_km,23648809.0,historical_seasonal_iqr,24278493.0,26038269.0
bus,2010-01-01,bus_highway_passengers,19402983.0,historical_seasonal_iqr,19495426.0,22308422.0
bus,2010-05-01,bus_highway_passengers,20000232.0,historical_seasonal_iqr,20450061.25,21975663.25
bus,2010-07-01,bus_highway_passengers,19004018.0,historical_seasonal_iqr,18585211.0,18861691.0
bus,2010-11-01,bus_highway_passengers,19126670.0,historical_seasonal_iqr,19546109.5,21119129.5
bus,2010-12-01,bus_highway_passengers,19976811.0,historical_seasonal_iqr,20483704.5,22732216.5
bus,2011-01-01,bus_highway_passengers,18207992.0,historical_seasonal_iqr,18760450.125,22353007.125
bus,2011-03-01,bus_highway_passengers,19035326.0,historical_seasonal_iqr,19100148.125,23395229.125
bus,2011-05-01,bus_highway_passengers,19210081.0,historical_seasonal_iqr,20054245.125,21921186.125
bus,2011-06-01,bus_highway_passengers,17901545.0,historical_seasonal_iqr,18402224.375,20520727.375
bus,2011-07-01,bus_highway_passengers,17619327.0,historical_seasonal_iqr,18577021.375,18966188.375
bus,2011-12-01,bus_highway_passengers,18950245.0,historical_seasonal_iqr,19281579.375,23241478.375
bus,2012-01-01,bus_highway_passengers,16203783.0,historical_seasonal_iqr,17370385.5,22790645.5
bus,2012-03-01,bus_highway_passengers,17688429.0,historical_seasonal_iqr,18862692.5,23166304.5
bus,2012-04-01,bus_highway_passengers,17238066.0,historical_seasonal_iqr,18355797.5,22431729.5
bus,2012-05-01,bus_highway_passengers,17544783.0,historical_seasonal_iqr,18442674.0,22596162.0
bus,2012-06-01,bus_highway_passengers,15946849.0,historical_seasonal_iqr,18106964.0,20123908.0
bus,2012-07-01,bus_highway_passengers,15690155.0,historical_seasonal_iqr,18413395.0,18966355.0
bus,2012-08-01,bus_highway_passengers,15198093.0,historical_seasonal_iqr,16797370.5,20380934.5
bus,2012-09-01,bus_highway_passengers,16197957.0,historical_seasonal_iqr,18305282.5,20993718.5
bus,2012-10-01,bus_highway_passengers,16813479.0,historical_seasonal_iqr,18536786.0,23647058.0
bus,2012-11-01,bus_highway_passengers,15955289.0,historical_seasonal_iqr,17093654.0,22515030.0
bus,2012-12-01,bus_highway_passengers,16438861.0,historical_seasonal_iqr,17506015.5,24094803.5
bus,2013-01-01,bus_highway_passengers,14593034.0,historical_seasonal_iqr,15006153.5,23544389.5
bus,2013-02-01,bus_highway_passengers,13030858.0,historical_seasonal_iqr,15434199.5,17578923.5
bus,2013-03-01,bus_highway_passengers,15407879.0,historical_seasonal_iqr,16404981.5,23419233.5
bus,2013-04-01,bus_highway_passengers,14607822.0,historical_seasonal_iqr,17475836.5,21867152.5
bus,2013-05-01,bus_highway_passengers,15106409.0,historical_seasonal_iqr,16516622.5,23699178.5
bus,2013-06-01,bus_highway_passengers,14375029.0,historical_seasonal_iqr,15792195.5,21417127.5
bus,2013-07-01,bus_highway_passengers,13782835.0,historical_seasonal_iqr,15912777.0,20463577.0
bus,2013-08-01,bus_highway_passengers,13894928.0,historical_seasonal_iqr,15874833.0,20934457.0
bus,2013-09-01,bus_highway_passengers,14300397.0,historical_seasonal_iqr,17413600.5,20797900.5
bus,2013-10-01,bus_highway_passengers,15047508.0,historical_seasonal_iqr,16982665.5,22900141.5
bus,2013-11-01,bus_highway_passengers,14664821.0,historical_seasonal_iqr,16474652.5,21779160.5
bus,2013-12-01,bus_highway_passengers,14986171.0,historical_seasonal_iqr,15830935.0,24149095.0
bus,2014-02-01,bus_highway_passengers,13183469.0,historical_seasonal_iqr,15685656.5,16885492.5
bus,2017-01-01,bus_highway_passengers,11942548.0,historical_seasonal_iqr,13128496.5,15471756.5
bus,2017-02-01,bus_highway_passengers,11271430.0,historical_seasonal_iqr,12750426.5,13443294.5
bus,2017-03-01,bus_highway_passengers,12379465.0,historical_seasonal_iqr,13232044.0,16713380.0
bus,2017-04-01,bus_highway_passengers,12002264.0,historical_seasonal_iqr,14030827.0,14954019.0
bus,2017-05-01,bus_highway_passengers,12370281.0,historical_seasonal_iqr,14526811.5,15454167.5
bus,2017-06-01,bus_highway_passengers,11151501.0,historical_seasonal_iqr,13254754.0,15047194.0
bus,2017-07-01,bus_highway_passengers,11247474.0,historical_seasonal_iqr,13364110.0,14034070.0
bus,2017-08-01,bus_highway_passengers,11860849.0,historical_seasonal_iqr,13357193.0,14791153.0
bus,2017-09-01,bus_highway_passengers,11596267.0,historical_seasonal_iqr,13739982.0,14636646.0
bus,2017-10-01,bus_highway_passengers,12012000.0,historical_seasonal_iqr,14378375.5,15448987.5
bus,2017-11-01,bus_highway_passengers,11698395.0,historical_seasonal_iqr,14070153.5,15021621.5
bus,2017-12-01,bus_highway_passengers,12372241.0,historical_seasonal_iqr,14393401.5,15376557.5
bus,2018-01-01,bus_highway_passengers,11477348.0,historical_seasonal_iqr,13333824.0,14532208.0
bus,2018-02-01,bus_highway_passengers,9766817.0,historical_seasonal_iqr,11129023.0,14171959.0
bus,2018-03-01,bus_highway_passengers,12213206.0,historical_seasonal_iqr,13922478.0,15501462.0
bus,2018-04-01,bus_highway_passengers,11669968.0,historical_seasonal_iqr,13312248.5,15382340.5
bus,2018-05-01,bus_highway_passengers,11857732.0,historical_seasonal_iqr,13753179.5,15727095.5
bus,2018-06-01,bus_highway_passengers,11049729.0,historical_seasonal_iqr,13282636.5,14809632.5
bus,2018-07-01,bus_highway_passengers,11010446.0,historical_seasonal_iqr,13346283.5,13840927.5
bus,2018-08-01,bus_highway_passengers,11154166.0,historical_seasonal_iqr,12054157.5,15567241.5
bus,2018-09-01,bus_highway_passengers,11181680.0,historical_seasonal_iqr,12627035.0,15120851.0
bus,2018-10-01,bus_highway_passengers,11574392.0,historical_seasonal_iqr,14510273.5,15217165.5
bus,2018-11-01,bus_highway_passengers,11334260.0,historical_seasonal_iqr,13987567.0,14859551.0
bus,2020-03-01,bus_highway_passengers,7985669.0,historical_seasonal_iqr,8761119.5,17966683.5
bus,2020-04-01,bus_highway_passengers,6942154.0,historical_seasonal_iqr,8042120.5,17716380.5
bus,2020-12-01,bus_highway_passengers,8932100.0,historical_seasonal_iqr,9332550.5,15464130.5
bus,2021-01-01,bus_highway_passengers,7753199.0,historical_seasonal_iqr,9589348.0,13354468.0
bus,2021-02-01,bus_highway_passengers,6902142.0,historical_seasonal_iqr,7509897.5,13528349.5
bus,2021-03-01,bus_highway_passengers,8463726.0,historical_seasonal_iqr,9392970.0,14171362.0
bus,2021-04-01,bus_highway_passengers,8370878.0,historical_seasonal_iqr,9536919.0,13481471.0
bus,2021-05-01,bus_highway_passengers,4807832.0,historical_seasonal_iqr,9289996.0,14218452.0
bus,2021-06-01,bus_highway_passengers,1489165.0,historical_seasonal_iqr,9637268.5,12060040.5
bus,2021-07-01,bus_highway_passengers,2184447.0,historical_seasonal_iqr,9709939.0,12169995.0
bus,2021-08-01,bus_highway_passengers,3816053.0,historical_seasonal_iqr,8140831.5,14092859.5
bus,2021-09-01,bus_highway_passengers,4980995.0,historical_seasonal_iqr,8896694.5,13216010.5
bus,2021-10-01,bus_highway_passengers,6146866.0,historical_seasonal_iqr,10026862.5,13203082.5
bus,2021-11-01,bus_highway_passengers,6512891.0,historical_seasonal_iqr,9422300.0,13064052.0
bus,2021-12-01,bus_highway_passengers,7002228.0,historical_seasonal_iqr,9156276.0,14301820.0
bus,2022-01-01,bus_highway_passengers,5751257.0,historical_seasonal_iqr,8236988.0,13421564.0
bus,2022-06-01,bus_highway_passengers,4294545.0,historical_seasonal_iqr,4501016.5,14978956.5
bus,2010-11-01,bus_highway_passenger_km,732064203.0,historical_seasonal_iqr,739659982.0,777163002.0
bus,2010-12-01,bus_highway_passenger_km,770612365.0,historical_seasonal_iqr,773516452.5,832146032.5
bus,2011-01-01,bus_highway_passenger_km,717530333.0,historical_seasonal_iqr,717691994.0,823466122.0
bus,2011-07-01,bus_highway_passenger_km,865819300.0,historical_seasonal_iqr,799801168.75,841563542.75
bus,2011-10-01,bus_highway_passenger_km,844262322.0,historical_seasonal_iqr,762380805.75,815648337.75
bus,2012-02-01,bus_highway_passenger_km,770111709.0,historical_seasonal_iqr,711296640.0,740097640.0
bus,2013-04-01,bus_highway_passenger_km,732054277.0,historical_seasonal_iqr,733696739.5,832888247.5
bus,2013-05-01,bus_highway_passenger_km,752379769.0,historical_seasonal_iqr,773061820.0,827749244.0
bus,2013-07-01,bus_highway_passenger_km,761550355.0,historical_seasonal_iqr,819482843.0,829327843.0
bus,2013-10-01,bus_highway_passenger_km,750098003.0,historical_seasonal_iqr,769976438.0,813172518.0
bus,2014-07-01,bus_highway_passenger_km,779913590.0,historical_seasonal_iqr,819482843.0,829327843.0
bus,2014-10-01,bus_highway_passenger_km,752927465.0,historical_seasonal_iqr,759013303.0,819750399.0
bus,2014-11-01,bus_highway_passenger_km,724517622.0,historical_seasonal_iqr,729758893.5,765856513.5
bus,2014-12-01,bus_highway_passenger_km,718826068.0,historical_seasonal_iqr,723645623.5,848890267.5
bus,2015-02-01,bus_highway_passenger_km,695202595.0,historical_seasonal_iqr,712549341.0,738009805.0
bus,2015-03-01,bus_highway_passenger_km,711417046.0,historical_seasonal_iqr,750834664.0,797053616.0
bus,2015-05-01,bus_highway_passenger_km,728156885.0,historical_seasonal_iqr,749512791.5,820003691.5
bus,2015-06-01,bus_highway_passenger_km,689893827.0,historical_seasonal_iqr,728231361.0,761723641.0
bus,2015-09-01,bus_highway_passenger_km,697216416.0,historical_seasonal_iqr,702417797.0,847402813.0
bus,2015-11-01,bus_highway_passenger_km,706404775.0,historical_seasonal_iqr,707020893.0,773803053.0
bus,2015-12-01,bus_highway_passenger_km,709369853.0,historical_seasonal_iqr,765979208.0,776423928.0
bus,2016-02-01,bus_highway_passenger_km,688877074.0,historical_seasonal_iqr,701615466.0,744570130.0
bus,2016-03-01,bus_highway_passenger_km,670821214.0,historical_seasonal_iqr,679523759.0,839840159.0
bus,2016-06-01,bus_highway_passenger_km,689123313.0,historical_seasonal_iqr,728231361.0,761723641.0
bus,2016-08-01,bus_highway_passenger_km,728719606.0,historical_seasonal_iqr,748141986.0,857510002.0
bus,2016-11-01,bus_highway_passenger_km,668722421.0,historical_seasonal_iqr,688154440.5,785122924.5
bus,2017-02-01,bus_highway_passenger_km,635395211.0,historical_seasonal_iqr,645313291.0,778351435.0
bus,2017-06-01,bus_highway_passenger_km,578745022.0,historical_seasonal_iqr,601913782.5,836527234.5
bus,2017-07-01,bus_highway_passenger_km,640883058.0,historical_seasonal_iqr,646632800.0,859882064.0
bus,2017-09-01,bus_highway_passenger_km,602048929.0,historical_seasonal_iqr,607860273.0,846143321.0
bus,2017-10-01,bus_highway_passenger_km,655825701.0,historical_seasonal_iqr,674785377.5,799812717.5
bus,2017-11-01,bus_highway_passenger_km,602045960.0,historical_seasonal_iqr,651068686.0,798631590.0
bus,2018-01-01,bus_highway_passenger_km,601152360.0,historical_seasonal_iqr,607150483.0,800546051.0
bus,2018-02-01,bus_highway_passenger_km,573763717.0,historical_seasonal_iqr,645607487.5,760993051.5
bus,2018-04-01,bus_highway_passenger_km,635470235.0,historical_seasonal_iqr,680224807.0,763151959.0
bus,2018-05-01,bus_highway_passenger_km,620078718.0,historical_seasonal_iqr,691822559.0,788714095.0
bus,2018-07-01,bus_highway_passenger_km,619643670.0,historical_seasonal_iqr,652980172.5,826692464.5
bus,2018-10-01,bus_highway_passenger_km,605080435.0,historical_seasonal_iqr,667717760.5,799526148.5
bus,2018-12-01,bus_highway_passenger_km,635604386.0,historical_seasonal_iqr,693126474.5,736442150.5
bus,2019-01-01,bus_highway_passenger_km,589608145.0,historical_seasonal_iqr,622620981.0,769468221.0
bus,2019-05-01,bus_highway_passenger_km,590326043.0,historical_seasonal_iqr,611900791.0,800165303.0
bus,2020-03-01,bus_highway_passenger_km,391098782.0,historical_seasonal_iqr,549220541.5,743781617.5
bus,2020-04-01,bus_highway_passenger_km,341920965.0,historical_seasonal_iqr,521691854.0,825100870.0
bus,2020-05-01,bus_highway_passenger_km,403870778.0,historical_seasonal_iqr,457961467.5,890274135.5
bus,2020-06-01,bus_highway_passenger_km,440067101.0,historical_seasonal_iqr,441908673.0,837452097.0
bus,2020-07-01,bus_highway_passenger_km,463955304.0,historical_seasonal_iqr,471925752.0,865840200.0
bus,2020-08-01,bus_highway_passenger_km,488781173.0,historical_seasonal_iqr,493082804.0,859951876.0
bus,2020-09-01,bus_highway_passenger_km,441139745.0,historical_seasonal_iqr,515654342.5,746039906.5
bus,2020-11-01,bus_highway_passenger_km,457554619.0,historical_seasonal_iqr,502031268.5,768737112.5
bus,2020-12-01,bus_highway_passenger_km,479512528.0,historical_seasonal_iqr,524956185.5,820018053.5
bus,2021-01-01,bus_highway_passenger_km,409470834.0,historical_seasonal_iqr,486305828.5,792518416.5
bus,2021-02-01,bus_highway_passenger_km,400474168.0,historical_seasonal_iqr,470022508.5,734618832.5
bus,2021-03-01,bus_highway_passenger_km,441470388.0,historical_seasonal_iqr,549681493.0,700538317.0
bus,2021-04-01,bus_highway_passenger_km,457586065.0,historical_seasonal_iqr,522058146.5,742041446.5
bus,2021-05-01,bus_highway_passenger_km,245894987.0,historical_seasonal_iqr,452065133.0,820760893.0
bus,2021-06-01,bus_highway_passenger_km,60838551.0,historical_seasonal_iqr,543459571.0,637554107.0
bus,2021-07-01,bus_highway_passenger_km,103392914.0,historical_seasonal_iqr,517268518.0,715051782.0
bus,2021-08-01,bus_highway_passenger_km,204628840.0,historical_seasonal_iqr,480158732.0,785937372.0
bus,2021-09-01,bus_highway_passenger_km,243050001.0,historical_seasonal_iqr,523664478.5,665954866.5
bus,2021-10-01,bus_highway_passenger_km,315687814.0,historical_seasonal_iqr,496164858.5,751622206.5
bus,2021-11-01,bus_highway_passenger_km,327513712.0,historical_seasonal_iqr,540410975.5,646861331.5
bus,2021-12-01,bus_highway_passenger_km,362616648.0,historical_seasonal_iqr,517984229.0,747282573.0
bus,2022-01-01,bus_highway_passenger_km,291423346.0,historical_seasonal_iqr,572291822.5,618468682.5
bus,2010-01-01,bus_highway_revenue_twd,1182297483.0,historical_seasonal_iqr,1185081059.5,1255519411.5
bus,2010-07-01,bus_highway_revenue_twd,1302548565.0,historical_seasonal_iqr,1143874525.0,1285993653.0
bus,2010-08-01,bus_highway_revenue_twd,1315873836.0,historical_seasonal_iqr,1172172697.0,1286226641.0
bus,2011-01-01,bus_highway_revenue_twd,1149301960.0,historical_seasonal_iqr,1179222433.5,1245195935.5
bus,2012-05-01,bus_highway_revenue_twd,1213929435.0,historical_seasonal_iqr,1237203937.5,1285668829.5
bus,2012-06-01,bus_highway_revenue_twd,1135070828.0,historical_seasonal_iqr,1141588060.5,1229902288.5
bus,2012-11-01,bus_highway_revenue_twd,1136686494.0,historical_seasonal_iqr,1160474261.5,1177775665.5
bus,2012-12-01,bus_highway_revenue_twd,1201528486.0,historical_seasonal_iqr,1228941756.5,1264646056.5
bus,2013-01-01,bus_highway_revenue_twd,1091024402.0,historical_seasonal_iqr,1138033635.0,1256070563.0
bus,2013-04-01,bus_highway_revenue_twd,1118136779.0,historical_seasonal_iqr,1169882428.5,1275267704.5
bus,2013-05-01,bus_highway_revenue_twd,1142832348.0,historical_seasonal_iqr,1214256402.5,1299437350.5
bus,2013-10-01,bus_highway_revenue_twd,1153470791.0,historical_seasonal_iqr,1169056062.0,1308328046.0
bus,2013-11-01,bus_highway_revenue_twd,1137581216.0,historical_seasonal_iqr,1158068236.0,1174686812.0
bus,2013-12-01,bus_highway_revenue_twd,1175498917.0,historical_seasonal_iqr,1226698723.0,1262643451.0
bus,2015-03-01,bus_highway_revenue_twd,1136926969.0,historical_seasonal_iqr,1154354958.0,1238380358.0
bus,2016-03-01,bus_highway_revenue_twd,1083515093.0,historical_seasonal_iqr,1166618963.0,1207745931.0
bus,2016-06-01,bus_highway_revenue_twd,1073840830.0,historical_seasonal_iqr,1088454465.5,1163040645.5
bus,2016-09-01,bus_highway_revenue_twd,1037341393.0,historical_seasonal_iqr,1072187543.0,1289511591.0
bus,2016-11-01,bus_highway_revenue_twd,1063449285.0,historical_seasonal_iqr,1123096647.0,1159336239.0
bus,2017-02-01,bus_highway_revenue_twd,992924568.0,historical_seasonal_iqr,1077843978.0,1126879530.0
bus,2017-04-01,bus_highway_revenue_twd,1087199507.0,historical_seasonal_iqr,1091814963.5,1162006471.5
bus,2017-06-01,bus_highway_revenue_twd,959230610.0,historical_seasonal_iqr,1069222139.5,1174312423.5
bus,2017-07-01,bus_highway_revenue_twd,1054459276.0,historical_seasonal_iqr,1058773972.0,1258886484.0
bus,2017-09-01,bus_highway_revenue_twd,1006502236.0,historical_seasonal_iqr,1070164085.5,1217248441.5
bus,2017-10-01,bus_highway_revenue_twd,1053543462.0,historical_seasonal_iqr,1105265083.5,1230143823.5
bus,2017-11-01,bus_highway_revenue_twd,968227574.0,historical_seasonal_iqr,1107291653.5,1155754953.5
bus,2017-12-01,bus_highway_revenue_twd,1073937517.0,historical_seasonal_iqr,1133791812.0,1200523180.0
bus,2018-01-01,bus_highway_revenue_twd,972525381.0,historical_seasonal_iqr,1039555136.0,1176806512.0
bus,2018-02-01,bus_highway_revenue_twd,924596107.0,historical_seasonal_iqr,1092627210.5,1099440358.5
bus,2018-04-01,bus_highway_revenue_twd,1033532475.0,historical_seasonal_iqr,1105062166.0,1128800326.0
bus,2018-05-01,bus_highway_revenue_twd,1033989489.0,historical_seasonal_iqr,1109067907.5,1196722055.5
bus,2018-06-01,bus_highway_revenue_twd,984458987.0,historical_seasonal_iqr,1009965650.5,1180299462.5
bus,2018-07-01,bus_highway_revenue_twd,1019983034.0,historical_seasonal_iqr,1093230209.0,1171680321.0
bus,2018-08-01,bus_highway_revenue_twd,1039954945.0,historical_seasonal_iqr,1085796950.5,1244917202.5
bus,2018-10-01,bus_highway_revenue_twd,997952683.0,historical_seasonal_iqr,1110750916.0,1179102716.0
bus,2018-12-01,bus_highway_revenue_twd,1070977240.0,historical_seasonal_iqr,1098002724.0,1201756268.0
bus,2019-04-01,bus_highway_revenue_twd,986493201.0,historical_seasonal_iqr,1038150993.5,1168947029.5
bus,2019-05-01,bus_highway_revenue_twd,986968607.0,historical_seasonal_iqr,1072454492.5,1218690104.5
bus,2019-08-01,bus_highway_revenue_twd,988172850.0,historical_seasonal_iqr,1037209795.5,1216010847.5
bus,2020-02-01,bus_highway_revenue_twd,719504152.0,historical_seasonal_iqr,720451228.5,1320020688.5
bus,2020-03-01,bus_highway_revenue_twd,650115760.0,historical_seasonal_iqr,995478638.0,1136336966.0
bus,2020-04-01,bus_highway_revenue_twd,553646048.0,historical_seasonal_iqr,912885223.5,1234611227.5
bus,2020-05-01,bus_highway_revenue_twd,665811294.0,historical_seasonal_iqr,872066403.0,1303861299.0
bus,2020-06-01,bus_highway_revenue_twd,758360407.0,historical_seasonal_iqr,816365582.5,1228325978.5
bus,2020-07-01,bus_highway_revenue_twd,772537358.0,historical_seasonal_iqr,865984083.5,1276647951.5
bus,2020-08-01,bus_highway_revenue_twd,811001188.0,historical_seasonal_iqr,881686795.0,1303735195.0
bus,2020-09-01,bus_highway_revenue_twd,748245651.0,historical_seasonal_iqr,940244560.5,1095599492.5
bus,2020-11-01,bus_highway_revenue_twd,759848019.0,historical_seasonal_iqr,849543080.0,1191793008.0
bus,2020-12-01,bus_highway_revenue_twd,870590959.0,historical_seasonal_iqr,979478338.0,1231369482.0
bus,2021-01-01,bus_highway_revenue_twd,677934343.0,historical_seasonal_iqr,871108688.0,1158184008.0
bus,2021-02-01,bus_highway_revenue_twd,659110548.0,historical_seasonal_iqr,822103415.5,1095417259.5
bus,2021-03-01,bus_highway_revenue_twd,730534755.0,historical_seasonal_iqr,895757536.5,1182540812.5
bus,2021-04-01,bus_highway_revenue_twd,745748752.0,historical_seasonal_iqr,835433742.0,1238258966.0
bus,2021-05-01,bus_highway_revenue_twd,407994391.0,historical_seasonal_iqr,776482247.0,1337779207.0
bus,2021-06-01,bus_highway_revenue_twd,101452867.0,historical_seasonal_iqr,921388044.5,1022301552.5
bus,2021-07-01,bus_highway_revenue_twd,171349897.0,historical_seasonal_iqr,868844176.0,1165828336.0
bus,2021-08-01,bus_highway_revenue_twd,339713912.0,historical_seasonal_iqr,814041840.0,1278391200.0
bus,2021-09-01,bus_highway_revenue_twd,407019027.0,historical_seasonal_iqr,892908016.0,1074658768.0
bus,2021-10-01,bus_highway_revenue_twd,536817232.0,historical_seasonal_iqr,858093754.5,1170813286.5
bus,2021-11-01,bus_highway_revenue_twd,548734343.0,historical_seasonal_iqr,922888901.0,1043792029.0
bus,2021-12-01,bus_highway_revenue_twd,614418732.0,historical_seasonal_iqr,1049116433.5,1107411917.5
bus,2022-01-01,bus_highway_revenue_twd,481319122.0,historical_seasonal_iqr,952736010.0,1005507666.0
bus,2022-06-01,bus_highway_revenue_twd,359980601.0,historical_seasonal_iqr,439624921.0,1289586217.0
bus,2026-04-01,bus_highway_revenue_twd,627850092.0,historical_seasonal_iqr,578603477.0,624639669.0
hsr_service,2013-11-01,hsr_trips,3996.0,historical_seasonal_iqr,3880.5,3948.5
hsr_service,2014-05-01,hsr_trips,4297.0,historical_seasonal_iqr,3731.0,4283.0
hsr_service,2014-08-01,hsr_trips,4279.0,historical_seasonal_iqr,3920.5,4180.5
hsr_service,2014-10-01,hsr_trips,4269.0,historical_seasonal_iqr,3971.0,4147.0
hsr_service,2014-11-01,hsr_trips,4125.0,historical_seasonal_iqr,3880.5,3948.5
hsr_service,2015-04-01,hsr_trips,4202.0,historical_seasonal_iqr,3847.0,4111.0
hsr_service,2015-05-01,hsr_trips,4306.0,historical_seasonal_iqr,4062.0,4086.0
hsr_service,2015-06-01,hsr_trips,4165.0,historical_seasonal_iqr,3865.0,4041.0
hsr_service,2015-07-01,hsr_trips,4242.0,historical_seasonal_iqr,4010.0,4210.0
hsr_service,2015-10-01,hsr_trips,4304.0,historical_seasonal_iqr,3972.0,4260.0
hsr_service,2015-12-01,hsr_trips,4335.0,historical_seasonal_iqr,4007.0,4247.0
hsr_service,2016-02-01,hsr_trips,4439.0,historical_seasonal_iqr,3821.0,4237.0
hsr_service,2017-08-01,hsr_trips,4283.0,historical_seasonal_iqr,4131.0,4235.0
hsr_service,2018-02-01,hsr_trips,4297.0,historical_seasonal_iqr,3959.5,4283.5
hsr_service,2018-03-01,hsr_trips,4355.0,historical_seasonal_iqr,4207.0,4327.0
hsr_service,2018-06-01,hsr_trips,4286.0,historical_seasonal_iqr,4122.5,4190.5
hsr_service,2018-09-01,hsr_trips,4372.0,historical_seasonal_iqr,3869.5,4289.5
hsr_service,2018-11-01,hsr_trips,4359.0,historical_seasonal_iqr,3980.0,4212.0
hsr_service,2018-12-01,hsr_trips,4529.0,historical_seasonal_iqr,4127.5,4459.5
hsr_service,2019-03-01,hsr_trips,4521.0,historical_seasonal_iqr,4149.5,4433.5
hsr_service,2019-06-01,hsr_trips,4388.0,historical_seasonal_iqr,4068.0,4300.0
hsr_service,2019-07-01,hsr_trips,4461.0,historical_seasonal_iqr,4021.0,4429.0
hsr_service,2019-08-01,hsr_trips,4452.0,historical_seasonal_iqr,4065.5,4413.5
hsr_service,2019-09-01,hsr_trips,4488.0,historical_seasonal_iqr,3769.0,4457.0
hsr_service,2019-10-01,hsr_trips,4623.0,historical_seasonal_iqr,4193.0,4489.0
hsr_service,2019-11-01,hsr_trips,4397.0,historical_seasonal_iqr,4004.0,4260.0
hsr_service,2020-01-01,hsr_trips,4962.0,historical_seasonal_iqr,4186.0,4626.0
hsr_service,2020-03-01,hsr_trips,4526.0,historical_seasonal_iqr,4172.5,4464.5
hsr_service,2020-05-01,hsr_trips,4131.0,historical_seasonal_iqr,4166.5,4626.5
hsr_service,2020-06-01,hsr_trips,3906.0,historical_seasonal_iqr,3983.5,4467.5
hsr_service,2020-10-01,hsr_trips,4728.0,historical_seasonal_iqr,4126.5,4706.5
hsr_service,2021-04-01,hsr_trips,4617.0,historical_seasonal_iqr,4166.0,4606.0
hsr_service,2021-05-01,hsr_trips,4074.0,historical_seasonal_iqr,4166.5,4626.5
hsr_service,2021-06-01,hsr_trips,2440.0,historical_seasonal_iqr,3958.5,4482.5
hsr_service,2021-07-01,hsr_trips,2455.0,historical_seasonal_iqr,4095.5,4547.5
hsr_service,2021-08-01,hsr_trips,2989.0,historical_seasonal_iqr,4029.5,4705.5
hsr_service,2021-09-01,hsr_trips,3751.0,historical_seasonal_iqr,3909.5,4681.5
hsr_service,2021-10-01,hsr_trips,3985.0,historical_seasonal_iqr,4010.5,4990.5
hsr_service,2022-04-01,hsr_trips,4525.0,historical_seasonal_iqr,4370.5,4486.5
hsr_service,2022-12-01,hsr_trips,4593.0,historical_seasonal_iqr,4499.5,4575.5
hsr_service,2023-11-01,hsr_trips,4476.0,historical_seasonal_iqr,4311.0,4439.0
hsr_service,2023-12-01,hsr_trips,4728.0,historical_seasonal_iqr,4433.0,4689.0
hsr_service,2024-03-01,hsr_trips,4805.0,historical_seasonal_iqr,4497.0,4561.0
hsr_service,2024-08-01,hsr_trips,4908.0,historical_seasonal_iqr,4351.5,4619.5
hsr_service,2024-09-01,hsr_trips,4895.0,historical_seasonal_iqr,4248.0,4632.0
hsr_service,2024-11-01,hsr_trips,4901.0,historical_seasonal_iqr,4332.0,4436.0
hsr_service,2024-12-01,hsr_trips,5033.0,historical_seasonal_iqr,4469.0,4677.0
hsr_service,2025-03-01,hsr_trips,4976.0,historical_seasonal_iqr,4484.0,4596.0
hsr_service,2025-04-01,hsr_trips,4947.0,historical_seasonal_iqr,4387.0,4755.0
hsr_service,2025-08-01,hsr_trips,5023.0,historical_seasonal_iqr,4365.0,4629.0
hsr_service,2025-09-01,hsr_trips,4859.0,historical_seasonal_iqr,4225.5,4669.5
hsr_service,2025-10-01,hsr_trips,5197.0,historical_seasonal_iqr,4388.0,4932.0
hsr_service,2025-11-01,hsr_trips,4871.0,historical_seasonal_iqr,4213.5,4633.5
hsr_service,2025-12-01,hsr_trips,5056.0,historical_seasonal_iqr,4390.5,4930.5
hsr_service,2026-03-01,hsr_trips,5208.0,historical_seasonal_iqr,4135.0,5207.0
hsr_service,2026-04-01,hsr_trips,5070.0,historical_seasonal_iqr,4502.0,4806.0
hsr_service,2013-02-01,hsr_train_km,1327267.0,historical_seasonal_iqr,1218832.0,1323768.0
hsr_service,2013-08-01,hsr_train_km,1373710.0,historical_seasonal_iqr,1286455.0,1373311.0
hsr_service,2013-11-01,hsr_train_km,1309748.0,historical_seasonal_iqr,1272536.5,1298476.5
hsr_service,2014-05-01,hsr_train_km,1392530.0,historical_seasonal_iqr,1251461.5,1391369.5
hsr_service,2014-08-01,hsr_train_km,1382834.0,historical_seasonal_iqr,1286455.0,1373311.0
hsr_service,2014-10-01,hsr_train_km,1382500.0,historical_seasonal_iqr,1304266.5,1363262.5
hsr_service,2014-11-01,hsr_train_km,1335219.0,historical_seasonal_iqr,1272536.5,1298476.5
hsr_service,2015-04-01,hsr_train_km,1365112.0,historical_seasonal_iqr,1262854.0,1353142.0
hsr_service,2015-05-01,hsr_train_km,1394874.0,historical_seasonal_iqr,1330840.5,1344572.5
hsr_service,2015-06-01,hsr_train_km,1349508.0,historical_seasonal_iqr,1272970.5,1325582.5
hsr_service,2015-07-01,hsr_train_km,1370109.0,historical_seasonal_iqr,1331430.0,1360566.0
hsr_service,2015-12-01,hsr_train_km,1395561.0,historical_seasonal_iqr,1324835.5,1381351.5
hsr_service,2016-02-01,hsr_train_km,1408973.0,historical_seasonal_iqr,1285410.0,1353010.0
hsr_service,2016-12-01,hsr_train_km,1437856.0,historical_seasonal_iqr,1329153.0,1402121.0
hsr_service,2017-01-01,hsr_train_km,1522288.0,historical_seasonal_iqr,1336524.5,1459440.5
hsr_service,2017-03-01,hsr_train_km,1428403.0,historical_seasonal_iqr,1309251.0,1418899.0
hsr_service,2017-04-01,hsr_train_km,1437896.0,historical_seasonal_iqr,1249042.0,1434754.0
hsr_service,2017-05-01,hsr_train_km,1488071.0,historical_seasonal_iqr,1256246.5,1478050.5
hsr_service,2017-07-01,hsr_train_km,1426510.0,historical_seasonal_iqr,1315285.0,1401853.0
hsr_service,2017-09-01,hsr_train_km,1401271.0,historical_seasonal_iqr,1257191.5,1385835.5
hsr_service,2017-10-01,hsr_train_km,1493868.0,historical_seasonal_iqr,1249429.0,1484469.0
hsr_service,2017-11-01,hsr_train_km,1390384.0,historical_seasonal_iqr,1271541.5,1373425.5
hsr_service,2017-12-01,hsr_train_km,1470800.0,historical_seasonal_iqr,1307053.5,1448665.5
hsr_service,2018-02-01,hsr_train_km,1420754.0,historical_seasonal_iqr,1279036.0,1408700.0
hsr_service,2018-03-01,hsr_train_km,1449523.0,historical_seasonal_iqr,1359811.5,1400895.5
hsr_service,2018-04-01,hsr_train_km,1465755.0,historical_seasonal_iqr,1302493.5,1432473.5
hsr_service,2018-05-01,hsr_train_km,1447517.0,historical_seasonal_iqr,1367499.5,1434247.5
hsr_service,2018-06-01,hsr_train_km,1427610.0,historical_seasonal_iqr,1326253.0,1371429.0
hsr_service,2018-07-01,hsr_train_km,1457012.0,historical_seasonal_iqr,1314206.5,1403650.5
hsr_service,2018-08-01,hsr_train_km,1457329.0,historical_seasonal_iqr,1333420.0,1440860.0
hsr_service,2018-09-01,hsr_train_km,1452913.0,historical_seasonal_iqr,1296379.0,1378851.0
hsr_service,2018-11-01,hsr_train_km,1448648.0,historical_seasonal_iqr,1278284.5,1406056.5
hsr_service,2019-06-01,hsr_train_km,1459545.0,historical_seasonal_iqr,1294326.0,1441478.0
hsr_service,2020-01-01,hsr_train_km,1633463.0,historical_seasonal_iqr,1307471.0,1589807.0
hsr_service,2020-10-01,hsr_train_km,1566568.0,historical_seasonal_iqr,1378388.0,1563156.0
hsr_service,2021-02-01,hsr_train_km,1490414.0,historical_seasonal_iqr,1388543.0,1443023.0
hsr_service,2021-06-01,hsr_train_km,817754.0,historical_seasonal_iqr,1244805.0,1537293.0
hsr_service,2021-07-01,hsr_train_km,824128.0,historical_seasonal_iqr,1379652.0,1503428.0
hsr_service,2021-08-01,hsr_train_km,981828.0,historical_seasonal_iqr,1366219.0,1537195.0
hsr_service,2021-09-01,hsr_train_km,1247344.0,historical_seasonal_iqr,1316536.0,1542496.0
hsr_service,2021-10-01,hsr_train_km,1327480.0,historical_seasonal_iqr,1347409.0,1643825.0
hsr_service,2022-04-01,hsr_train_km,1496876.0,historical_seasonal_iqr,1452415.5,1487987.5
hsr_service,2022-07-01,hsr_train_km,1508052.0,historical_seasonal_iqr,1379652.0,1503428.0
hsr_service,2022-12-01,hsr_train_km,1523448.0,historical_seasonal_iqr,1490066.0,1521074.0
hsr_service,2023-11-01,hsr_train_km,1481292.0,historical_seasonal_iqr,1433630.0,1473678.0
hsr_service,2023-12-01,hsr_train_km,1563540.0,historical_seasonal_iqr,1480893.0,1548981.0
hsr_service,2024-03-01,hsr_train_km,1589157.0,historical_seasonal_iqr,1497185.0,1511801.0
hsr_service,2024-08-01,hsr_train_km,1622687.0,historical_seasonal_iqr,1430743.0,1543639.0
hsr_service,2024-09-01,hsr_train_km,1613130.0,historical_seasonal_iqr,1413278.5,1531898.5
hsr_service,2024-11-01,hsr_train_km,1620222.0,historical_seasonal_iqr,1439184.5,1472556.5
hsr_service,2024-12-01,hsr_train_km,1662471.0,historical_seasonal_iqr,1484957.0,1550261.0
hsr_service,2025-03-01,hsr_train_km,1645100.0,historical_seasonal_iqr,1489022.0,1525406.0
hsr_service,2025-04-01,hsr_train_km,1630137.0,historical_seasonal_iqr,1453325.0,1569461.0
hsr_service,2025-08-01,hsr_train_km,1659111.0,historical_seasonal_iqr,1456250.5,1531022.5
hsr_service,2025-09-01,hsr_train_km,1606828.0,historical_seasonal_iqr,1408606.0,1539686.0
hsr_service,2025-10-01,hsr_train_km,1713146.0,historical_seasonal_iqr,1458673.0,1631305.0
hsr_service,2025-11-01,hsr_train_km,1608049.0,historical_seasonal_iqr,1407309.5,1525681.5
hsr_service,2025-12-01,hsr_train_km,1669809.0,historical_seasonal_iqr,1463310.0,1623678.0
hsr_service,2026-02-01,hsr_train_km,1622664.0,historical_seasonal_iqr,1404609.5,1597741.5
hsr_service,2026-03-01,hsr_train_km,1714594.0,historical_seasonal_iqr,1382064.5,1713412.5
hsr_service,2026-04-01,hsr_train_km,1666403.0,historical_seasonal_iqr,1490334.5,1582442.5
hsr_usage,2011-09-01,hsr_passengers,3474884.0,historical_seasonal_iqr,1556845.375,3198492.375
hsr_usage,2011-10-01,hsr_passengers,3702168.0,historical_seasonal_iqr,1847765.25,3564265.25
hsr_usage,2011-11-01,hsr_passengers,3540421.0,historical_seasonal_iqr,1843332.875,3517535.875
hsr_usage,2012-07-01,hsr_passengers,3902874.0,historical_seasonal_iqr,2289010.0,3683642.0
hsr_usage,2012-09-01,hsr_passengers,3696134.0,historical_seasonal_iqr,1803514.5,3503134.5
hsr_usage,2012-10-01,hsr_passengers,3826495.0,historical_seasonal_iqr,2426158.5,3527298.5
hsr_usage,2012-11-01,hsr_passengers,3762009.0,historical_seasonal_iqr,2181946.0,3674650.0
hsr_usage,2013-03-01,hsr_passengers,4245483.0,historical_seasonal_iqr,1732546.0,4173770.0
hsr_usage,2015-10-01,hsr_passengers,4241370.0,historical_seasonal_iqr,3425890.5,4162630.5
hsr_usage,2015-12-01,hsr_passengers,4928818.0,historical_seasonal_iqr,3194294.5,4520706.5
hsr_usage,2016-01-01,hsr_passengers,4604235.0,historical_seasonal_iqr,3207682.5,4380302.5
hsr_usage,2016-02-01,hsr_passengers,4841423.0,historical_seasonal_iqr,2664092.0,4732340.0
hsr_usage,2016-04-01,hsr_passengers,4654341.0,historical_seasonal_iqr,2946969.5,4607037.5
hsr_usage,2016-07-01,hsr_passengers,4737535.0,historical_seasonal_iqr,3639786.0,4341354.0
hsr_usage,2016-08-01,hsr_passengers,4762706.0,historical_seasonal_iqr,3116301.0,4753245.0
hsr_usage,2016-09-01,hsr_passengers,4420684.0,historical_seasonal_iqr,3276665.0,4395249.0
hsr_usage,2016-10-01,hsr_passengers,4923512.0,historical_seasonal_iqr,3332471.5,4649867.5
hsr_usage,2016-11-01,hsr_passengers,4684505.0,historical_seasonal_iqr,3377524.5,4402816.5
hsr_usage,2016-12-01,hsr_passengers,5164763.0,historical_seasonal_iqr,3858125.5,4276297.5
hsr_usage,2017-01-01,hsr_passengers,5175232.0,historical_seasonal_iqr,3564593.0,4190841.0
hsr_usage,2017-02-01,hsr_passengers,4792273.0,historical_seasonal_iqr,3371148.0,4602004.0
hsr_usage,2017-03-01,hsr_passengers,4949836.0,historical_seasonal_iqr,3634333.0,4612173.0
hsr_usage,2017-04-01,hsr_passengers,5095172.0,historical_seasonal_iqr,3520952.0,4567528.0
hsr_usage,2017-05-01,hsr_passengers,5142697.0,historical_seasonal_iqr,3441761.0,4676777.0
hsr_usage,2017-06-01,hsr_passengers,4566730.0,historical_seasonal_iqr,3595257.5,4383173.5
hsr_usage,2017-07-01,hsr_passengers,4978951.0,historical_seasonal_iqr,3813383.5,4450611.5
hsr_usage,2017-08-01,hsr_passengers,5223860.0,historical_seasonal_iqr,4050137.5,4281557.5
hsr_usage,2017-09-01,hsr_passengers,4653364.0,historical_seasonal_iqr,3803617.5,4193805.5
hsr_usage,2017-10-01,hsr_passengers,5373773.0,historical_seasonal_iqr,3353827.5,4773895.5
hsr_usage,2017-11-01,hsr_passengers,5006047.0,historical_seasonal_iqr,3398134.0,4634686.0
hsr_usage,2018-03-01,hsr_passengers,5308893.0,historical_seasonal_iqr,3568100.5,5237048.5
hsr_usage,2018-09-01,hsr_passengers,5251154.0,historical_seasonal_iqr,3308424.0,5088040.0
hsr_usage,2019-06-01,hsr_passengers,5610936.0,historical_seasonal_iqr,3369167.5,5285267.5
hsr_usage,2020-01-01,hsr_passengers,6230650.0,historical_seasonal_iqr,3747739.5,6031727.5
hsr_usage,2020-02-01,hsr_passengers,3968432.0,historical_seasonal_iqr,4249277.5,5697265.5
hsr_usage,2020-03-01,hsr_passengers,3529935.0,historical_seasonal_iqr,3564643.0,6355443.0
hsr_usage,2020-04-01,hsr_passengers,2947586.0,historical_seasonal_iqr,3422014.5,6708218.5
hsr_usage,2020-05-01,hsr_passengers,3670631.0,historical_seasonal_iqr,3726046.0,6104910.0
hsr_usage,2021-05-01,hsr_passengers,2696576.0,historical_seasonal_iqr,3726046.0,6104910.0
hsr_usage,2021-06-01,hsr_passengers,539630.0,historical_seasonal_iqr,3629426.5,6119470.5
hsr_usage,2021-07-01,hsr_passengers,1137242.0,historical_seasonal_iqr,4504555.0,5761011.0
hsr_usage,2021-08-01,hsr_passengers,2225096.0,historical_seasonal_iqr,4825212.5,5888272.5
hsr_usage,2021-09-01,hsr_passengers,2960416.0,historical_seasonal_iqr,3756679.0,6147839.0
hsr_usage,2021-10-01,hsr_passengers,4032592.0,historical_seasonal_iqr,4693998.0,6341934.0
hsr_usage,2022-01-01,hsr_passengers,4148796.0,historical_seasonal_iqr,4406103.0,5879047.0
hsr_usage,2022-04-01,hsr_passengers,3976458.0,historical_seasonal_iqr,4465628.0,6144412.0
hsr_usage,2022-06-01,hsr_passengers,3133528.0,historical_seasonal_iqr,3300954.0,6316554.0
hsr_usage,2022-07-01,hsr_passengers,4431576.0,historical_seasonal_iqr,4504555.0,5761011.0
hsr_usage,2023-09-01,hsr_passengers,5826261.0,historical_seasonal_iqr,4490974.0,5707262.0
hsr_usage,2023-10-01,hsr_passengers,6428106.0,historical_seasonal_iqr,4693998.0,6341934.0
hsr_usage,2023-11-01,hsr_passengers,6274964.0,historical_seasonal_iqr,5404764.5,5584952.5
hsr_usage,2023-12-01,hsr_passengers,6710532.0,historical_seasonal_iqr,5353130.0,6508474.0
hsr_usage,2024-08-01,hsr_passengers,6752455.0,historical_seasonal_iqr,4088110.5,6441546.5
hsr_usage,2024-09-01,hsr_passengers,6493172.0,historical_seasonal_iqr,4109521.0,6343017.0
hsr_usage,2024-11-01,hsr_passengers,6720644.0,historical_seasonal_iqr,5155508.0,6000380.0
hsr_usage,2024-12-01,hsr_passengers,7150425.0,historical_seasonal_iqr,5144252.0,6856604.0
hsr_usage,2025-10-01,hsr_passengers,7351690.0,historical_seasonal_iqr,4227979.5,7308399.5
hsr_usage,2011-09-01,hsr_daily_passengers,115829.0,historical_seasonal_iqr,51894.875,106615.875
hsr_usage,2011-10-01,hsr_daily_passengers,119425.0,historical_seasonal_iqr,59605.125,114976.125
hsr_usage,2011-11-01,hsr_daily_passengers,118014.0,historical_seasonal_iqr,61443.375,117252.375
hsr_usage,2012-07-01,hsr_daily_passengers,125899.0,historical_seasonal_iqr,73839.5,118827.5
hsr_usage,2012-09-01,hsr_daily_passengers,123204.0,historical_seasonal_iqr,60116.0,116772.0
hsr_usage,2012-10-01,hsr_daily_passengers,123435.0,historical_seasonal_iqr,78261.5,113785.5
hsr_usage,2012-11-01,hsr_daily_passengers,125400.0,historical_seasonal_iqr,72730.0,122490.0
hsr_usage,2013-03-01,hsr_daily_passengers,136951.0,historical_seasonal_iqr,55889.5,134637.5
hsr_usage,2015-10-01,hsr_daily_passengers,136818.0,historical_seasonal_iqr,110513.5,134277.5
hsr_usage,2015-12-01,hsr_daily_passengers,158994.0,historical_seasonal_iqr,103041.5,145829.5
hsr_usage,2016-01-01,hsr_daily_passengers,148524.0,historical_seasonal_iqr,103475.0,141299.0
hsr_usage,2016-04-01,hsr_daily_passengers,155145.0,historical_seasonal_iqr,98232.0,153568.0
hsr_usage,2016-07-01,hsr_daily_passengers,152824.0,historical_seasonal_iqr,117412.0,140044.0
hsr_usage,2016-08-01,hsr_daily_passengers,153636.0,historical_seasonal_iqr,100526.5,153330.5
hsr_usage,2016-09-01,hsr_daily_passengers,147356.0,historical_seasonal_iqr,109221.0,146509.0
hsr_usage,2016-10-01,hsr_daily_passengers,158823.0,historical_seasonal_iqr,107499.0,149995.0
hsr_usage,2016-11-01,hsr_daily_passengers,156150.0,historical_seasonal_iqr,112584.0,146760.0
hsr_usage,2016-12-01,hsr_daily_passengers,166605.0,historical_seasonal_iqr,124454.5,137946.5
hsr_usage,2017-01-01,hsr_daily_passengers,166943.0,historical_seasonal_iqr,114985.5,135189.5
hsr_usage,2017-02-01,hsr_daily_passengers,171153.0,historical_seasonal_iqr,120398.0,164358.0
hsr_usage,2017-03-01,hsr_daily_passengers,159672.0,historical_seasonal_iqr,117236.0,148780.0
hsr_usage,2017-04-01,hsr_daily_passengers,169839.0,historical_seasonal_iqr,117364.0,152252.0
hsr_usage,2017-05-01,hsr_daily_passengers,165893.0,historical_seasonal_iqr,111024.0,150864.0
hsr_usage,2017-06-01,hsr_daily_passengers,152224.0,historical_seasonal_iqr,119842.0,146106.0
hsr_usage,2017-07-01,hsr_daily_passengers,160611.0,historical_seasonal_iqr,123012.5,143568.5
hsr_usage,2017-08-01,hsr_daily_passengers,168512.0,historical_seasonal_iqr,130650.0,138114.0
hsr_usage,2017-09-01,hsr_daily_passengers,155112.0,historical_seasonal_iqr,126788.5,139792.5
hsr_usage,2017-10-01,hsr_daily_passengers,173348.0,historical_seasonal_iqr,108188.0,153996.0
hsr_usage,2017-11-01,hsr_daily_passengers,166868.0,historical_seasonal_iqr,113270.5,154490.5
hsr_usage,2018-03-01,hsr_daily_passengers,171255.0,historical_seasonal_iqr,115100.5,168936.5
hsr_usage,2018-09-01,hsr_daily_passengers,175038.0,historical_seasonal_iqr,110281.0,169601.0
hsr_usage,2019-06-01,hsr_daily_passengers,187031.0,historical_seasonal_iqr,112306.5,176174.5
hsr_usage,2020-01-01,hsr_daily_passengers,200989.0,historical_seasonal_iqr,120895.5,194571.5
hsr_usage,2020-02-01,hsr_daily_passengers,136842.0,historical_seasonal_iqr,141243.5,209783.5
hsr_usage,2020-03-01,hsr_daily_passengers,113869.0,historical_seasonal_iqr,114987.5,205015.5
hsr_usage,2020-04-01,hsr_daily_passengers,98253.0,historical_seasonal_iqr,114067.5,223607.5
hsr_usage,2020-05-01,hsr_daily_passengers,118407.0,historical_seasonal_iqr,120196.0,196932.0
hsr_usage,2021-05-01,hsr_daily_passengers,86986.0,historical_seasonal_iqr,120196.0,196932.0
hsr_usage,2021-06-01,hsr_daily_passengers,17988.0,historical_seasonal_iqr,120979.5,203983.5
hsr_usage,2021-07-01,hsr_daily_passengers,36685.0,historical_seasonal_iqr,145307.5,185839.5
hsr_usage,2021-08-01,hsr_daily_passengers,71777.0,historical_seasonal_iqr,155652.5,189944.5
hsr_usage,2021-09-01,hsr_daily_passengers,98681.0,historical_seasonal_iqr,125223.0,204927.0
hsr_usage,2021-10-01,hsr_daily_passengers,130084.0,historical_seasonal_iqr,151419.0,204579.0
hsr_usage,2022-01-01,hsr_daily_passengers,133832.0,historical_seasonal_iqr,142131.5,189647.5
hsr_usage,2022-04-01,hsr_daily_passengers,132549.0,historical_seasonal_iqr,148854.0,204814.0
hsr_usage,2022-06-01,hsr_daily_passengers,104451.0,historical_seasonal_iqr,110032.0,210552.0
hsr_usage,2022-07-01,hsr_daily_passengers,142954.0,historical_seasonal_iqr,145307.5,185839.5
hsr_usage,2023-09-01,hsr_daily_passengers,194209.0,historical_seasonal_iqr,149700.5,190240.5
hsr_usage,2023-10-01,hsr_daily_passengers,207358.0,historical_seasonal_iqr,151419.0,204579.0
hsr_usage,2023-11-01,hsr_daily_passengers,209165.0,historical_seasonal_iqr,180158.0,186166.0
hsr_usage,2023-12-01,hsr_daily_passengers,216469.0,historical_seasonal_iqr,172682.5,209950.5
hsr_usage,2024-08-01,hsr_daily_passengers,217821.0,historical_seasonal_iqr,131875.5,207791.5
hsr_usage,2024-09-01,hsr_daily_passengers,216439.0,historical_seasonal_iqr,136985.0,211433.0
hsr_usage,2024-11-01,hsr_daily_passengers,224021.0,historical_seasonal_iqr,171849.5,200013.5
hsr_usage,2024-12-01,hsr_daily_passengers,230659.0,historical_seasonal_iqr,165944.5,221180.5
hsr_usage,2025-10-01,hsr_daily_passengers,237151.0,historical_seasonal_iqr,136387.0,235755.0
hsr_usage,2011-09-01,hsr_passenger_km,672042695.0,historical_seasonal_iqr,343031749.375,657964840.375
hsr_usage,2012-07-01,hsr_passenger_km,764327992.0,historical_seasonal_iqr,552509863.0,694947479.0
hsr_usage,2012-09-01,hsr_passenger_km,711329034.0,historical_seasonal_iqr,419631689.5,661272317.5
hsr_usage,2012-10-01,hsr_passenger_km,732481959.0,historical_seasonal_iqr,559842201.0,653206105.0
hsr_usage,2012-11-01,hsr_passenger_km,721096385.0,historical_seasonal_iqr,534411201.5,666489669.5
hsr_usage,2013-01-01,hsr_passenger_km,699108016.0,historical_seasonal_iqr,551638501.0,679232069.0
hsr_usage,2013-03-01,hsr_passenger_km,789594215.0,historical_seasonal_iqr,447075622.5,755653858.5
hsr_usage,2013-05-01,hsr_passenger_km,747230935.0,historical_seasonal_iqr,499647228.5,738378392.5
hsr_usage,2013-08-01,hsr_passenger_km,801175010.0,historical_seasonal_iqr,554492075.0,756510747.0
hsr_usage,2014-05-01,hsr_passenger_km,776601117.0,historical_seasonal_iqr,564295270.0,769154078.0
hsr_usage,2015-10-01,hsr_passenger_km,800995108.0,historical_seasonal_iqr,677439693.5,778820657.5
hsr_usage,2015-12-01,hsr_passenger_km,896486817.0,historical_seasonal_iqr,577689094.5,891187714.5
hsr_usage,2016-01-01,hsr_passenger_km,860538035.0,historical_seasonal_iqr,608230979.5,850569743.5
hsr_usage,2016-02-01,hsr_passenger_km,890813234.0,historical_seasonal_iqr,609776850.5,876559894.5
hsr_usage,2016-07-01,hsr_passenger_km,885711402.0,historical_seasonal_iqr,728102327.5,824704099.5
hsr_usage,2016-10-01,hsr_passenger_km,912408670.0,historical_seasonal_iqr,636019590.0,893252574.0
hsr_usage,2016-11-01,hsr_passenger_km,862747472.0,historical_seasonal_iqr,657522719.0,827052495.0
hsr_usage,2016-12-01,hsr_passenger_km,942470832.0,historical_seasonal_iqr,738290818.5,809317710.5
hsr_usage,2017-01-01,hsr_passenger_km,973916582.0,historical_seasonal_iqr,648528840.0,886773760.0
hsr_usage,2017-03-01,hsr_passenger_km,912742018.0,historical_seasonal_iqr,718881124.0,838732708.0
hsr_usage,2017-04-01,hsr_passenger_km,930345507.0,historical_seasonal_iqr,682446587.0,881376579.0
hsr_usage,2017-05-01,hsr_passenger_km,951318586.0,historical_seasonal_iqr,655328986.0,900400850.0
hsr_usage,2017-07-01,hsr_passenger_km,916398700.0,historical_seasonal_iqr,754877724.5,841011248.5
hsr_usage,2017-08-01,hsr_passenger_km,964586045.0,historical_seasonal_iqr,778389412.5,822082568.5
hsr_usage,2017-09-01,hsr_passenger_km,840002142.0,historical_seasonal_iqr,731283297.5,797214629.5
hsr_usage,2017-10-01,hsr_passenger_km,993044130.0,historical_seasonal_iqr,650514328.0,891283576.0
hsr_usage,2017-11-01,hsr_passenger_km,912281152.0,historical_seasonal_iqr,655087008.0,865110072.0
hsr_usage,2018-03-01,hsr_passenger_km,949573004.0,historical_seasonal_iqr,731878449.5,885787157.5
hsr_usage,2018-09-01,hsr_passenger_km,946984743.0,historical_seasonal_iqr,692345453.0,902802501.0
hsr_usage,2019-02-01,hsr_passenger_km,1014470571.0,historical_seasonal_iqr,737735014.0,982660166.0
hsr_usage,2019-06-01,hsr_passenger_km,1001999502.0,historical_seasonal_iqr,671958523.5,975771519.5
hsr_usage,2019-09-01,hsr_passenger_km,972811987.0,historical_seasonal_iqr,671222737.0,941269785.0
hsr_usage,2020-01-01,hsr_passenger_km,1143651916.0,historical_seasonal_iqr,716128689.5,1101220277.5
hsr_usage,2020-02-01,hsr_passenger_km,683592359.0,historical_seasonal_iqr,721378026.0,1122310306.0
hsr_usage,2020-03-01,hsr_passenger_km,592594098.0,historical_seasonal_iqr,645818974.0,1131825422.0
hsr_usage,2020-04-01,hsr_passenger_km,503008048.0,historical_seasonal_iqr,675299910.5,1203537858.5
hsr_usage,2020-05-01,hsr_passenger_km,621509396.0,historical_seasonal_iqr,722423828.5,1088655440.5
hsr_usage,2021-05-01,hsr_passenger_km,467164537.0,historical_seasonal_iqr,722423828.5,1088655440.5
hsr_usage,2021-06-01,hsr_passenger_km,89477275.0,historical_seasonal_iqr,677995844.0,1093767588.0
hsr_usage,2021-07-01,hsr_passenger_km,197798441.0,historical_seasonal_iqr,781759225.5,1058965029.5
hsr_usage,2021-08-01,hsr_passenger_km,392951155.0,historical_seasonal_iqr,919082770.0,1007028394.0
hsr_usage,2021-09-01,hsr_passenger_km,528497667.0,historical_seasonal_iqr,679528240.5,1107458644.5
hsr_usage,2021-10-01,hsr_passenger_km,708184134.0,historical_seasonal_iqr,880737517.5,1060428097.5
hsr_usage,2022-01-01,hsr_passenger_km,729927234.0,historical_seasonal_iqr,772569422.0,1094724878.0
hsr_usage,2022-04-01,hsr_passenger_km,692990746.0,historical_seasonal_iqr,817690825.5,1118103309.5
hsr_usage,2022-06-01,hsr_passenger_km,527772909.0,historical_seasonal_iqr,554783069.0,1167695253.0
hsr_usage,2022-08-01,hsr_passenger_km,857009562.0,historical_seasonal_iqr,919082770.0,1007028394.0
hsr_usage,2023-10-01,hsr_passenger_km,1109028346.0,historical_seasonal_iqr,848293541.0,1074322061.0
hsr_usage,2023-12-01,hsr_passenger_km,1136686814.0,historical_seasonal_iqr,907106947.0,1132772715.0
hsr_usage,2024-11-01,hsr_passenger_km,1133678095.0,historical_seasonal_iqr,840485094.0,1088569430.0
hsr_usage,2024-12-01,hsr_passenger_km,1199600581.0,historical_seasonal_iqr,883266563.5,1172506687.5
hsr_usage,2025-10-01,hsr_passenger_km,1246878088.0,historical_seasonal_iqr,789608864.0,1172129856.0
hsr_usage,2010-01-01,hsr_avg_trip_km,208.83,historical_seasonal_iqr,217.01500000000004,219.575
hsr_usage,2010-05-01,hsr_avg_trip_km,199.58,historical_seasonal_iqr,202.09499999999997,235.89500000000004
hsr_usage,2010-10-01,hsr_avg_trip_km,198.5,historical_seasonal_iqr,199.43500000000003,230.27499999999995
hsr_usage,2010-11-01,hsr_avg_trip_km,198.07,historical_seasonal_iqr,202.35250000000002,226.4925
hsr_usage,2010-12-01,hsr_avg_trip_km,196.68,historical_seasonal_iqr,201.93000000000004,222.76999999999995
hsr_usage,2011-01-01,hsr_avg_trip_km,200.14,historical_seasonal_iqr,211.39875,222.54874999999998
hsr_usage,2011-03-01,hsr_avg_trip_km,196.4,historical_seasonal_iqr,197.11374999999998,233.22375
hsr_usage,2011-05-01,hsr_avg_trip_km,195.53,historical_seasonal_iqr,197.15375000000006,232.64374999999995
hsr_usage,2011-07-01,hsr_avg_trip_km,196.56,historical_seasonal_iqr,198.71000000000004,231.37
hsr_usage,2011-08-01,hsr_avg_trip_km,194.45,historical_seasonal_iqr,196.16999999999996,231.75
hsr_usage,2011-10-01,hsr_avg_trip_km,193.25,historical_seasonal_iqr,193.52000000000004,228.83999999999997
hsr_usage,2011-11-01,hsr_avg_trip_km,190.84,historical_seasonal_iqr,194.41000000000008,227.68999999999994
hsr_usage,2011-12-01,hsr_avg_trip_km,188.33,historical_seasonal_iqr,193.06500000000005,225.32499999999993
hsr_usage,2012-02-01,hsr_avg_trip_km,195.77,historical_seasonal_iqr,198.03500000000003,235.99499999999995
hsr_usage,2015-08-01,hsr_avg_trip_km,192.07,historical_seasonal_iqr,192.47500000000002,195.635
hsr_usage,2015-12-01,hsr_avg_trip_km,181.89,historical_seasonal_iqr,186.565,195.72499999999997
hsr_usage,2016-02-01,hsr_avg_trip_km,184.0,historical_seasonal_iqr,188.90999999999997,207.23000000000002
hsr_usage,2016-03-01,hsr_avg_trip_km,179.58,historical_seasonal_iqr,183.42000000000004,199.01999999999995
hsr_usage,2016-04-01,hsr_avg_trip_km,187.65,historical_seasonal_iqr,192.49,194.49
hsr_usage,2016-05-01,hsr_avg_trip_km,186.17,historical_seasonal_iqr,189.435,195.95499999999998
hsr_usage,2016-06-01,hsr_avg_trip_km,188.87,historical_seasonal_iqr,191.68,193.83999999999997
hsr_usage,2016-07-01,hsr_avg_trip_km,186.96,historical_seasonal_iqr,189.59,199.59
hsr_usage,2016-08-01,hsr_avg_trip_km,186.18,historical_seasonal_iqr,189.355,196.595
hsr_usage,2016-09-01,hsr_avg_trip_km,186.37,historical_seasonal_iqr,188.4,196.4
hsr_usage,2016-10-01,hsr_avg_trip_km,185.32,historical_seasonal_iqr,188.95500000000004,193.39499999999998
hsr_usage,2016-11-01,hsr_avg_trip_km,184.17,historical_seasonal_iqr,188.74,192.10000000000002
hsr_usage,2016-12-01,hsr_avg_trip_km,182.48,historical_seasonal_iqr,185.04500000000002,193.805
hsr_usage,2017-02-01,hsr_avg_trip_km,181.9,historical_seasonal_iqr,195.05,196.96999999999997
hsr_usage,2017-04-01,hsr_avg_trip_km,182.59,historical_seasonal_iqr,191.95,194.34999999999997
hsr_usage,2017-05-01,hsr_avg_trip_km,184.98,historical_seasonal_iqr,189.33500000000004,194.735
hsr_usage,2017-06-01,hsr_avg_trip_km,182.61,historical_seasonal_iqr,191.75,193.11
hsr_usage,2017-07-01,hsr_avg_trip_km,184.05,historical_seasonal_iqr,188.675,197.59499999999997
hsr_usage,2017-08-01,hsr_avg_trip_km,184.65,historical_seasonal_iqr,189.51,196.14999999999998
hsr_usage,2017-09-01,hsr_avg_trip_km,180.52,historical_seasonal_iqr,188.47500000000005,194.83499999999995
hsr_usage,2017-10-01,hsr_avg_trip_km,184.79,historical_seasonal_iqr,184.995,195.27499999999998
hsr_usage,2017-11-01,hsr_avg_trip_km,182.24,historical_seasonal_iqr,186.295,192.25500000000002
hsr_usage,2018-01-01,hsr_avg_trip_km,180.17,historical_seasonal_iqr,182.41500000000002,197.815
hsr_usage,2018-06-01,hsr_avg_trip_km,180.85,historical_seasonal_iqr,183.27500000000003,198.195
hsr_usage,2019-10-01,hsr_avg_trip_km,176.09,historical_seasonal_iqr,178.7,194.94
hsr_usage,2019-12-01,hsr_avg_trip_km,172.53,historical_seasonal_iqr,173.02999999999997,188.14999999999998
hsr_usage,2020-02-01,hsr_avg_trip_km,172.26,historical_seasonal_iqr,177.145,195.42499999999998
hsr_usage,2020-03-01,hsr_avg_trip_km,167.88,historical_seasonal_iqr,171.47499999999997,192.15500000000003
hsr_usage,2020-04-01,hsr_avg_trip_km,170.65,historical_seasonal_iqr,175.0,195.24
hsr_usage,2020-05-01,hsr_avg_trip_km,169.32,historical_seasonal_iqr,169.64500000000004,196.08499999999998
hsr_usage,2020-09-01,hsr_avg_trip_km,169.68,historical_seasonal_iqr,171.29500000000002,195.41500000000002
hsr_usage,2020-11-01,hsr_avg_trip_km,170.59,historical_seasonal_iqr,174.67000000000002,189.86999999999995
hsr_usage,2020-12-01,hsr_avg_trip_km,171.39,historical_seasonal_iqr,171.79000000000002,187.95
hsr_usage,2021-01-01,hsr_avg_trip_km,169.56,historical_seasonal_iqr,170.07499999999996,196.99500000000003
hsr_usage,2021-03-01,hsr_avg_trip_km,170.55,historical_seasonal_iqr,177.78000000000003,180.66000000000003
hsr_usage,2021-04-01,hsr_avg_trip_km,173.31,historical_seasonal_iqr,175.435,188.51500000000004
hsr_usage,2021-06-01,hsr_avg_trip_km,165.81,historical_seasonal_iqr,172.53500000000003,188.65500000000003
hsr_usage,2022-06-01,hsr_avg_trip_km,168.43,historical_seasonal_iqr,171.325,186.565
hsr_usage,2023-12-01,hsr_avg_trip_km,169.39,historical_seasonal_iqr,169.67999999999995,174.24
hsr_usage,2024-10-01,hsr_avg_trip_km,167.18,historical_seasonal_iqr,168.76999999999998,179.73000000000002
hsr_usage,2024-12-01,hsr_avg_trip_km,167.77,historical_seasonal_iqr,169.705,173.74499999999998
hsr_usage,2025-04-01,hsr_avg_trip_km,170.03,historical_seasonal_iqr,171.885,175.365
hsr_usage,2025-05-01,hsr_avg_trip_km,167.5,historical_seasonal_iqr,167.84999999999997,171.77000000000004
hsr_usage,2025-08-01,hsr_avg_trip_km,166.37,historical_seasonal_iqr,167.57999999999998,176.94
hsr_usage,2025-09-01,hsr_avg_trip_km,162.87,historical_seasonal_iqr,163.47000000000003,180.02999999999997
hsr_usage,2025-10-01,hsr_avg_trip_km,169.6,historical_seasonal_iqr,171.32999999999998,174.53000000000003
hsr_usage,2025-11-01,hsr_avg_trip_km,166.04,historical_seasonal_iqr,168.57999999999998,173.94
hsr_usage,2025-12-01,hsr_avg_trip_km,165.87,historical_seasonal_iqr,166.39,174.39
hsr_usage,2026-01-01,hsr_avg_trip_km,164.89,historical_seasonal_iqr,165.615,182.135
hsr_usage,2026-03-01,hsr_avg_trip_km,164.93,historical_seasonal_iqr,168.225,171.94500000000002
hsr_usage,2026-04-01,hsr_avg_trip_km,167.58,historical_seasonal_iqr,171.885,175.365
hsr_usage,2010-09-01,hsr_occupancy_pct,46.71,historical_seasonal_iqr,39.02750000000001,44.367499999999986
hsr_usage,2011-09-01,hsr_occupancy_pct,51.61,historical_seasonal_iqr,38.98375,46.17375
hsr_usage,2011-10-01,hsr_occupancy_pct,52.98,historical_seasonal_iqr,36.52749999999999,52.8875
hsr_usage,2012-05-01,hsr_occupancy_pct,52.4,historical_seasonal_iqr,45.745000000000005,52.10499999999999
hsr_usage,2012-09-01,hsr_occupancy_pct,55.1,historical_seasonal_iqr,35.75999999999999,53.28
hsr_usage,2012-10-01,hsr_occupancy_pct,55.84,historical_seasonal_iqr,40.955,50.915000000000006
hsr_usage,2012-11-01,hsr_occupancy_pct,56.58,historical_seasonal_iqr,38.239999999999995,55.2
hsr_usage,2013-03-01,hsr_occupancy_pct,59.12,historical_seasonal_iqr,36.825,57.105000000000004
hsr_usage,2013-05-01,hsr_occupancy_pct,56.41,historical_seasonal_iqr,45.745000000000005,52.10499999999999
hsr_usage,2013-08-01,hsr_occupancy_pct,58.97,historical_seasonal_iqr,46.099999999999994,54.900000000000006
hsr_usage,2016-01-01,hsr_occupancy_pct,61.56,historical_seasonal_iqr,51.025000000000006,55.785
hsr_usage,2016-07-01,hsr_occupancy_pct,65.4,historical_seasonal_iqr,54.214999999999996,62.335
hsr_usage,2016-09-01,hsr_occupancy_pct,62.76,historical_seasonal_iqr,50.96000000000001,62.0
hsr_usage,2016-10-01,hsr_occupancy_pct,63.73,historical_seasonal_iqr,52.60000000000001,61.239999999999995
hsr_usage,2016-11-01,hsr_occupancy_pct,64.23,historical_seasonal_iqr,54.72,59.68000000000001
hsr_usage,2016-12-01,hsr_occupancy_pct,66.28,historical_seasonal_iqr,56.19500000000001,58.394999999999996
hsr_usage,2017-01-01,hsr_occupancy_pct,64.69,historical_seasonal_iqr,50.43499999999999,58.635000000000005
hsr_usage,2017-03-01,hsr_occupancy_pct,64.61,historical_seasonal_iqr,51.47000000000001,63.709999999999994
hsr_usage,2017-04-01,hsr_occupancy_pct,65.42,historical_seasonal_iqr,54.11,63.14999999999999
hsr_usage,2017-05-01,hsr_occupancy_pct,64.64,historical_seasonal_iqr,53.06,61.94
hsr_usage,2017-07-01,hsr_occupancy_pct,64.96,historical_seasonal_iqr,58.355,60.475
hsr_usage,2017-08-01,hsr_occupancy_pct,68.19,historical_seasonal_iqr,54.510000000000005,64.11
hsr_usage,2017-10-01,hsr_occupancy_pct,67.21,historical_seasonal_iqr,52.58,61.7
hsr_usage,2017-11-01,hsr_occupancy_pct,66.34,historical_seasonal_iqr,51.69999999999999,64.9
hsr_usage,2018-03-01,hsr_occupancy_pct,66.24,historical_seasonal_iqr,55.254999999999995,63.535
hsr_usage,2018-06-01,hsr_occupancy_pct,66.42,historical_seasonal_iqr,55.295,64.135
hsr_usage,2018-09-01,hsr_occupancy_pct,65.9,historical_seasonal_iqr,53.735,64.735
hsr_usage,2020-01-01,hsr_occupancy_pct,70.79,historical_seasonal_iqr,56.86500000000001,69.38499999999999
hsr_usage,2020-02-01,hsr_occupancy_pct,48.59,historical_seasonal_iqr,56.205,76.80499999999999
hsr_usage,2020-03-01,hsr_occupancy_pct,39.87,historical_seasonal_iqr,51.715,74.95499999999998
hsr_usage,2020-04-01,hsr_occupancy_pct,34.49,historical_seasonal_iqr,55.510000000000005,77.67
hsr_usage,2020-05-01,hsr_occupancy_pct,45.61,historical_seasonal_iqr,56.155,70.91499999999999
hsr_usage,2020-07-01,hsr_occupancy_pct,61.39,historical_seasonal_iqr,62.97999999999998,68.26000000000002
hsr_usage,2021-01-01,hsr_occupancy_pct,53.1,historical_seasonal_iqr,58.0,69.52000000000001
hsr_usage,2021-02-01,hsr_occupancy_pct,55.84,historical_seasonal_iqr,56.205,76.80499999999999
hsr_usage,2021-05-01,hsr_occupancy_pct,35.24,historical_seasonal_iqr,56.155,70.91499999999999
hsr_usage,2021-06-01,hsr_occupancy_pct,11.2,historical_seasonal_iqr,52.64499999999999,74.685
hsr_usage,2021-07-01,hsr_occupancy_pct,24.57,historical_seasonal_iqr,62.97999999999998,68.26000000000002
hsr_usage,2021-08-01,hsr_occupancy_pct,40.96,historical_seasonal_iqr,58.930000000000014,72.76999999999998
hsr_usage,2021-09-01,hsr_occupancy_pct,43.37,historical_seasonal_iqr,52.67499999999999,73.83500000000001
hsr_usage,2021-10-01,hsr_occupancy_pct,54.6,historical_seasonal_iqr,58.86,72.21999999999998
hsr_usage,2021-11-01,hsr_occupancy_pct,57.65,historical_seasonal_iqr,59.94000000000001,74.33999999999999
hsr_usage,2022-01-01,hsr_occupancy_pct,48.44,historical_seasonal_iqr,58.0,69.52000000000001
hsr_usage,2022-04-01,hsr_occupancy_pct,47.39,historical_seasonal_iqr,56.235,77.235
hsr_usage,2022-06-01,hsr_occupancy_pct,37.4,historical_seasonal_iqr,52.42,74.82000000000001
hsr_usage,2022-07-01,hsr_occupancy_pct,51.4,historical_seasonal_iqr,54.055,73.61500000000001
hsr_usage,2023-10-01,hsr_occupancy_pct,71.73,historical_seasonal_iqr,58.12999999999999,70.29000000000002
hsr_usage,2010-03-01,hsr_punctuality_pct,96.61,historical_seasonal_iqr,98.2125,100.4725
hsr_usage,2010-11-01,hsr_punctuality_pct,98.54,historical_seasonal_iqr,98.745,99.46499999999997
hsr_usage,2011-11-01,hsr_punctuality_pct,99.8,historical_seasonal_iqr,98.33375000000001,99.64375000000001
hsr_usage,2012-02-01,hsr_punctuality_pct,98.13,historical_seasonal_iqr,99.23499999999999,100.155
hsr_usage,2012-08-01,hsr_punctuality_pct,96.33,historical_seasonal_iqr,98.11500000000001,100.555
hsr_usage,2012-11-01,hsr_punctuality_pct,99.95,historical_seasonal_iqr,98.38,99.82
hsr_usage,2013-06-01,hsr_punctuality_pct,98.02,historical_seasonal_iqr,98.88,100.24000000000001
hsr_usage,2014-04-01,hsr_punctuality_pct,98.9,historical_seasonal_iqr,99.52999999999997,100.17000000000002
hsr_usage,2014-05-01,hsr_punctuality_pct,99.53,historical_seasonal_iqr,99.69999999999999,100.10000000000002
hsr_usage,2015-02-01,hsr_punctuality_pct,98.75,historical_seasonal_iqr,99.05,100.41000000000001
hsr_usage,2015-04-01,hsr_punctuality_pct,100.0,historical_seasonal_iqr,99.67500000000001,99.875
hsr_usage,2015-08-01,hsr_punctuality_pct,99.62,historical_seasonal_iqr,98.55,99.42999999999999
hsr_usage,2015-09-01,hsr_punctuality_pct,98.61,historical_seasonal_iqr,99.82500000000002,100.10499999999999
hsr_usage,2016-05-01,hsr_punctuality_pct,99.32,historical_seasonal_iqr,99.60499999999999,100.12500000000003
hsr_usage,2016-09-01,hsr_punctuality_pct,97.9,historical_seasonal_iqr,99.82500000000002,100.10499999999999
hsr_usage,2017-03-01,hsr_punctuality_pct,99.93,historical_seasonal_iqr,99.445,99.805
hsr_usage,2017-11-01,hsr_punctuality_pct,99.71,historical_seasonal_iqr,99.9,99.97999999999999
hsr_usage,2018-01-01,hsr_punctuality_pct,99.93,historical_seasonal_iqr,99.64999999999999,99.89
hsr_usage,2018-03-01,hsr_punctuality_pct,99.08,historical_seasonal_iqr,99.23,100.35000000000001
hsr_usage,2018-08-01,hsr_punctuality_pct,97.42,historical_seasonal_iqr,98.24499999999998,100.44500000000002
hsr_usage,2018-11-01,hsr_punctuality_pct,99.29,historical_seasonal_iqr,99.34999999999998,100.31000000000002
hsr_usage,2018-12-01,hsr_punctuality_pct,98.98,historical_seasonal_iqr,99.65500000000003,100.01499999999999
hsr_usage,2019-12-01,hsr_punctuality_pct,99.65,historical_seasonal_iqr,99.65500000000003,100.01499999999999
hsr_usage,2020-12-01,hsr_punctuality_pct,98.11,historical_seasonal_iqr,99.33500000000001,100.17499999999998
hsr_usage,2021-08-01,hsr_punctuality_pct,87.02,historical_seasonal_iqr,98.91,100.27000000000001
hsr_usage,2021-10-01,hsr_punctuality_pct,99.15,historical_seasonal_iqr,99.6,100.16
hsr_usage,2022-02-01,hsr_punctuality_pct,99.98,historical_seasonal_iqr,99.85500000000002,99.89499999999998
hsr_usage,2022-04-01,hsr_punctuality_pct,97.77,historical_seasonal_iqr,99.81000000000002,99.96999999999998
hsr_usage,2022-07-01,hsr_punctuality_pct,99.6,historical_seasonal_iqr,99.83500000000001,100.035
hsr_usage,2022-09-01,hsr_punctuality_pct,98.03,historical_seasonal_iqr,99.23,100.35000000000001
hsr_usage,2023-01-01,hsr_punctuality_pct,99.7,historical_seasonal_iqr,99.85500000000002,100.055
hsr_usage,2023-02-01,hsr_punctuality_pct,98.67,historical_seasonal_iqr,99.85500000000002,99.89499999999998
hsr_usage,2023-04-01,hsr_punctuality_pct,99.72,historical_seasonal_iqr,99.81000000000002,99.96999999999998
hsr_usage,2023-05-01,hsr_punctuality_pct,98.81,historical_seasonal_iqr,99.85500000000002,100.055
hsr_usage,2023-06-01,hsr_punctuality_pct,99.87,historical_seasonal_iqr,99.89499999999998,99.935
hsr_usage,2023-09-01,hsr_punctuality_pct,98.87,historical_seasonal_iqr,99.23,100.35000000000001
hsr_usage,2024-02-01,hsr_punctuality_pct,99.6,historical_seasonal_iqr,99.85500000000002,99.89499999999998
hsr_usage,2024-04-01,hsr_punctuality_pct,98.81,historical_seasonal_iqr,99.435,100.195
hsr_usage,2024-06-01,hsr_punctuality_pct,99.74,historical_seasonal_iqr,99.89499999999998,99.935
hsr_usage,2024-07-01,hsr_punctuality_pct,97.28,historical_seasonal_iqr,99.73500000000001,100.09499999999997
hsr_usage,2024-11-01,hsr_punctuality_pct,99.49,historical_seasonal_iqr,99.875,100.07499999999999
hsr_usage,2025-01-01,hsr_punctuality_pct,96.14,historical_seasonal_iqr,99.52999999999999,100.25000000000001
hsr_usage,2025-06-01,hsr_punctuality_pct,99.73,historical_seasonal_iqr,99.79500000000002,99.995
hsr_usage,2025-12-01,hsr_punctuality_pct,99.09,historical_seasonal_iqr,99.63499999999999,100.07499999999999
hsr_usage,2026-05-01,hsr_punctuality_pct,97.68,historical_seasonal_iqr,99.725,100.16499999999999
hsr_stations,2011-09-01,hsr_entry_total,3474884.0,historical_seasonal_iqr,1556845.375,3198492.375
hsr_stations,2011-10-01,hsr_entry_total,3702168.0,historical_seasonal_iqr,1847765.25,3564265.25
hsr_stations,2011-11-01,hsr_entry_total,3540421.0,historical_seasonal_iqr,1843332.875,3517535.875
hsr_stations,2012-07-01,hsr_entry_total,3902874.0,historical_seasonal_iqr,2289010.0,3683642.0
hsr_stations,2012-09-01,hsr_entry_total,3696134.0,historical_seasonal_iqr,1803514.5,3503134.5
hsr_stations,2012-10-01,hsr_entry_total,3826495.0,historical_seasonal_iqr,2426158.5,3527298.5
hsr_stations,2012-11-01,hsr_entry_total,3762009.0,historical_seasonal_iqr,2181946.0,3674650.0
hsr_stations,2013-03-01,hsr_entry_total,4245483.0,historical_seasonal_iqr,1732546.0,4173770.0
hsr_stations,2015-10-01,hsr_entry_total,4241370.0,historical_seasonal_iqr,3425890.5,4162630.5
hsr_stations,2015-12-01,hsr_entry_total,4928818.0,historical_seasonal_iqr,3194294.5,4520706.5
hsr_stations,2016-01-01,hsr_entry_total,4604235.0,historical_seasonal_iqr,3207682.5,4380302.5
hsr_stations,2016-02-01,hsr_entry_total,4841423.0,historical_seasonal_iqr,2664092.0,4732340.0
hsr_stations,2016-04-01,hsr_entry_total,4654341.0,historical_seasonal_iqr,2946969.5,4607037.5
hsr_stations,2016-07-01,hsr_entry_total,4737535.0,historical_seasonal_iqr,3639786.0,4341354.0
hsr_stations,2016-08-01,hsr_entry_total,4762706.0,historical_seasonal_iqr,3116301.0,4753245.0
hsr_stations,2016-09-01,hsr_entry_total,4420684.0,historical_seasonal_iqr,3276665.0,4395249.0
hsr_stations,2016-10-01,hsr_entry_total,4923512.0,historical_seasonal_iqr,3332471.5,4649867.5
hsr_stations,2016-11-01,hsr_entry_total,4684505.0,historical_seasonal_iqr,3377524.5,4402816.5
hsr_stations,2016-12-01,hsr_entry_total,5164763.0,historical_seasonal_iqr,3858125.5,4276297.5
hsr_stations,2017-01-01,hsr_entry_total,5175232.0,historical_seasonal_iqr,3564593.0,4190841.0
hsr_stations,2017-02-01,hsr_entry_total,4792273.0,historical_seasonal_iqr,3371148.0,4602004.0
hsr_stations,2017-03-01,hsr_entry_total,4949836.0,historical_seasonal_iqr,3634333.0,4612173.0
hsr_stations,2017-04-01,hsr_entry_total,5095172.0,historical_seasonal_iqr,3520952.0,4567528.0
hsr_stations,2017-05-01,hsr_entry_total,5142697.0,historical_seasonal_iqr,3441761.0,4676777.0
hsr_stations,2017-06-01,hsr_entry_total,4566730.0,historical_seasonal_iqr,3595257.5,4383173.5
hsr_stations,2017-07-01,hsr_entry_total,4978951.0,historical_seasonal_iqr,3813383.5,4450611.5
hsr_stations,2017-08-01,hsr_entry_total,5223860.0,historical_seasonal_iqr,4050137.5,4281557.5
hsr_stations,2017-09-01,hsr_entry_total,4653364.0,historical_seasonal_iqr,3803617.5,4193805.5
hsr_stations,2017-10-01,hsr_entry_total,5373773.0,historical_seasonal_iqr,3353827.5,4773895.5
hsr_stations,2017-11-01,hsr_entry_total,5006047.0,historical_seasonal_iqr,3398134.0,4634686.0
hsr_stations,2018-03-01,hsr_entry_total,5308893.0,historical_seasonal_iqr,3568100.5,5237048.5
hsr_stations,2018-09-01,hsr_entry_total,5251154.0,historical_seasonal_iqr,3308424.0,5088040.0
hsr_stations,2019-06-01,hsr_entry_total,5610936.0,historical_seasonal_iqr,3369167.5,5285267.5
hsr_stations,2020-01-01,hsr_entry_total,6230650.0,historical_seasonal_iqr,3747739.5,6031727.5
hsr_stations,2020-02-01,hsr_entry_total,3968432.0,historical_seasonal_iqr,4249277.5,5697265.5
hsr_stations,2020-03-01,hsr_entry_total,3529935.0,historical_seasonal_iqr,3564643.0,6355443.0
hsr_stations,2020-04-01,hsr_entry_total,2947586.0,historical_seasonal_iqr,3422014.5,6708218.5
hsr_stations,2020-05-01,hsr_entry_total,3670631.0,historical_seasonal_iqr,3726046.0,6104910.0
hsr_stations,2021-05-01,hsr_entry_total,2696576.0,historical_seasonal_iqr,3726046.0,6104910.0
hsr_stations,2021-06-01,hsr_entry_total,539630.0,historical_seasonal_iqr,3629426.5,6119470.5
hsr_stations,2021-07-01,hsr_entry_total,1137242.0,historical_seasonal_iqr,4504555.0,5761011.0
hsr_stations,2021-08-01,hsr_entry_total,2225096.0,historical_seasonal_iqr,4825212.5,5888272.5
hsr_stations,2021-09-01,hsr_entry_total,2960416.0,historical_seasonal_iqr,3756679.0,6147839.0
hsr_stations,2021-10-01,hsr_entry_total,4032592.0,historical_seasonal_iqr,4693998.0,6341934.0
hsr_stations,2022-01-01,hsr_entry_total,4148796.0,historical_seasonal_iqr,4406103.0,5879047.0
hsr_stations,2022-04-01,hsr_entry_total,3976458.0,historical_seasonal_iqr,4465628.0,6144412.0
hsr_stations,2022-06-01,hsr_entry_total,3133528.0,historical_seasonal_iqr,3300954.0,6316554.0
hsr_stations,2022-07-01,hsr_entry_total,4431576.0,historical_seasonal_iqr,4504555.0,5761011.0
hsr_stations,2023-09-01,hsr_entry_total,5826261.0,historical_seasonal_iqr,4490974.0,5707262.0
hsr_stations,2023-10-01,hsr_entry_total,6428106.0,historical_seasonal_iqr,4693998.0,6341934.0
hsr_stations,2023-11-01,hsr_entry_total,6274964.0,historical_seasonal_iqr,5404764.5,5584952.5
hsr_stations,2023-12-01,hsr_entry_total,6710532.0,historical_seasonal_iqr,5353130.0,6508474.0
hsr_stations,2024-08-01,hsr_entry_total,6752455.0,historical_seasonal_iqr,4088110.5,6441546.5
hsr_stations,2024-09-01,hsr_entry_total,6493172.0,historical_seasonal_iqr,4109521.0,6343017.0
hsr_stations,2024-11-01,hsr_entry_total,6720644.0,historical_seasonal_iqr,5155508.0,6000380.0
hsr_stations,2024-12-01,hsr_entry_total,7150425.0,historical_seasonal_iqr,5144252.0,6856604.0
hsr_stations,2025-10-01,hsr_entry_total,7351690.0,historical_seasonal_iqr,4227979.5,7308399.5
hsr_stations,2019-10-01,hsr_entry_nangang,252614.0,historical_seasonal_iqr,128214.25,242452.25
hsr_stations,2020-01-01,hsr_entry_nangang,306295.0,historical_seasonal_iqr,157319.75,218649.75
hsr_stations,2020-04-01,hsr_entry_nangang,129347.0,historical_seasonal_iqr,144022.75,279364.75
hsr_stations,2020-10-01,hsr_entry_nangang,270845.0,historical_seasonal_iqr,139357.125,259332.125
hsr_stations,2021-06-01,hsr_entry_nangang,21808.0,historical_seasonal_iqr,145862.125,249377.125
hsr_stations,2021-07-01,hsr_entry_nangang,49905.0,historical_seasonal_iqr,72441.5,319309.5
hsr_stations,2023-01-01,hsr_entry_nangang,279201.0,historical_seasonal_iqr,183764.0,225244.0
hsr_stations,2023-02-01,hsr_entry_nangang,248860.0,historical_seasonal_iqr,130926.0,245054.0
hsr_stations,2023-03-01,hsr_entry_nangang,291999.0,historical_seasonal_iqr,141733.5,284681.5
hsr_stations,2023-07-01,hsr_entry_nangang,273391.0,historical_seasonal_iqr,152034.0,271554.0
hsr_stations,2023-08-01,hsr_entry_nangang,288654.0,historical_seasonal_iqr,195464.5,264812.5
hsr_stations,2023-09-01,hsr_entry_nangang,300049.0,historical_seasonal_iqr,178155.0,276707.0
hsr_stations,2023-11-01,hsr_entry_nangang,306105.0,historical_seasonal_iqr,188892.0,286948.0
hsr_stations,2023-12-01,hsr_entry_nangang,332100.0,historical_seasonal_iqr,223470.0,312574.0
hsr_stations,2024-03-01,hsr_entry_nangang,331037.0,historical_seasonal_iqr,195312.5,253076.5
hsr_stations,2024-07-01,hsr_entry_nangang,303081.0,historical_seasonal_iqr,148671.0,277159.0
hsr_stations,2024-08-01,hsr_entry_nangang,335890.0,historical_seasonal_iqr,187381.5,290529.5
hsr_stations,2024-09-01,hsr_entry_nangang,343354.0,historical_seasonal_iqr,234576.5,248196.5
hsr_stations,2024-11-01,hsr_entry_nangang,339301.0,historical_seasonal_iqr,224029.5,269625.5
hsr_stations,2024-12-01,hsr_entry_nangang,362362.0,historical_seasonal_iqr,262025.5,302253.5
hsr_stations,2025-08-01,hsr_entry_nangang,393082.0,historical_seasonal_iqr,132174.0,382542.0
hsr_stations,2025-10-01,hsr_entry_nangang,400641.0,historical_seasonal_iqr,157582.5,390186.5
hsr_stations,2011-02-01,hsr_entry_taipei,974717.0,historical_seasonal_iqr,486391.0,943963.0
hsr_stations,2011-04-01,hsr_entry_taipei,1029505.0,historical_seasonal_iqr,404153.5,1024779.5
hsr_stations,2011-09-01,hsr_entry_taipei,1016296.0,historical_seasonal_iqr,459660.375,924627.375
hsr_stations,2011-10-01,hsr_entry_taipei,1078353.0,historical_seasonal_iqr,551008.625,1030279.625
hsr_stations,2011-11-01,hsr_entry_taipei,1046961.0,historical_seasonal_iqr,517441.75,1028091.75
hsr_stations,2012-01-01,hsr_entry_taipei,1110899.0,historical_seasonal_iqr,620841.0,1017871.0
hsr_stations,2012-07-01,hsr_entry_taipei,1091466.0,historical_seasonal_iqr,717474.0,1024058.0
hsr_stations,2012-09-01,hsr_entry_taipei,1046297.0,historical_seasonal_iqr,541177.0,988737.0
hsr_stations,2012-10-01,hsr_entry_taipei,1073743.0,historical_seasonal_iqr,721800.5,1000860.5
hsr_stations,2014-05-01,hsr_entry_taipei,1147981.0,historical_seasonal_iqr,830709.5,1114817.5
hsr_stations,2015-02-01,hsr_entry_taipei,1154031.0,historical_seasonal_iqr,883870.0,1088350.0
hsr_stations,2015-10-01,hsr_entry_taipei,1197320.0,historical_seasonal_iqr,1062635.5,1092255.5
hsr_stations,2015-11-01,hsr_entry_taipei,1173268.0,historical_seasonal_iqr,971679.0,1172431.0
hsr_stations,2015-12-01,hsr_entry_taipei,1359694.0,historical_seasonal_iqr,1038742.5,1226098.5
hsr_stations,2016-01-01,hsr_entry_taipei,1293382.0,historical_seasonal_iqr,907289.0,1244065.0
hsr_stations,2016-02-01,hsr_entry_taipei,1284188.0,historical_seasonal_iqr,831500.0,1213412.0
hsr_stations,2016-04-01,hsr_entry_taipei,1292814.0,historical_seasonal_iqr,899656.0,1245920.0
hsr_stations,2016-06-01,hsr_entry_taipei,1266635.0,historical_seasonal_iqr,852924.0,1236556.0
hsr_stations,2016-12-01,hsr_entry_taipei,1318484.0,historical_seasonal_iqr,1083419.5,1234775.5
hsr_stations,2017-01-01,hsr_entry_taipei,1297560.0,historical_seasonal_iqr,1050546.5,1211486.5
hsr_stations,2017-08-01,hsr_entry_taipei,1270025.0,historical_seasonal_iqr,1140297.0,1203665.0
hsr_stations,2018-08-01,hsr_entry_taipei,1286767.0,historical_seasonal_iqr,1111875.0,1271915.0
hsr_stations,2018-09-01,hsr_entry_taipei,1223312.0,historical_seasonal_iqr,1072600.0,1153328.0
hsr_stations,2018-11-01,hsr_entry_taipei,1289491.0,historical_seasonal_iqr,1064791.5,1244235.5
hsr_stations,2019-07-01,hsr_entry_taipei,1317547.0,historical_seasonal_iqr,1158313.5,1249005.5
hsr_stations,2019-09-01,hsr_entry_taipei,1248975.0,historical_seasonal_iqr,1089538.0,1163138.0
hsr_stations,2019-11-01,hsr_entry_taipei,1328234.0,historical_seasonal_iqr,1116643.0,1267643.0
hsr_stations,2020-02-01,hsr_entry_taipei,901831.0,historical_seasonal_iqr,1061085.0,1308941.0
hsr_stations,2020-03-01,hsr_entry_taipei,793822.0,historical_seasonal_iqr,1131735.0,1381015.0
hsr_stations,2020-04-01,hsr_entry_taipei,662099.0,historical_seasonal_iqr,1116601.5,1398541.5
hsr_stations,2020-05-01,hsr_entry_taipei,829406.0,historical_seasonal_iqr,1168494.5,1324426.5
hsr_stations,2021-01-01,hsr_entry_taipei,1091758.0,historical_seasonal_iqr,1235100.0,1335036.0
hsr_stations,2021-05-01,hsr_entry_taipei,589021.0,historical_seasonal_iqr,1168494.5,1324426.5
hsr_stations,2021-06-01,hsr_entry_taipei,106192.0,historical_seasonal_iqr,908082.5,1481766.5
hsr_stations,2021-07-01,hsr_entry_taipei,232403.0,historical_seasonal_iqr,1130882.0,1332842.0
hsr_stations,2021-08-01,hsr_entry_taipei,447721.0,historical_seasonal_iqr,1244912.0,1311880.0
hsr_stations,2021-09-01,hsr_entry_taipei,638228.0,historical_seasonal_iqr,972669.5,1373697.5
hsr_stations,2021-10-01,hsr_entry_taipei,882621.0,historical_seasonal_iqr,1202571.5,1341527.5
hsr_stations,2021-11-01,hsr_entry_taipei,1014909.0,historical_seasonal_iqr,1093308.5,1407200.5
hsr_stations,2021-12-01,hsr_entry_taipei,1260758.0,historical_seasonal_iqr,1314936.5,1419548.5
hsr_stations,2022-01-01,hsr_entry_taipei,994937.0,historical_seasonal_iqr,1045192.5,1448980.5
hsr_stations,2022-04-01,hsr_entry_taipei,881452.0,historical_seasonal_iqr,1147741.5,1346641.5
hsr_stations,2022-06-01,hsr_entry_taipei,695037.0,historical_seasonal_iqr,709780.5,1540968.5
hsr_stations,2022-07-01,hsr_entry_taipei,995101.0,historical_seasonal_iqr,1061957.0,1374197.0
hsr_stations,2022-08-01,hsr_entry_taipei,1119292.0,historical_seasonal_iqr,1244912.0,1311880.0
hsr_stations,2022-10-01,hsr_entry_taipei,1183836.0,historical_seasonal_iqr,1202571.5,1341527.5
hsr_stations,2024-12-01,hsr_entry_taipei,1525729.0,historical_seasonal_iqr,1282251.5,1474023.5
hsr_stations,2025-10-01,hsr_entry_taipei,1467682.0,historical_seasonal_iqr,1016298.0,1463066.0
hsr_stations,2026-04-01,hsr_entry_taipei,1457139.0,historical_seasonal_iqr,1160048.0,1421544.0
hsr_stations,2011-04-01,hsr_entry_banqiao,231907.0,historical_seasonal_iqr,93850.25,226216.25
hsr_stations,2011-06-01,hsr_entry_banqiao,223453.0,historical_seasonal_iqr,93914.0,212348.0
hsr_stations,2011-09-01,hsr_entry_banqiao,233316.0,historical_seasonal_iqr,103692.75,199062.75
hsr_stations,2011-10-01,hsr_entry_banqiao,248633.0,historical_seasonal_iqr,111026.0,233606.0
hsr_stations,2012-01-01,hsr_entry_banqiao,279418.0,historical_seasonal_iqr,148983.0,244151.0
hsr_stations,2012-03-01,hsr_entry_banqiao,237633.0,historical_seasonal_iqr,91498.5,236974.5
hsr_stations,2012-09-01,hsr_entry_banqiao,238448.0,historical_seasonal_iqr,107447.0,234735.0
hsr_stations,2012-10-01,hsr_entry_banqiao,245853.0,historical_seasonal_iqr,141063.5,239475.5
hsr_stations,2012-11-01,hsr_entry_banqiao,241468.0,historical_seasonal_iqr,147230.5,230210.5
hsr_stations,2013-03-01,hsr_entry_banqiao,273673.0,historical_seasonal_iqr,104232.5,270956.5
hsr_stations,2014-04-01,hsr_entry_banqiao,268057.0,historical_seasonal_iqr,173732.0,266812.0
hsr_stations,2014-05-01,hsr_entry_banqiao,268309.0,historical_seasonal_iqr,193592.5,261716.5
hsr_stations,2015-02-01,hsr_entry_banqiao,287412.0,historical_seasonal_iqr,190681.5,270533.5
hsr_stations,2015-10-01,hsr_entry_banqiao,279761.0,historical_seasonal_iqr,241683.0,252803.0
hsr_stations,2015-11-01,hsr_entry_banqiao,273620.0,historical_seasonal_iqr,211281.0,272977.0
hsr_stations,2015-12-01,hsr_entry_banqiao,337328.0,historical_seasonal_iqr,211352.5,296380.5
hsr_stations,2016-02-01,hsr_entry_banqiao,356921.0,historical_seasonal_iqr,182678.5,335378.5
hsr_stations,2016-06-01,hsr_entry_banqiao,296667.0,historical_seasonal_iqr,183751.0,294639.0
hsr_stations,2016-07-01,hsr_entry_banqiao,309437.0,historical_seasonal_iqr,230985.0,287889.0
hsr_stations,2016-08-01,hsr_entry_banqiao,304121.0,historical_seasonal_iqr,208369.5,300853.5
hsr_stations,2016-10-01,hsr_entry_banqiao,319318.0,historical_seasonal_iqr,216813.5,296713.5
hsr_stations,2016-11-01,hsr_entry_banqiao,301758.0,historical_seasonal_iqr,212506.0,289738.0
hsr_stations,2016-12-01,hsr_entry_banqiao,361888.0,historical_seasonal_iqr,232335.5,300507.5
hsr_stations,2017-01-01,hsr_entry_banqiao,364208.0,historical_seasonal_iqr,234200.5,306548.5
hsr_stations,2017-03-01,hsr_entry_banqiao,316522.0,historical_seasonal_iqr,219245.5,306329.5
hsr_stations,2017-04-01,hsr_entry_banqiao,331723.0,historical_seasonal_iqr,229444.5,304480.5
hsr_stations,2017-05-01,hsr_entry_banqiao,334280.0,historical_seasonal_iqr,216173.5,313873.5
hsr_stations,2017-07-01,hsr_entry_banqiao,320162.0,historical_seasonal_iqr,246420.0,294412.0
hsr_stations,2017-08-01,hsr_entry_banqiao,334447.0,historical_seasonal_iqr,255141.5,284145.5
hsr_stations,2017-09-01,hsr_entry_banqiao,293993.0,historical_seasonal_iqr,250181.5,276313.5
hsr_stations,2017-10-01,hsr_entry_banqiao,345253.0,historical_seasonal_iqr,197298.5,329238.5
hsr_stations,2017-11-01,hsr_entry_banqiao,316706.0,historical_seasonal_iqr,214172.5,309288.5
hsr_stations,2018-02-01,hsr_entry_banqiao,346808.0,historical_seasonal_iqr,258340.0,311076.0
hsr_stations,2018-09-01,hsr_entry_banqiao,337817.0,historical_seasonal_iqr,219694.0,330278.0
hsr_stations,2019-06-01,hsr_entry_banqiao,363975.0,historical_seasonal_iqr,231912.0,335520.0
hsr_stations,2019-09-01,hsr_entry_banqiao,356553.0,historical_seasonal_iqr,225295.5,335211.5
hsr_stations,2020-01-01,hsr_entry_banqiao,429714.0,historical_seasonal_iqr,252835.5,383279.5
hsr_stations,2020-03-01,hsr_entry_banqiao,268834.0,historical_seasonal_iqr,284675.5,369599.5
hsr_stations,2020-04-01,hsr_entry_banqiao,233112.0,historical_seasonal_iqr,248203.5,424511.5
hsr_stations,2020-08-01,hsr_entry_banqiao,405383.0,historical_seasonal_iqr,244547.0,403411.0
hsr_stations,2020-10-01,hsr_entry_banqiao,429450.0,historical_seasonal_iqr,280415.5,384155.5
hsr_stations,2021-03-01,hsr_entry_banqiao,386655.0,historical_seasonal_iqr,284675.5,369599.5
hsr_stations,2021-05-01,hsr_entry_banqiao,201493.0,historical_seasonal_iqr,249794.0,385322.0
hsr_stations,2021-06-01,hsr_entry_banqiao,39021.0,historical_seasonal_iqr,239160.0,392512.0
hsr_stations,2021-07-01,hsr_entry_banqiao,91138.0,historical_seasonal_iqr,254351.0,429847.0
hsr_stations,2021-08-01,hsr_entry_banqiao,164097.0,historical_seasonal_iqr,304751.5,383939.5
hsr_stations,2022-05-01,hsr_entry_banqiao,201995.0,historical_seasonal_iqr,205256.5,412044.5
hsr_stations,2022-12-01,hsr_entry_banqiao,494881.0,historical_seasonal_iqr,390834.0,471722.0
hsr_stations,2023-01-01,hsr_entry_banqiao,467038.0,historical_seasonal_iqr,301075.0,389843.0
hsr_stations,2023-03-01,hsr_entry_banqiao,434546.0,historical_seasonal_iqr,294326.5,410130.5
hsr_stations,2023-04-01,hsr_entry_banqiao,455579.0,historical_seasonal_iqr,224528.5,454060.5
hsr_stations,2023-07-01,hsr_entry_banqiao,434417.0,historical_seasonal_iqr,303571.0,400315.0
hsr_stations,2023-08-01,hsr_entry_banqiao,445646.0,historical_seasonal_iqr,297943.0,420327.0
hsr_stations,2023-09-01,hsr_entry_banqiao,425620.0,historical_seasonal_iqr,289200.5,418844.5
hsr_stations,2024-03-01,hsr_entry_banqiao,475582.0,historical_seasonal_iqr,311920.0,431496.0
hsr_stations,2024-07-01,hsr_entry_banqiao,431107.0,historical_seasonal_iqr,309797.0,404653.0
hsr_stations,2024-09-01,hsr_entry_banqiao,440178.0,historical_seasonal_iqr,330697.5,399645.5
hsr_stations,2025-10-01,hsr_entry_banqiao,517949.0,historical_seasonal_iqr,364747.5,468271.5
hsr_stations,2025-11-01,hsr_entry_banqiao,496316.0,historical_seasonal_iqr,372229.0,493997.0
hsr_stations,2026-04-01,hsr_entry_banqiao,520132.0,historical_seasonal_iqr,365386.5,509694.5
hsr_stations,2011-06-01,hsr_entry_taoyuan,285274.0,historical_seasonal_iqr,84533.625,266150.625
hsr_stations,2011-08-01,hsr_entry_taoyuan,300906.0,historical_seasonal_iqr,101754.5,295078.5
hsr_stations,2011-09-01,hsr_entry_taoyuan,296462.0,historical_seasonal_iqr,85375.0,277231.0
hsr_stations,2011-10-01,hsr_entry_taoyuan,318514.0,historical_seasonal_iqr,108396.75,294882.75
hsr_stations,2012-10-01,hsr_entry_taoyuan,343886.0,historical_seasonal_iqr,131348.0,341244.0
hsr_stations,2013-03-01,hsr_entry_taoyuan,404370.0,historical_seasonal_iqr,83489.5,372877.5
hsr_stations,2015-12-01,hsr_entry_taoyuan,453243.0,historical_seasonal_iqr,232684.0,451436.0
hsr_stations,2016-01-01,hsr_entry_taoyuan,431776.0,historical_seasonal_iqr,285089.5,385741.5
hsr_stations,2016-02-01,hsr_entry_taoyuan,561404.0,historical_seasonal_iqr,186991.0,465935.0
hsr_stations,2016-03-01,hsr_entry_taoyuan,503644.0,historical_seasonal_iqr,223519.0,475519.0
hsr_stations,2016-07-01,hsr_entry_taoyuan,440988.0,historical_seasonal_iqr,302972.0,432068.0
hsr_stations,2016-08-01,hsr_entry_taoyuan,441490.0,historical_seasonal_iqr,280860.0,441420.0
hsr_stations,2016-10-01,hsr_entry_taoyuan,460147.0,historical_seasonal_iqr,282374.0,446406.0
hsr_stations,2016-11-01,hsr_entry_taoyuan,440623.0,historical_seasonal_iqr,306774.5,406066.5
hsr_stations,2016-12-01,hsr_entry_taoyuan,486706.0,historical_seasonal_iqr,338160.5,405396.5
hsr_stations,2017-01-01,hsr_entry_taoyuan,483511.0,historical_seasonal_iqr,284730.0,398330.0
hsr_stations,2017-02-01,hsr_entry_taoyuan,445073.0,historical_seasonal_iqr,278812.5,419680.5
hsr_stations,2017-03-01,hsr_entry_taoyuan,476995.0,historical_seasonal_iqr,294572.5,470248.5
hsr_stations,2017-04-01,hsr_entry_taoyuan,525758.0,historical_seasonal_iqr,328983.5,415091.5
hsr_stations,2017-05-01,hsr_entry_taoyuan,501311.0,historical_seasonal_iqr,311808.5,424540.5
hsr_stations,2017-06-01,hsr_entry_taoyuan,461100.0,historical_seasonal_iqr,321414.5,410042.5
hsr_stations,2017-07-01,hsr_entry_taoyuan,495803.0,historical_seasonal_iqr,362632.5,401732.5
hsr_stations,2017-08-01,hsr_entry_taoyuan,515583.0,historical_seasonal_iqr,359395.0,401395.0
hsr_stations,2017-09-01,hsr_entry_taoyuan,467596.0,historical_seasonal_iqr,351189.0,391629.0
hsr_stations,2017-10-01,hsr_entry_taoyuan,532534.0,historical_seasonal_iqr,314507.5,446503.5
hsr_stations,2017-11-01,hsr_entry_taoyuan,497990.0,historical_seasonal_iqr,332302.0,420278.0
hsr_stations,2017-12-01,hsr_entry_taoyuan,592641.0,historical_seasonal_iqr,243645.5,579001.5
hsr_stations,2018-04-01,hsr_entry_taoyuan,550300.0,historical_seasonal_iqr,280813.5,518297.5
hsr_stations,2018-05-01,hsr_entry_taoyuan,528376.0,historical_seasonal_iqr,304513.0,493449.0
hsr_stations,2018-06-01,hsr_entry_taoyuan,524568.0,historical_seasonal_iqr,270858.0,515474.0
hsr_stations,2018-07-01,hsr_entry_taoyuan,537116.0,historical_seasonal_iqr,297660.5,526984.5
hsr_stations,2018-08-01,hsr_entry_taoyuan,547833.0,historical_seasonal_iqr,290790.0,531910.0
hsr_stations,2018-09-01,hsr_entry_taoyuan,533761.0,historical_seasonal_iqr,293024.5,500516.5
hsr_stations,2018-11-01,hsr_entry_taoyuan,560723.0,historical_seasonal_iqr,261145.5,548309.5
hsr_stations,2019-06-01,hsr_entry_taoyuan,604796.0,historical_seasonal_iqr,250367.5,587539.5
hsr_stations,2020-01-01,hsr_entry_taoyuan,655770.0,historical_seasonal_iqr,322262.5,614298.5
hsr_stations,2020-03-01,hsr_entry_taoyuan,353557.0,historical_seasonal_iqr,393359.5,616387.5
hsr_stations,2021-05-01,hsr_entry_taoyuan,248915.0,historical_seasonal_iqr,263931.0,687043.0
hsr_stations,2021-06-01,hsr_entry_taoyuan,64299.0,historical_seasonal_iqr,272505.5,675805.5
hsr_stations,2021-07-01,hsr_entry_taoyuan,122151.0,historical_seasonal_iqr,355998.5,645786.5
hsr_stations,2021-08-01,hsr_entry_taoyuan,223576.0,historical_seasonal_iqr,462522.0,604018.0
hsr_stations,2021-09-01,hsr_entry_taoyuan,283195.0,historical_seasonal_iqr,368348.5,633008.5
hsr_stations,2021-10-01,hsr_entry_taoyuan,396274.0,historical_seasonal_iqr,461099.5,651591.5
hsr_stations,2022-01-01,hsr_entry_taoyuan,374255.0,historical_seasonal_iqr,389620.0,639996.0
hsr_stations,2022-02-01,hsr_entry_taoyuan,336460.0,historical_seasonal_iqr,339169.0,610233.0
hsr_stations,2022-04-01,hsr_entry_taoyuan,378798.0,historical_seasonal_iqr,488535.0,587359.0
hsr_stations,2022-12-01,hsr_entry_taoyuan,693605.0,historical_seasonal_iqr,518822.0,668054.0
hsr_stations,2023-03-01,hsr_entry_taoyuan,657083.0,historical_seasonal_iqr,341169.5,647701.5
hsr_stations,2023-07-01,hsr_entry_taoyuan,714460.0,historical_seasonal_iqr,340896.0,654848.0
hsr_stations,2023-08-01,hsr_entry_taoyuan,735794.0,historical_seasonal_iqr,437717.0,618901.0
hsr_stations,2023-09-01,hsr_entry_taoyuan,691863.0,historical_seasonal_iqr,410853.5,607505.5
hsr_stations,2023-10-01,hsr_entry_taoyuan,752308.0,historical_seasonal_iqr,485032.0,637232.0
hsr_stations,2023-11-01,hsr_entry_taoyuan,731180.0,historical_seasonal_iqr,507446.0,632430.0
hsr_stations,2024-03-01,hsr_entry_taoyuan,769481.0,historical_seasonal_iqr,297588.5,720336.5
hsr_stations,2024-08-01,hsr_entry_taoyuan,804753.0,historical_seasonal_iqr,369171.5,733143.5
hsr_stations,2024-09-01,hsr_entry_taoyuan,764965.0,historical_seasonal_iqr,336761.0,730993.0
hsr_stations,2024-11-01,hsr_entry_taoyuan,803086.0,historical_seasonal_iqr,472386.5,690862.5
hsr_stations,2010-12-01,hsr_entry_hsinchu,309287.0,historical_seasonal_iqr,94454.25,308596.25
hsr_stations,2011-04-01,hsr_entry_hsinchu,308046.0,historical_seasonal_iqr,63087.25,303785.25
hsr_stations,2011-06-01,hsr_entry_hsinchu,304768.0,historical_seasonal_iqr,97473.125,281084.125
hsr_stations,2011-09-01,hsr_entry_hsinchu,318525.0,historical_seasonal_iqr,100426.25,286396.25
hsr_stations,2011-10-01,hsr_entry_hsinchu,330524.0,historical_seasonal_iqr,118340.0,319486.0
hsr_stations,2011-11-01,hsr_entry_hsinchu,324014.0,historical_seasonal_iqr,107709.75,320843.75
hsr_stations,2013-03-01,hsr_entry_hsinchu,475961.0,historical_seasonal_iqr,73035.0,422627.0
hsr_stations,2016-02-01,hsr_entry_hsinchu,390556.0,historical_seasonal_iqr,282004.5,376624.5
hsr_stations,2016-07-01,hsr_entry_hsinchu,408832.0,historical_seasonal_iqr,337423.0,403799.0
hsr_stations,2016-10-01,hsr_entry_hsinchu,422272.0,historical_seasonal_iqr,340136.5,407188.5
hsr_stations,2016-11-01,hsr_entry_hsinchu,413260.0,historical_seasonal_iqr,337966.5,395882.5
hsr_stations,2016-12-01,hsr_entry_hsinchu,455347.0,historical_seasonal_iqr,352397.0,412077.0
hsr_stations,2017-01-01,hsr_entry_hsinchu,420192.0,historical_seasonal_iqr,331731.5,384367.5
hsr_stations,2017-04-01,hsr_entry_hsinchu,431167.0,historical_seasonal_iqr,331819.0,405467.0
hsr_stations,2017-05-01,hsr_entry_hsinchu,442079.0,historical_seasonal_iqr,349903.0,405503.0
hsr_stations,2017-06-01,hsr_entry_hsinchu,415216.0,historical_seasonal_iqr,320415.5,412307.5
hsr_stations,2017-07-01,hsr_entry_hsinchu,439951.0,historical_seasonal_iqr,349134.0,419286.0
hsr_stations,2017-08-01,hsr_entry_hsinchu,467283.0,historical_seasonal_iqr,378259.5,390407.5
hsr_stations,2017-09-01,hsr_entry_hsinchu,433135.0,historical_seasonal_iqr,342560.0,393968.0
hsr_stations,2017-10-01,hsr_entry_hsinchu,459083.0,historical_seasonal_iqr,321051.0,443675.0
hsr_stations,2017-11-01,hsr_entry_hsinchu,453092.0,historical_seasonal_iqr,325505.5,425293.5
hsr_stations,2017-12-01,hsr_entry_hsinchu,500131.0,historical_seasonal_iqr,324333.0,474965.0
hsr_stations,2018-01-01,hsr_entry_hsinchu,448746.0,historical_seasonal_iqr,294604.5,446984.5
hsr_stations,2018-04-01,hsr_entry_hsinchu,464976.0,historical_seasonal_iqr,314080.5,441956.5
hsr_stations,2018-05-01,hsr_entry_hsinchu,476373.0,historical_seasonal_iqr,329012.5,441816.5
hsr_stations,2018-06-01,hsr_entry_hsinchu,473903.0,historical_seasonal_iqr,320823.5,433595.5
hsr_stations,2018-07-01,hsr_entry_hsinchu,483450.0,historical_seasonal_iqr,334022.0,453718.0
hsr_stations,2018-08-01,hsr_entry_hsinchu,505080.0,historical_seasonal_iqr,333444.5,472784.5
hsr_stations,2018-09-01,hsr_entry_hsinchu,477698.0,historical_seasonal_iqr,342055.5,405539.5
hsr_stations,2018-10-01,hsr_entry_hsinchu,492271.0,historical_seasonal_iqr,321702.0,482614.0
hsr_stations,2018-11-01,hsr_entry_hsinchu,498894.0,historical_seasonal_iqr,315520.0,471904.0
hsr_stations,2019-06-01,hsr_entry_hsinchu,502411.0,historical_seasonal_iqr,321796.0,471268.0
hsr_stations,2019-07-01,hsr_entry_hsinchu,518612.0,historical_seasonal_iqr,322521.0,510409.0
hsr_stations,2021-05-01,hsr_entry_hsinchu,253208.0,historical_seasonal_iqr,284228.0,591660.0
hsr_stations,2021-06-01,hsr_entry_hsinchu,53809.0,historical_seasonal_iqr,327185.5,561933.5
hsr_stations,2021-07-01,hsr_entry_hsinchu,106106.0,historical_seasonal_iqr,371677.0,553741.0
hsr_stations,2021-08-01,hsr_entry_hsinchu,206426.0,historical_seasonal_iqr,397522.5,583550.5
hsr_stations,2021-09-01,hsr_entry_hsinchu,277471.0,historical_seasonal_iqr,343201.0,583025.0
hsr_stations,2022-02-01,hsr_entry_hsinchu,337706.0,historical_seasonal_iqr,351876.0,450068.0
hsr_stations,2022-06-01,hsr_entry_hsinchu,306633.0,historical_seasonal_iqr,327185.5,561933.5
hsr_stations,2023-02-01,hsr_entry_hsinchu,509551.0,historical_seasonal_iqr,342583.5,455643.5
hsr_stations,2023-03-01,hsr_entry_hsinchu,556803.0,historical_seasonal_iqr,420636.5,547344.5
hsr_stations,2023-09-01,hsr_entry_hsinchu,570146.0,historical_seasonal_iqr,424423.5,534291.5
hsr_stations,2023-11-01,hsr_entry_hsinchu,589489.0,historical_seasonal_iqr,469810.5,547366.5
hsr_stations,2023-12-01,hsr_entry_hsinchu,631655.0,historical_seasonal_iqr,483354.5,603558.5
hsr_stations,2024-01-01,hsr_entry_hsinchu,589093.0,historical_seasonal_iqr,395185.0,562409.0
hsr_stations,2024-02-01,hsr_entry_hsinchu,536795.0,historical_seasonal_iqr,304936.5,518388.5
hsr_stations,2024-03-01,hsr_entry_hsinchu,614496.0,historical_seasonal_iqr,402485.0,577597.0
hsr_stations,2024-08-01,hsr_entry_hsinchu,647657.0,historical_seasonal_iqr,398594.0,584610.0
hsr_stations,2024-09-01,hsr_entry_hsinchu,616715.0,historical_seasonal_iqr,407133.0,563109.0
hsr_stations,2024-11-01,hsr_entry_hsinchu,639170.0,historical_seasonal_iqr,495944.0,550832.0
hsr_stations,2024-12-01,hsr_entry_hsinchu,673797.0,historical_seasonal_iqr,514207.5,610059.5
hsr_stations,2019-02-01,hsr_entry_miaoli,79971.0,historical_seasonal_iqr,48363.75,73725.75
hsr_stations,2019-06-01,hsr_entry_miaoli,77408.0,historical_seasonal_iqr,32178.75,76768.75
hsr_stations,2019-10-01,hsr_entry_miaoli,81906.0,historical_seasonal_iqr,50015.75,80265.75
hsr_stations,2020-01-01,hsr_entry_miaoli,90340.0,historical_seasonal_iqr,52847.75,71355.75
hsr_stations,2020-10-01,hsr_entry_miaoli,86608.0,historical_seasonal_iqr,52759.25,84743.25
hsr_stations,2021-06-01,hsr_entry_miaoli,9214.0,historical_seasonal_iqr,29773.5,90321.5
hsr_stations,2021-07-01,hsr_entry_miaoli,18580.0,historical_seasonal_iqr,42133.0,89325.0
hsr_stations,2021-08-01,hsr_entry_miaoli,35473.0,historical_seasonal_iqr,41750.5,96234.5
hsr_stations,2022-05-01,hsr_entry_miaoli,40945.0,historical_seasonal_iqr,41158.5,86978.5
hsr_stations,2023-01-01,hsr_entry_miaoli,93063.0,historical_seasonal_iqr,51287.5,81691.5
hsr_stations,2023-02-01,hsr_entry_miaoli,84983.0,historical_seasonal_iqr,60380.5,74712.5
hsr_stations,2023-07-01,hsr_entry_miaoli,87261.0,historical_seasonal_iqr,52150.5,83314.5
hsr_stations,2023-08-01,hsr_entry_miaoli,90770.0,historical_seasonal_iqr,60153.0,85193.0
hsr_stations,2023-09-01,hsr_entry_miaoli,87171.0,historical_seasonal_iqr,68736.5,73852.5
hsr_stations,2023-11-01,hsr_entry_miaoli,92732.0,historical_seasonal_iqr,62582.5,92570.5
hsr_stations,2023-12-01,hsr_entry_miaoli,99467.0,historical_seasonal_iqr,73316.0,93908.0
hsr_stations,2024-03-01,hsr_entry_miaoli,102378.0,historical_seasonal_iqr,56771.0,94667.0
hsr_stations,2024-08-01,hsr_entry_miaoli,99360.0,historical_seasonal_iqr,56797.0,92005.0
hsr_stations,2024-09-01,hsr_entry_miaoli,98890.0,historical_seasonal_iqr,58323.5,91207.5
hsr_stations,2024-11-01,hsr_entry_miaoli,104703.0,historical_seasonal_iqr,79653.0,82341.0
hsr_stations,2024-12-01,hsr_entry_miaoli,108634.0,historical_seasonal_iqr,78647.0,94223.0
hsr_stations,2025-10-01,hsr_entry_miaoli,119220.0,historical_seasonal_iqr,57061.5,115601.5
hsr_stations,2025-11-01,hsr_entry_miaoli,113513.0,historical_seasonal_iqr,64214.5,109842.5
hsr_stations,2026-04-01,hsr_entry_miaoli,124314.0,historical_seasonal_iqr,65832.5,114268.5
hsr_stations,2011-07-01,hsr_entry_taichung,659702.0,historical_seasonal_iqr,285529.875,649112.875
hsr_stations,2011-09-01,hsr_entry_taichung,633019.0,historical_seasonal_iqr,262962.625,573217.625
hsr_stations,2011-10-01,hsr_entry_taichung,680415.0,historical_seasonal_iqr,311414.375,649067.375
hsr_stations,2011-11-01,hsr_entry_taichung,648927.0,historical_seasonal_iqr,321498.0,631908.0
hsr_stations,2012-07-01,hsr_entry_taichung,716227.0,historical_seasonal_iqr,371264.0,664984.0
hsr_stations,2012-09-01,hsr_entry_taichung,688061.0,historical_seasonal_iqr,300178.0,641306.0
hsr_stations,2012-10-01,hsr_entry_taichung,720954.0,historical_seasonal_iqr,403631.0,663215.0
hsr_stations,2012-11-01,hsr_entry_taichung,704918.0,historical_seasonal_iqr,368214.0,673806.0
hsr_stations,2016-01-01,hsr_entry_taichung,786163.0,historical_seasonal_iqr,644633.5,714469.5
hsr_stations,2016-07-01,hsr_entry_taichung,829059.0,historical_seasonal_iqr,657734.5,813714.5
hsr_stations,2016-12-01,hsr_entry_taichung,909884.0,historical_seasonal_iqr,682874.0,844122.0
hsr_stations,2017-01-01,hsr_entry_taichung,868111.0,historical_seasonal_iqr,565439.0,851479.0
hsr_stations,2017-03-01,hsr_entry_taichung,876576.0,historical_seasonal_iqr,725251.5,832567.5
hsr_stations,2017-04-01,hsr_entry_taichung,886204.0,historical_seasonal_iqr,627342.5,876962.5
hsr_stations,2017-07-01,hsr_entry_taichung,869260.0,historical_seasonal_iqr,670545.5,868085.5
hsr_stations,2017-08-01,hsr_entry_taichung,904898.0,historical_seasonal_iqr,718764.5,841312.5
hsr_stations,2017-09-01,hsr_entry_taichung,818769.0,historical_seasonal_iqr,697779.5,815383.5
hsr_stations,2017-10-01,hsr_entry_taichung,938576.0,historical_seasonal_iqr,613416.0,936440.0
hsr_stations,2017-12-01,hsr_entry_taichung,966938.0,historical_seasonal_iqr,687588.5,903160.5
hsr_stations,2018-03-01,hsr_entry_taichung,931982.0,historical_seasonal_iqr,718981.0,881069.0
hsr_stations,2018-04-01,hsr_entry_taichung,956172.0,historical_seasonal_iqr,643437.5,915801.5
hsr_stations,2018-06-01,hsr_entry_taichung,904011.0,historical_seasonal_iqr,666039.0,873919.0
hsr_stations,2018-08-01,hsr_entry_taichung,939751.0,historical_seasonal_iqr,699888.0,918256.0
hsr_stations,2018-09-01,hsr_entry_taichung,912913.0,historical_seasonal_iqr,703448.0,812344.0
hsr_stations,2018-11-01,hsr_entry_taichung,960019.0,historical_seasonal_iqr,682337.5,933285.5
hsr_stations,2019-03-01,hsr_entry_taichung,1005821.0,historical_seasonal_iqr,665946.0,1002954.0
hsr_stations,2019-06-01,hsr_entry_taichung,957819.0,historical_seasonal_iqr,712394.0,857794.0
hsr_stations,2019-09-01,hsr_entry_taichung,954094.0,historical_seasonal_iqr,700051.5,889999.5
hsr_stations,2019-11-01,hsr_entry_taichung,981439.0,historical_seasonal_iqr,714769.5,979701.5
hsr_stations,2020-01-01,hsr_entry_taichung,1017382.0,historical_seasonal_iqr,663241.0,991033.0
hsr_stations,2020-02-01,hsr_entry_taichung,658661.0,historical_seasonal_iqr,675285.0,959213.0
hsr_stations,2020-03-01,hsr_entry_taichung,593903.0,historical_seasonal_iqr,652742.0,1099526.0
hsr_stations,2020-04-01,hsr_entry_taichung,479949.0,historical_seasonal_iqr,599904.5,1169932.5
hsr_stations,2020-05-01,hsr_entry_taichung,625818.0,historical_seasonal_iqr,694246.5,1050098.5
hsr_stations,2021-05-01,hsr_entry_taichung,459129.0,historical_seasonal_iqr,694246.5,1050098.5
hsr_stations,2021-06-01,hsr_entry_taichung,86812.0,historical_seasonal_iqr,633893.5,1066081.5
hsr_stations,2021-07-01,hsr_entry_taichung,186577.0,historical_seasonal_iqr,690526.5,1059946.5
hsr_stations,2021-08-01,hsr_entry_taichung,381340.0,historical_seasonal_iqr,852618.5,992030.5
hsr_stations,2021-09-01,hsr_entry_taichung,498304.0,historical_seasonal_iqr,677553.0,1054129.0
hsr_stations,2021-10-01,hsr_entry_taichung,695740.0,historical_seasonal_iqr,913238.5,966170.5
hsr_stations,2022-01-01,hsr_entry_taichung,687079.0,historical_seasonal_iqr,757198.5,1035258.5
hsr_stations,2022-04-01,hsr_entry_taichung,649749.0,historical_seasonal_iqr,781252.0,1061124.0
hsr_stations,2022-08-01,hsr_entry_taichung,822490.0,historical_seasonal_iqr,852618.5,992030.5
hsr_stations,2022-10-01,hsr_entry_taichung,908612.0,historical_seasonal_iqr,913238.5,966170.5
hsr_stations,2023-10-01,hsr_entry_taichung,1102374.0,historical_seasonal_iqr,852048.5,1002884.5
hsr_stations,2023-11-01,hsr_entry_taichung,1073999.0,historical_seasonal_iqr,863904.0,1017688.0
hsr_stations,2024-11-01,hsr_entry_taichung,1143343.0,historical_seasonal_iqr,831774.0,1071238.0
hsr_stations,2024-12-01,hsr_entry_taichung,1221279.0,historical_seasonal_iqr,829587.5,1166551.5
hsr_stations,2019-06-01,hsr_entry_changhua,59462.0,historical_seasonal_iqr,29862.0,57190.0
hsr_stations,2020-01-01,hsr_entry_changhua,76181.0,historical_seasonal_iqr,42410.75,58672.75
hsr_stations,2020-02-01,hsr_entry_changhua,40874.0,historical_seasonal_iqr,50193.375,82652.375
hsr_stations,2020-04-01,hsr_entry_changhua,35606.0,historical_seasonal_iqr,37780.25,79378.25
hsr_stations,2021-06-01,hsr_entry_changhua,6934.0,historical_seasonal_iqr,20570.0,73314.0
hsr_stations,2021-07-01,hsr_entry_changhua,15365.0,historical_seasonal_iqr,38217.0,63073.0
hsr_stations,2021-08-01,hsr_entry_changhua,29615.0,historical_seasonal_iqr,38965.5,65897.5
hsr_stations,2022-01-01,hsr_entry_changhua,42490.0,historical_seasonal_iqr,42975.0,64351.0
hsr_stations,2022-05-01,hsr_entry_changhua,31183.0,historical_seasonal_iqr,31274.0,68610.0
hsr_stations,2022-12-01,hsr_entry_changhua,63009.0,historical_seasonal_iqr,54640.0,62416.0
hsr_stations,2023-01-01,hsr_entry_changhua,79943.0,historical_seasonal_iqr,45536.0,54792.0
hsr_stations,2023-07-01,hsr_entry_changhua,66014.0,historical_seasonal_iqr,37187.0,63691.0
hsr_stations,2023-08-01,hsr_entry_changhua,67477.0,historical_seasonal_iqr,47953.0,60505.0
hsr_stations,2023-10-01,hsr_entry_changhua,79033.0,historical_seasonal_iqr,43434.5,72302.5
hsr_stations,2023-11-01,hsr_entry_changhua,67459.0,historical_seasonal_iqr,51965.0,62061.0
hsr_stations,2023-12-01,hsr_entry_changhua,72380.0,historical_seasonal_iqr,52227.5,66735.5
hsr_stations,2024-02-01,hsr_entry_changhua,85743.0,historical_seasonal_iqr,48770.0,69690.0
hsr_stations,2024-03-01,hsr_entry_changhua,78039.0,historical_seasonal_iqr,40924.0,74348.0
hsr_stations,2024-08-01,hsr_entry_changhua,73193.0,historical_seasonal_iqr,45736.0,64200.0
hsr_stations,2024-11-01,hsr_entry_changhua,73011.0,historical_seasonal_iqr,52218.0,66314.0
hsr_stations,2024-12-01,hsr_entry_changhua,77804.0,historical_seasonal_iqr,49656.5,71020.5
hsr_stations,2025-02-01,hsr_entry_changhua,74199.0,historical_seasonal_iqr,48770.0,69690.0
hsr_stations,2025-03-01,hsr_entry_changhua,82083.0,historical_seasonal_iqr,37852.0,79468.0
hsr_stations,2025-10-01,hsr_entry_changhua,92283.0,historical_seasonal_iqr,41479.0,90519.0
hsr_stations,2019-06-01,hsr_entry_yunlin,114945.0,historical_seasonal_iqr,62599.0,110863.0
hsr_stations,2019-09-01,hsr_entry_yunlin,117895.0,historical_seasonal_iqr,62346.5,117214.5
hsr_stations,2019-10-01,hsr_entry_yunlin,122114.0,historical_seasonal_iqr,85436.75,121838.75
hsr_stations,2020-01-01,hsr_entry_yunlin,144867.0,historical_seasonal_iqr,78091.0,113399.0
hsr_stations,2020-04-01,hsr_entry_yunlin,68326.0,historical_seasonal_iqr,70480.125,149129.125
hsr_stations,2021-06-01,hsr_entry_yunlin,12478.0,historical_seasonal_iqr,49364.0,136164.0
hsr_stations,2021-07-01,hsr_entry_yunlin,27725.0,historical_seasonal_iqr,81687.0,117407.0
hsr_stations,2021-08-01,hsr_entry_yunlin,55337.0,historical_seasonal_iqr,77945.5,129517.5
hsr_stations,2023-01-01,hsr_entry_yunlin,144326.0,historical_seasonal_iqr,84742.5,105946.5
hsr_stations,2023-03-01,hsr_entry_yunlin,121650.0,historical_seasonal_iqr,94904.5,113236.5
hsr_stations,2023-07-01,hsr_entry_yunlin,125427.0,historical_seasonal_iqr,69029.5,125001.5
hsr_stations,2023-08-01,hsr_entry_yunlin,129974.0,historical_seasonal_iqr,86668.0,124284.0
hsr_stations,2023-10-01,hsr_entry_yunlin,147132.0,historical_seasonal_iqr,83279.0,145415.0
hsr_stations,2023-11-01,hsr_entry_yunlin,127662.0,historical_seasonal_iqr,98435.0,122163.0
hsr_stations,2023-12-01,hsr_entry_yunlin,138184.0,historical_seasonal_iqr,102476.5,129296.5
hsr_stations,2024-02-01,hsr_entry_yunlin,154159.0,historical_seasonal_iqr,94010.0,128466.0
hsr_stations,2024-03-01,hsr_entry_yunlin,147897.0,historical_seasonal_iqr,84619.5,133135.5
hsr_stations,2024-08-01,hsr_entry_yunlin,139666.0,historical_seasonal_iqr,85252.0,126644.0
hsr_stations,2024-10-01,hsr_entry_yunlin,148355.0,historical_seasonal_iqr,99110.0,140702.0
hsr_stations,2024-11-01,hsr_entry_yunlin,138390.0,historical_seasonal_iqr,100524.5,127672.5
hsr_stations,2024-12-01,hsr_entry_yunlin,147955.0,historical_seasonal_iqr,107427.0,128259.0
hsr_stations,2025-02-01,hsr_entry_yunlin,137419.0,historical_seasonal_iqr,94010.0,128466.0
hsr_stations,2025-03-01,hsr_entry_yunlin,150678.0,historical_seasonal_iqr,74557.5,149905.5
hsr_stations,2011-02-01,hsr_entry_chiayi,207056.0,historical_seasonal_iqr,53849.625,198768.625
hsr_stations,2011-09-01,hsr_entry_chiayi,167509.0,historical_seasonal_iqr,80661.75,162567.75
hsr_stations,2012-01-01,hsr_entry_chiayi,228522.0,historical_seasonal_iqr,41891.0,206955.0
hsr_stations,2012-03-01,hsr_entry_chiayi,177279.0,historical_seasonal_iqr,103167.5,175251.5
hsr_stations,2012-07-01,hsr_entry_chiayi,190333.0,historical_seasonal_iqr,136303.5,167499.5
hsr_stations,2012-09-01,hsr_entry_chiayi,175567.0,historical_seasonal_iqr,98130.5,164854.5
hsr_stations,2012-10-01,hsr_entry_chiayi,182824.0,historical_seasonal_iqr,143503.5,159131.5
hsr_stations,2012-11-01,hsr_entry_chiayi,177379.0,historical_seasonal_iqr,131249.0,164145.0
hsr_stations,2013-03-01,hsr_entry_chiayi,202530.0,historical_seasonal_iqr,132601.5,167053.5
hsr_stations,2013-05-01,hsr_entry_chiayi,189237.0,historical_seasonal_iqr,135807.0,186391.0
hsr_stations,2013-08-01,hsr_entry_chiayi,193463.0,historical_seasonal_iqr,138016.5,180556.5
hsr_stations,2014-05-01,hsr_entry_chiayi,191553.0,historical_seasonal_iqr,154827.5,185639.5
hsr_stations,2014-06-01,hsr_entry_chiayi,193556.0,historical_seasonal_iqr,130258.0,185138.0
hsr_stations,2015-10-01,hsr_entry_chiayi,198839.0,historical_seasonal_iqr,172001.5,189317.5
hsr_stations,2015-11-01,hsr_entry_chiayi,197420.0,historical_seasonal_iqr,149296.0,195048.0
hsr_stations,2016-07-01,hsr_entry_chiayi,207682.0,historical_seasonal_iqr,184192.0,200568.0
hsr_stations,2016-12-01,hsr_entry_chiayi,213367.0,historical_seasonal_iqr,183692.0,192140.0
hsr_stations,2017-01-01,hsr_entry_chiayi,239972.0,historical_seasonal_iqr,129337.5,236693.5
hsr_stations,2017-04-01,hsr_entry_chiayi,241654.0,historical_seasonal_iqr,189171.5,235727.5
hsr_stations,2017-05-01,hsr_entry_chiayi,234771.0,historical_seasonal_iqr,161991.0,234647.0
hsr_stations,2017-07-01,hsr_entry_chiayi,216607.0,historical_seasonal_iqr,189094.0,201326.0
hsr_stations,2017-08-01,hsr_entry_chiayi,220697.0,historical_seasonal_iqr,185441.0,206833.0
hsr_stations,2017-10-01,hsr_entry_chiayi,240438.0,historical_seasonal_iqr,158801.5,222861.5
hsr_stations,2017-12-01,hsr_entry_chiayi,229577.0,historical_seasonal_iqr,179121.0,201497.0
hsr_stations,2018-02-01,hsr_entry_chiayi,278192.0,historical_seasonal_iqr,228448.5,237540.5
hsr_stations,2018-03-01,hsr_entry_chiayi,264009.0,historical_seasonal_iqr,195409.5,207341.5
hsr_stations,2018-04-01,hsr_entry_chiayi,254506.0,historical_seasonal_iqr,190765.0,241141.0
hsr_stations,2018-06-01,hsr_entry_chiayi,220889.0,historical_seasonal_iqr,168421.5,216641.5
hsr_stations,2018-08-01,hsr_entry_chiayi,227930.0,historical_seasonal_iqr,185868.0,210668.0
hsr_stations,2018-09-01,hsr_entry_chiayi,227408.0,historical_seasonal_iqr,184746.0,201842.0
hsr_stations,2018-11-01,hsr_entry_chiayi,227966.0,historical_seasonal_iqr,190337.5,201669.5
hsr_stations,2019-02-01,hsr_entry_chiayi,264500.0,historical_seasonal_iqr,223475.0,248243.0
hsr_stations,2019-03-01,hsr_entry_chiayi,243926.0,historical_seasonal_iqr,182425.5,228981.5
hsr_stations,2019-06-01,hsr_entry_chiayi,236836.0,historical_seasonal_iqr,183323.0,210611.0
hsr_stations,2019-09-01,hsr_entry_chiayi,235698.0,historical_seasonal_iqr,183585.0,203777.0
hsr_stations,2019-11-01,hsr_entry_chiayi,230303.0,historical_seasonal_iqr,176953.0,228593.0
hsr_stations,2020-01-01,hsr_entry_chiayi,289640.0,historical_seasonal_iqr,182038.0,220430.0
hsr_stations,2020-02-01,hsr_entry_chiayi,159321.0,historical_seasonal_iqr,188577.5,310053.5
hsr_stations,2020-04-01,hsr_entry_chiayi,129533.0,historical_seasonal_iqr,173866.0,302890.0
hsr_stations,2020-05-01,hsr_entry_chiayi,159171.0,historical_seasonal_iqr,186131.5,252839.5
hsr_stations,2021-05-01,hsr_entry_chiayi,122191.0,historical_seasonal_iqr,176766.5,258458.5
hsr_stations,2021-06-01,hsr_entry_chiayi,22283.0,historical_seasonal_iqr,169611.5,251655.5
hsr_stations,2021-07-01,hsr_entry_chiayi,49894.0,historical_seasonal_iqr,181256.5,251724.5
hsr_stations,2021-08-01,hsr_entry_chiayi,98511.0,historical_seasonal_iqr,209847.5,238779.5
hsr_stations,2021-09-01,hsr_entry_chiayi,130803.0,historical_seasonal_iqr,141593.0,278897.0
hsr_stations,2021-10-01,hsr_entry_chiayi,171454.0,historical_seasonal_iqr,191200.5,274036.5
hsr_stations,2021-12-01,hsr_entry_chiayi,212039.0,historical_seasonal_iqr,218602.5,241534.5
hsr_stations,2022-04-01,hsr_entry_chiayi,176272.0,historical_seasonal_iqr,214743.5,278363.5
hsr_stations,2022-06-01,hsr_entry_chiayi,125284.0,historical_seasonal_iqr,134681.5,272613.5
hsr_stations,2022-08-01,hsr_entry_chiayi,200144.0,historical_seasonal_iqr,209847.5,238779.5
hsr_stations,2023-01-01,hsr_entry_chiayi,276297.0,historical_seasonal_iqr,156410.5,235806.5
hsr_stations,2023-10-01,hsr_entry_chiayi,274631.0,historical_seasonal_iqr,191200.5,274036.5
hsr_stations,2023-11-01,hsr_entry_chiayi,245040.0,historical_seasonal_iqr,205203.5,241623.5
hsr_stations,2023-12-01,hsr_entry_chiayi,259451.0,historical_seasonal_iqr,218571.0,241587.0
hsr_stations,2024-02-01,hsr_entry_chiayi,295571.0,historical_seasonal_iqr,188716.5,237328.5
hsr_stations,2024-09-01,hsr_entry_chiayi,262182.0,historical_seasonal_iqr,159372.5,249264.5
hsr_stations,2024-11-01,hsr_entry_chiayi,260588.0,historical_seasonal_iqr,201698.0,247466.0
hsr_stations,2024-12-01,hsr_entry_chiayi,281005.0,historical_seasonal_iqr,203694.0,266382.0
hsr_stations,2025-02-01,hsr_entry_chiayi,260379.0,historical_seasonal_iqr,188716.5,237328.5
hsr_stations,2025-03-01,hsr_entry_chiayi,290465.0,historical_seasonal_iqr,143755.5,290415.5
hsr_stations,2025-09-01,hsr_entry_chiayi,251849.0,historical_seasonal_iqr,159372.5,249264.5
hsr_stations,2025-10-01,hsr_entry_chiayi,308442.0,historical_seasonal_iqr,186640.5,291076.5
hsr_stations,2011-09-01,hsr_entry_tainan,237178.0,historical_seasonal_iqr,116356.5,235728.5
hsr_stations,2012-07-01,hsr_entry_tainan,268121.0,historical_seasonal_iqr,184725.0,249141.0
hsr_stations,2012-09-01,hsr_entry_tainan,251747.0,historical_seasonal_iqr,141683.0,241427.0
hsr_stations,2012-10-01,hsr_entry_tainan,261188.0,historical_seasonal_iqr,194431.0,238655.0
hsr_stations,2012-11-01,hsr_entry_tainan,259526.0,historical_seasonal_iqr,187305.0,241145.0
hsr_stations,2013-01-01,hsr_entry_tainan,253704.0,historical_seasonal_iqr,185223.0,242295.0
hsr_stations,2013-08-01,hsr_entry_tainan,280715.0,historical_seasonal_iqr,182870.0,270262.0
hsr_stations,2014-05-01,hsr_entry_tainan,272780.0,historical_seasonal_iqr,207028.0,271460.0
hsr_stations,2014-06-01,hsr_entry_tainan,273485.0,historical_seasonal_iqr,179871.5,271291.5
hsr_stations,2016-07-01,hsr_entry_tainan,306525.0,historical_seasonal_iqr,251216.0,296296.0
hsr_stations,2016-10-01,hsr_entry_tainan,321252.0,historical_seasonal_iqr,240638.0,295438.0
hsr_stations,2016-11-01,hsr_entry_tainan,310634.0,historical_seasonal_iqr,229044.5,310328.5
hsr_stations,2016-12-01,hsr_entry_tainan,336875.0,historical_seasonal_iqr,257291.0,304291.0
hsr_stations,2017-01-01,hsr_entry_tainan,330960.0,historical_seasonal_iqr,213012.0,321524.0
hsr_stations,2017-02-01,hsr_entry_tainan,317741.0,historical_seasonal_iqr,242649.5,314205.5
hsr_stations,2017-03-01,hsr_entry_tainan,319367.0,historical_seasonal_iqr,258896.0,308896.0
hsr_stations,2017-05-01,hsr_entry_tainan,341386.0,historical_seasonal_iqr,230631.0,337159.0
hsr_stations,2017-07-01,hsr_entry_tainan,323915.0,historical_seasonal_iqr,252178.5,317070.5
hsr_stations,2017-08-01,hsr_entry_tainan,334838.0,historical_seasonal_iqr,263924.5,302520.5
hsr_stations,2017-09-01,hsr_entry_tainan,302322.0,historical_seasonal_iqr,251804.5,284568.5
hsr_stations,2017-10-01,hsr_entry_tainan,356334.0,historical_seasonal_iqr,233256.0,319056.0
hsr_stations,2017-11-01,hsr_entry_tainan,337184.0,historical_seasonal_iqr,250213.0,303365.0
hsr_stations,2017-12-01,hsr_entry_tainan,359039.0,historical_seasonal_iqr,235123.0,353523.0
hsr_stations,2018-02-01,hsr_entry_tainan,335724.0,historical_seasonal_iqr,249942.0,310862.0
hsr_stations,2018-03-01,hsr_entry_tainan,341159.0,historical_seasonal_iqr,261041.5,315965.5
hsr_stations,2018-04-01,hsr_entry_tainan,357107.0,historical_seasonal_iqr,227487.5,348771.5
hsr_stations,2018-09-01,hsr_entry_tainan,339818.0,historical_seasonal_iqr,242364.0,318948.0
hsr_stations,2018-11-01,hsr_entry_tainan,381900.0,historical_seasonal_iqr,233666.5,356814.5
hsr_stations,2019-03-01,hsr_entry_tainan,368928.0,historical_seasonal_iqr,246314.5,363198.5
hsr_stations,2019-06-01,hsr_entry_tainan,362762.0,historical_seasonal_iqr,264661.0,329901.0
hsr_stations,2019-09-01,hsr_entry_tainan,354861.0,historical_seasonal_iqr,224224.5,349180.5
hsr_stations,2020-01-01,hsr_entry_tainan,405928.0,historical_seasonal_iqr,265392.5,370300.5
hsr_stations,2020-03-01,hsr_entry_tainan,225258.0,historical_seasonal_iqr,226684.0,409844.0
hsr_stations,2020-04-01,hsr_entry_tainan,187678.0,historical_seasonal_iqr,222564.5,437832.5
hsr_stations,2020-05-01,hsr_entry_tainan,230635.0,historical_seasonal_iqr,259231.0,390679.0
hsr_stations,2021-05-01,hsr_entry_tainan,178014.0,historical_seasonal_iqr,259231.0,390679.0
hsr_stations,2021-06-01,hsr_entry_tainan,34332.0,historical_seasonal_iqr,243810.5,392390.5
hsr_stations,2021-07-01,hsr_entry_tainan,72371.0,historical_seasonal_iqr,293751.5,366091.5
hsr_stations,2021-08-01,hsr_entry_tainan,153021.0,historical_seasonal_iqr,318126.5,362690.5
hsr_stations,2021-09-01,hsr_entry_tainan,203163.0,historical_seasonal_iqr,246078.0,396062.0
hsr_stations,2021-10-01,hsr_entry_tainan,271457.0,historical_seasonal_iqr,297413.0,414613.0
hsr_stations,2022-01-01,hsr_entry_tainan,266983.0,historical_seasonal_iqr,287041.5,384517.5
hsr_stations,2022-04-01,hsr_entry_tainan,279599.0,historical_seasonal_iqr,286939.5,399207.5
hsr_stations,2022-06-01,hsr_entry_tainan,211652.0,historical_seasonal_iqr,215845.5,409169.5
hsr_stations,2022-12-01,hsr_entry_tainan,414225.0,historical_seasonal_iqr,350004.5,384632.5
hsr_stations,2023-01-01,hsr_entry_tainan,425754.0,historical_seasonal_iqr,233394.0,416706.0
hsr_stations,2023-03-01,hsr_entry_tainan,384325.0,historical_seasonal_iqr,320701.5,353433.5
hsr_stations,2023-08-01,hsr_entry_tainan,406911.0,historical_seasonal_iqr,334854.0,352654.0
hsr_stations,2023-10-01,hsr_entry_tainan,430532.0,historical_seasonal_iqr,296609.0,415953.0
hsr_stations,2023-11-01,hsr_entry_tainan,411619.0,historical_seasonal_iqr,314420.5,404488.5
hsr_stations,2023-12-01,hsr_entry_tainan,435333.0,historical_seasonal_iqr,331972.0,421596.0
hsr_stations,2024-02-01,hsr_entry_tainan,465407.0,historical_seasonal_iqr,202944.0,439808.0
hsr_stations,2024-03-01,hsr_entry_tainan,502292.0,historical_seasonal_iqr,279048.0,422856.0
hsr_stations,2024-08-01,hsr_entry_tainan,470138.0,historical_seasonal_iqr,330631.5,359691.5
hsr_stations,2024-09-01,hsr_entry_tainan,423051.0,historical_seasonal_iqr,241556.0,422844.0
hsr_stations,2024-10-01,hsr_entry_tainan,398206.0,historical_seasonal_iqr,363406.0,382758.0
hsr_stations,2024-11-01,hsr_entry_tainan,438165.0,historical_seasonal_iqr,314420.5,404488.5
hsr_stations,2025-10-01,hsr_entry_tainan,475847.0,historical_seasonal_iqr,329348.5,439520.5
hsr_stations,2012-07-01,hsr_entry_zuoying,670706.0,historical_seasonal_iqr,511674.0,613466.0
hsr_stations,2012-08-01,hsr_entry_zuoying,624142.0,historical_seasonal_iqr,497771.0,620603.0
hsr_stations,2012-09-01,hsr_entry_zuoying,607970.0,historical_seasonal_iqr,391775.0,554135.0
hsr_stations,2012-10-01,hsr_entry_zuoying,632766.0,historical_seasonal_iqr,482229.0,578069.0
hsr_stations,2012-11-01,hsr_entry_zuoying,603498.0,historical_seasonal_iqr,513485.0,528069.0
hsr_stations,2012-12-01,hsr_entry_zuoying,653655.0,historical_seasonal_iqr,408568.5,637124.5
hsr_stations,2013-01-01,hsr_entry_zuoying,609895.0,historical_seasonal_iqr,508584.5,568996.5
hsr_stations,2013-03-01,hsr_entry_zuoying,650325.0,historical_seasonal_iqr,445869.0,582461.0
hsr_stations,2013-05-01,hsr_entry_zuoying,628923.0,historical_seasonal_iqr,491223.5,604403.5
hsr_stations,2013-08-01,hsr_entry_zuoying,706947.0,historical_seasonal_iqr,538203.5,622055.5
hsr_stations,2014-05-01,hsr_entry_zuoying,649138.0,historical_seasonal_iqr,504595.5,646767.5
hsr_stations,2014-06-01,hsr_entry_zuoying,662143.0,historical_seasonal_iqr,459856.5,636596.5
hsr_stations,2016-02-01,hsr_entry_zuoying,736625.0,historical_seasonal_iqr,606595.0,723915.0
hsr_stations,2016-07-01,hsr_entry_zuoying,729394.0,historical_seasonal_iqr,657693.5,692393.5
hsr_stations,2016-10-01,hsr_entry_zuoying,743240.0,historical_seasonal_iqr,569233.5,738653.5
hsr_stations,2016-11-01,hsr_entry_zuoying,692839.0,historical_seasonal_iqr,561345.0,673753.0
hsr_stations,2016-12-01,hsr_entry_zuoying,731533.0,historical_seasonal_iqr,612562.5,678310.5
hsr_stations,2017-03-01,hsr_entry_zuoying,722387.0,historical_seasonal_iqr,605842.5,677014.5
hsr_stations,2017-04-01,hsr_entry_zuoying,731807.0,historical_seasonal_iqr,606720.0,696216.0
hsr_stations,2017-05-01,hsr_entry_zuoying,765529.0,historical_seasonal_iqr,551368.5,758180.5
hsr_stations,2017-07-01,hsr_entry_zuoying,739169.0,historical_seasonal_iqr,667763.5,698119.5
hsr_stations,2017-08-01,hsr_entry_zuoying,789437.0,historical_seasonal_iqr,637279.5,748747.5
hsr_stations,2017-10-01,hsr_entry_zuoying,801173.0,historical_seasonal_iqr,596305.0,731113.0
hsr_stations,2018-03-01,hsr_entry_zuoying,722095.0,historical_seasonal_iqr,623735.5,677763.5
hsr_stations,2018-06-01,hsr_entry_zuoying,734159.0,historical_seasonal_iqr,651835.5,668327.5
hsr_stations,2018-09-01,hsr_entry_zuoying,747759.0,historical_seasonal_iqr,657981.0,669965.0
hsr_stations,2019-02-01,hsr_entry_zuoying,833897.0,historical_seasonal_iqr,675517.5,773289.5
hsr_stations,2019-09-01,hsr_entry_zuoying,769990.0,historical_seasonal_iqr,657981.0,669965.0
hsr_stations,2020-01-01,hsr_entry_zuoying,906810.0,historical_seasonal_iqr,623534.5,855442.5
hsr_stations,2020-02-01,hsr_entry_zuoying,526368.0,historical_seasonal_iqr,651662.5,867786.5
hsr_stations,2020-03-01,hsr_entry_zuoying,464088.0,historical_seasonal_iqr,560177.0,819713.0
hsr_stations,2020-04-01,hsr_entry_zuoying,397199.0,historical_seasonal_iqr,569691.5,927919.5
hsr_stations,2020-05-01,hsr_entry_zuoying,481074.0,historical_seasonal_iqr,628006.5,848042.5
hsr_stations,2020-07-01,hsr_entry_zuoying,674624.0,historical_seasonal_iqr,684865.0,803609.0
hsr_stations,2021-01-01,hsr_entry_zuoying,615271.0,historical_seasonal_iqr,626334.0,857630.0
hsr_stations,2021-05-01,hsr_entry_zuoying,382500.0,historical_seasonal_iqr,628006.5,848042.5
hsr_stations,2021-06-01,hsr_entry_zuoying,82448.0,historical_seasonal_iqr,543811.5,848367.5
hsr_stations,2021-07-01,hsr_entry_zuoying,165027.0,historical_seasonal_iqr,684865.0,803609.0
hsr_stations,2021-08-01,hsr_entry_zuoying,335814.0,historical_seasonal_iqr,717401.0,820433.0
hsr_stations,2021-09-01,hsr_entry_zuoying,427735.0,historical_seasonal_iqr,537071.5,874171.5
hsr_stations,2021-10-01,hsr_entry_zuoying,567689.0,historical_seasonal_iqr,686875.5,869751.5
hsr_stations,2021-11-01,hsr_entry_zuoying,626524.0,historical_seasonal_iqr,650297.0,836729.0
hsr_stations,2022-01-01,hsr_entry_zuoying,549285.0,historical_seasonal_iqr,619909.0,861485.0
hsr_stations,2022-04-01,hsr_entry_zuoying,551004.0,historical_seasonal_iqr,639141.5,886249.5
hsr_stations,2022-06-01,hsr_entry_zuoying,420037.0,historical_seasonal_iqr,470379.0,892427.0
hsr_stations,2022-08-01,hsr_entry_zuoying,689254.0,historical_seasonal_iqr,717401.0,820433.0
hsr_stations,2023-10-01,hsr_entry_zuoying,884007.0,historical_seasonal_iqr,716585.5,813325.5
hsr_stations,2023-11-01,hsr_entry_zuoying,840679.0,historical_seasonal_iqr,650297.0,836729.0
hsr_stations,2024-02-01,hsr_entry_zuoying,939446.0,historical_seasonal_iqr,438145.5,915045.5
hsr_stations,2024-09-01,hsr_entry_zuoying,893150.0,historical_seasonal_iqr,509352.5,868860.5
hsr_stations,2024-11-01,hsr_entry_zuoying,875361.0,historical_seasonal_iqr,650297.0,836729.0
hsr_stations,2024-12-01,hsr_entry_zuoying,919398.0,historical_seasonal_iqr,657509.0,900037.0
hsr_stations,2025-10-01,hsr_entry_zuoying,1002974.0,historical_seasonal_iqr,703658.5,834870.5
hsr_stations,2011-09-01,hsr_exit_total,3474884.0,historical_seasonal_iqr,1556845.375,3198492.375
hsr_stations,2011-10-01,hsr_exit_total,3702168.0,historical_seasonal_iqr,1847765.25,3564265.25
hsr_stations,2011-11-01,hsr_exit_total,3540421.0,historical_seasonal_iqr,1843332.875,3517535.875
hsr_stations,2012-07-01,hsr_exit_total,3902874.0,historical_seasonal_iqr,2289010.0,3683642.0
hsr_stations,2012-09-01,hsr_exit_total,3696134.0,historical_seasonal_iqr,1803514.5,3503134.5
hsr_stations,2012-10-01,hsr_exit_total,3826495.0,historical_seasonal_iqr,2426158.5,3527298.5
hsr_stations,2012-11-01,hsr_exit_total,3762009.0,historical_seasonal_iqr,2181946.0,3674650.0
hsr_stations,2013-03-01,hsr_exit_total,4245483.0,historical_seasonal_iqr,1732546.0,4173770.0
hsr_stations,2015-10-01,hsr_exit_total,4241370.0,historical_seasonal_iqr,3425890.5,4162630.5
hsr_stations,2015-12-01,hsr_exit_total,4928818.0,historical_seasonal_iqr,3194294.5,4520706.5
hsr_stations,2016-01-01,hsr_exit_total,4604235.0,historical_seasonal_iqr,3207682.5,4380302.5
hsr_stations,2016-02-01,hsr_exit_total,4841423.0,historical_seasonal_iqr,2664092.0,4732340.0
hsr_stations,2016-04-01,hsr_exit_total,4654341.0,historical_seasonal_iqr,2946969.5,4607037.5
hsr_stations,2016-07-01,hsr_exit_total,4737535.0,historical_seasonal_iqr,3639786.0,4341354.0
hsr_stations,2016-08-01,hsr_exit_total,4762706.0,historical_seasonal_iqr,3116301.0,4753245.0
hsr_stations,2016-09-01,hsr_exit_total,4420684.0,historical_seasonal_iqr,3276665.0,4395249.0
hsr_stations,2016-10-01,hsr_exit_total,4923512.0,historical_seasonal_iqr,3332471.5,4649867.5
hsr_stations,2016-11-01,hsr_exit_total,4684505.0,historical_seasonal_iqr,3377524.5,4402816.5
hsr_stations,2016-12-01,hsr_exit_total,5164763.0,historical_seasonal_iqr,3858125.5,4276297.5
hsr_stations,2017-01-01,hsr_exit_total,5175232.0,historical_seasonal_iqr,3564593.0,4190841.0
hsr_stations,2017-02-01,hsr_exit_total,4792273.0,historical_seasonal_iqr,3371148.0,4602004.0
hsr_stations,2017-03-01,hsr_exit_total,4949836.0,historical_seasonal_iqr,3634333.0,4612173.0
hsr_stations,2017-04-01,hsr_exit_total,5095172.0,historical_seasonal_iqr,3520952.0,4567528.0
hsr_stations,2017-05-01,hsr_exit_total,5142697.0,historical_seasonal_iqr,3441761.0,4676777.0
hsr_stations,2017-06-01,hsr_exit_total,4566730.0,historical_seasonal_iqr,3595257.5,4383173.5
hsr_stations,2017-07-01,hsr_exit_total,4978951.0,historical_seasonal_iqr,3813383.5,4450611.5
hsr_stations,2017-08-01,hsr_exit_total,5223860.0,historical_seasonal_iqr,4050137.5,4281557.5
hsr_stations,2017-09-01,hsr_exit_total,4653364.0,historical_seasonal_iqr,3803617.5,4193805.5
hsr_stations,2017-10-01,hsr_exit_total,5373773.0,historical_seasonal_iqr,3353827.5,4773895.5
hsr_stations,2017-11-01,hsr_exit_total,5006047.0,historical_seasonal_iqr,3398134.0,4634686.0
hsr_stations,2018-03-01,hsr_exit_total,5308893.0,historical_seasonal_iqr,3568100.5,5237048.5
hsr_stations,2018-09-01,hsr_exit_total,5251154.0,historical_seasonal_iqr,3308424.0,5088040.0
hsr_stations,2019-06-01,hsr_exit_total,5610936.0,historical_seasonal_iqr,3369167.5,5285267.5
hsr_stations,2020-01-01,hsr_exit_total,6230650.0,historical_seasonal_iqr,3747739.5,6031727.5
hsr_stations,2020-02-01,hsr_exit_total,3968432.0,historical_seasonal_iqr,4249277.5,5697265.5
hsr_stations,2020-03-01,hsr_exit_total,3529935.0,historical_seasonal_iqr,3564643.0,6355443.0
hsr_stations,2020-04-01,hsr_exit_total,2947586.0,historical_seasonal_iqr,3422014.5,6708218.5
hsr_stations,2020-05-01,hsr_exit_total,3670631.0,historical_seasonal_iqr,3726046.0,6104910.0
hsr_stations,2021-05-01,hsr_exit_total,2696576.0,historical_seasonal_iqr,3726046.0,6104910.0
hsr_stations,2021-06-01,hsr_exit_total,539630.0,historical_seasonal_iqr,3629426.5,6119470.5
hsr_stations,2021-07-01,hsr_exit_total,1137242.0,historical_seasonal_iqr,4504555.0,5761011.0
hsr_stations,2021-08-01,hsr_exit_total,2225096.0,historical_seasonal_iqr,4825212.5,5888272.5
hsr_stations,2021-09-01,hsr_exit_total,2960416.0,historical_seasonal_iqr,3756679.0,6147839.0
hsr_stations,2021-10-01,hsr_exit_total,4032592.0,historical_seasonal_iqr,4693998.0,6341934.0
hsr_stations,2022-01-01,hsr_exit_total,4148796.0,historical_seasonal_iqr,4406103.0,5879047.0
hsr_stations,2022-04-01,hsr_exit_total,3976458.0,historical_seasonal_iqr,4465628.0,6144412.0
hsr_stations,2022-06-01,hsr_exit_total,3133528.0,historical_seasonal_iqr,3300954.0,6316554.0
hsr_stations,2022-07-01,hsr_exit_total,4431576.0,historical_seasonal_iqr,4504555.0,5761011.0
hsr_stations,2023-09-01,hsr_exit_total,5826261.0,historical_seasonal_iqr,4490974.0,5707262.0
hsr_stations,2023-10-01,hsr_exit_total,6428106.0,historical_seasonal_iqr,4693998.0,6341934.0
hsr_stations,2023-11-01,hsr_exit_total,6274964.0,historical_seasonal_iqr,5404764.5,5584952.5
hsr_stations,2023-12-01,hsr_exit_total,6710532.0,historical_seasonal_iqr,5353130.0,6508474.0
hsr_stations,2024-08-01,hsr_exit_total,6752455.0,historical_seasonal_iqr,4088110.5,6441546.5
hsr_stations,2024-09-01,hsr_exit_total,6493172.0,historical_seasonal_iqr,4109521.0,6343017.0
hsr_stations,2024-11-01,hsr_exit_total,6720644.0,historical_seasonal_iqr,5155508.0,6000380.0
hsr_stations,2024-12-01,hsr_exit_total,7150425.0,historical_seasonal_iqr,5144252.0,6856604.0
hsr_stations,2025-10-01,hsr_exit_total,7351690.0,historical_seasonal_iqr,4227979.5,7308399.5
hsr_stations,2020-01-01,hsr_exit_nangang,243685.0,historical_seasonal_iqr,125220.75,217038.75
hsr_stations,2020-04-01,hsr_exit_nangang,117499.0,historical_seasonal_iqr,138809.5,232441.5
hsr_stations,2020-10-01,hsr_exit_nangang,242763.0,historical_seasonal_iqr,120651.875,238434.875
hsr_stations,2021-06-01,hsr_exit_nangang,22265.0,historical_seasonal_iqr,145211.125,210048.125
hsr_stations,2021-07-01,hsr_exit_nangang,47494.0,historical_seasonal_iqr,70400.5,290660.5
hsr_stations,2023-01-01,hsr_exit_nangang,250262.0,historical_seasonal_iqr,143849.5,223597.5
hsr_stations,2023-02-01,hsr_exit_nangang,222152.0,historical_seasonal_iqr,146911.0,205831.0
hsr_stations,2023-06-01,hsr_exit_nangang,247802.0,historical_seasonal_iqr,69747.0,243899.0
hsr_stations,2023-07-01,hsr_exit_nangang,250691.0,historical_seasonal_iqr,151718.0,241870.0
hsr_stations,2023-08-01,hsr_exit_nangang,261968.0,historical_seasonal_iqr,184236.5,234320.5
hsr_stations,2023-09-01,hsr_exit_nangang,253059.0,historical_seasonal_iqr,158642.0,241482.0
hsr_stations,2023-12-01,hsr_exit_nangang,281192.0,historical_seasonal_iqr,203570.5,281174.5
hsr_stations,2024-02-01,hsr_exit_nangang,257642.0,historical_seasonal_iqr,170055.5,196707.5
hsr_stations,2024-03-01,hsr_exit_nangang,291136.0,historical_seasonal_iqr,180794.5,246518.5
hsr_stations,2024-07-01,hsr_exit_nangang,271238.0,historical_seasonal_iqr,151396.5,244944.5
hsr_stations,2024-08-01,hsr_exit_nangang,295791.0,historical_seasonal_iqr,183003.0,262547.0
hsr_stations,2024-09-01,hsr_exit_nangang,303886.0,historical_seasonal_iqr,194719.0,234079.0
hsr_stations,2024-11-01,hsr_exit_nangang,293278.0,historical_seasonal_iqr,185974.5,263242.5
hsr_stations,2024-12-01,hsr_exit_nangang,313943.0,historical_seasonal_iqr,224957.5,268777.5
hsr_stations,2025-08-01,hsr_exit_nangang,342010.0,historical_seasonal_iqr,145895.5,331611.5
hsr_stations,2025-12-01,hsr_exit_nangang,336826.0,historical_seasonal_iqr,208394.5,324870.5
hsr_stations,2011-02-01,hsr_exit_taipei,999095.0,historical_seasonal_iqr,477550.25,996560.25
hsr_stations,2011-09-01,hsr_exit_taipei,990436.0,historical_seasonal_iqr,490706.625,924271.625
hsr_stations,2011-10-01,hsr_exit_taipei,1055576.0,historical_seasonal_iqr,554243.5,1033111.5
hsr_stations,2012-01-01,hsr_exit_taipei,1089500.0,historical_seasonal_iqr,573382.375,1033983.375
hsr_stations,2012-07-01,hsr_exit_taipei,1107427.0,historical_seasonal_iqr,724448.0,1015120.0
hsr_stations,2012-09-01,hsr_exit_taipei,1043177.0,historical_seasonal_iqr,565448.0,1003808.0
hsr_stations,2012-10-01,hsr_exit_taipei,1104154.0,historical_seasonal_iqr,724832.5,1015636.5
hsr_stations,2015-10-01,hsr_exit_taipei,1196149.0,historical_seasonal_iqr,982709.0,1177021.0
hsr_stations,2015-12-01,hsr_exit_taipei,1358096.0,historical_seasonal_iqr,926186.0,1305114.0
hsr_stations,2016-01-01,hsr_exit_taipei,1283222.0,historical_seasonal_iqr,880395.0,1214963.0
hsr_stations,2016-04-01,hsr_exit_taipei,1272263.0,historical_seasonal_iqr,885700.0,1251380.0
hsr_stations,2016-05-01,hsr_exit_taipei,1288292.0,historical_seasonal_iqr,894915.0,1239723.0
hsr_stations,2016-07-01,hsr_exit_taipei,1209255.0,historical_seasonal_iqr,1047703.0,1206967.0
hsr_stations,2016-12-01,hsr_exit_taipei,1310719.0,historical_seasonal_iqr,1098403.0,1219083.0
hsr_stations,2017-01-01,hsr_exit_taipei,1231526.0,historical_seasonal_iqr,954060.0,1226252.0
hsr_stations,2017-08-01,hsr_exit_taipei,1285504.0,historical_seasonal_iqr,1127634.0,1234034.0
hsr_stations,2018-03-01,hsr_exit_taipei,1287580.0,historical_seasonal_iqr,1159252.5,1242728.5
hsr_stations,2018-06-01,hsr_exit_taipei,1234155.0,historical_seasonal_iqr,1086544.0,1186096.0
hsr_stations,2018-08-01,hsr_exit_taipei,1299588.0,historical_seasonal_iqr,1128194.0,1278306.0
hsr_stations,2018-09-01,hsr_exit_taipei,1245658.0,historical_seasonal_iqr,1079969.0,1165777.0
hsr_stations,2018-11-01,hsr_exit_taipei,1310636.0,historical_seasonal_iqr,1060322.5,1268382.5
hsr_stations,2019-07-01,hsr_exit_taipei,1336586.0,historical_seasonal_iqr,1121902.5,1283178.5
hsr_stations,2019-09-01,hsr_exit_taipei,1284942.0,historical_seasonal_iqr,1092877.5,1162977.5
hsr_stations,2019-11-01,hsr_exit_taipei,1342850.0,historical_seasonal_iqr,1112760.5,1311428.5
hsr_stations,2020-01-01,hsr_exit_taipei,1407544.0,historical_seasonal_iqr,1119074.5,1381710.5
hsr_stations,2020-02-01,hsr_exit_taipei,907417.0,historical_seasonal_iqr,1101797.0,1335109.0
hsr_stations,2020-03-01,hsr_exit_taipei,818655.0,historical_seasonal_iqr,1097192.5,1401812.5
hsr_stations,2020-04-01,hsr_exit_taipei,664012.0,historical_seasonal_iqr,1175992.5,1380140.5
hsr_stations,2020-05-01,hsr_exit_taipei,845031.0,historical_seasonal_iqr,1215724.5,1331832.5
hsr_stations,2021-01-01,hsr_exit_taipei,1094680.0,historical_seasonal_iqr,1148321.0,1370201.0
hsr_stations,2021-02-01,hsr_exit_taipei,1015490.0,historical_seasonal_iqr,1101797.0,1335109.0
hsr_stations,2021-05-01,hsr_exit_taipei,592123.0,historical_seasonal_iqr,1215724.5,1331832.5
hsr_stations,2021-06-01,hsr_exit_taipei,109772.0,historical_seasonal_iqr,930799.0,1445671.0
hsr_stations,2021-07-01,hsr_exit_taipei,231873.0,historical_seasonal_iqr,1108827.0,1376635.0
hsr_stations,2021-08-01,hsr_exit_taipei,490060.0,historical_seasonal_iqr,1264378.0,1320714.0
hsr_stations,2021-09-01,hsr_exit_taipei,656414.0,historical_seasonal_iqr,965510.5,1413746.5
hsr_stations,2021-10-01,hsr_exit_taipei,898517.0,historical_seasonal_iqr,1191145.5,1426437.5
hsr_stations,2021-11-01,hsr_exit_taipei,1035978.0,historical_seasonal_iqr,1126366.0,1421198.0
hsr_stations,2021-12-01,hsr_exit_taipei,1247960.0,historical_seasonal_iqr,1280712.5,1450076.5
hsr_stations,2022-01-01,hsr_exit_taipei,886369.0,historical_seasonal_iqr,1113413.5,1391145.5
hsr_stations,2022-04-01,hsr_exit_taipei,870767.0,historical_seasonal_iqr,1175992.5,1380140.5
hsr_stations,2022-06-01,hsr_exit_taipei,695158.0,historical_seasonal_iqr,727602.5,1538086.5
hsr_stations,2022-07-01,hsr_exit_taipei,995360.0,historical_seasonal_iqr,1013077.0,1434085.0
hsr_stations,2022-08-01,hsr_exit_taipei,1131697.0,historical_seasonal_iqr,1264378.0,1320714.0
hsr_stations,2010-05-01,hsr_exit_banqiao,264237.0,historical_seasonal_iqr,51557.25,250819.25
hsr_stations,2010-12-01,hsr_exit_banqiao,228362.0,historical_seasonal_iqr,108544.25,213326.25
hsr_stations,2011-04-01,hsr_exit_banqiao,251591.0,historical_seasonal_iqr,84643.125,240602.125
hsr_stations,2011-06-01,hsr_exit_banqiao,257215.0,historical_seasonal_iqr,85315.375,227668.375
hsr_stations,2011-07-01,hsr_exit_banqiao,278391.0,historical_seasonal_iqr,106762.5,245622.5
hsr_stations,2011-08-01,hsr_exit_banqiao,267813.0,historical_seasonal_iqr,90888.25,255662.25
hsr_stations,2011-09-01,hsr_exit_banqiao,268622.0,historical_seasonal_iqr,93462.0,215154.0
hsr_stations,2011-10-01,hsr_exit_banqiao,288171.0,historical_seasonal_iqr,115000.625,234521.625
hsr_stations,2011-11-01,hsr_exit_banqiao,283575.0,historical_seasonal_iqr,102125.0,257359.0
hsr_stations,2011-12-01,hsr_exit_banqiao,297262.0,historical_seasonal_iqr,98093.875,252858.875
hsr_stations,2012-01-01,hsr_exit_banqiao,295136.0,historical_seasonal_iqr,144268.0,253324.0
hsr_stations,2015-05-01,hsr_exit_banqiao,279611.0,historical_seasonal_iqr,238919.0,269175.0
hsr_stations,2015-12-01,hsr_exit_banqiao,328895.0,historical_seasonal_iqr,240568.5,282844.5
hsr_stations,2016-02-01,hsr_exit_banqiao,369601.0,historical_seasonal_iqr,228135.5,316939.5
hsr_stations,2016-04-01,hsr_exit_banqiao,310843.0,historical_seasonal_iqr,226407.5,293563.5
hsr_stations,2016-05-01,hsr_exit_banqiao,307284.0,historical_seasonal_iqr,238919.0,269175.0
hsr_stations,2016-06-01,hsr_exit_banqiao,297127.0,historical_seasonal_iqr,244453.0,268469.0
hsr_stations,2016-07-01,hsr_exit_banqiao,309178.0,historical_seasonal_iqr,250479.0,287287.0
hsr_stations,2016-08-01,hsr_exit_banqiao,306877.0,historical_seasonal_iqr,263620.5,270328.5
hsr_stations,2016-09-01,hsr_exit_banqiao,287816.0,historical_seasonal_iqr,251828.5,273360.5
hsr_stations,2016-10-01,hsr_exit_banqiao,322119.0,historical_seasonal_iqr,211520.5,318452.5
hsr_stations,2017-02-01,hsr_exit_banqiao,321626.0,historical_seasonal_iqr,262144.0,308248.0
hsr_stations,2017-03-01,hsr_exit_banqiao,312239.0,historical_seasonal_iqr,232468.0,308188.0
hsr_stations,2017-04-01,hsr_exit_banqiao,336365.0,historical_seasonal_iqr,234101.5,301617.5
hsr_stations,2017-05-01,hsr_exit_banqiao,341275.0,historical_seasonal_iqr,215791.0,317903.0
hsr_stations,2017-07-01,hsr_exit_banqiao,320796.0,historical_seasonal_iqr,250479.0,287287.0
hsr_stations,2017-08-01,hsr_exit_banqiao,336050.0,historical_seasonal_iqr,250416.0,292336.0
hsr_stations,2017-09-01,hsr_exit_banqiao,292178.0,historical_seasonal_iqr,251828.5,273360.5
hsr_stations,2017-10-01,hsr_exit_banqiao,347619.0,historical_seasonal_iqr,211520.5,318452.5
hsr_stations,2018-06-01,hsr_exit_banqiao,332443.0,historical_seasonal_iqr,221117.0,323373.0
hsr_stations,2018-09-01,hsr_exit_banqiao,336748.0,historical_seasonal_iqr,222658.5,326910.5
hsr_stations,2019-06-01,hsr_exit_banqiao,362710.0,historical_seasonal_iqr,231109.5,336737.5
hsr_stations,2019-09-01,hsr_exit_banqiao,358677.0,historical_seasonal_iqr,224948.0,332516.0
hsr_stations,2020-01-01,hsr_exit_banqiao,434097.0,historical_seasonal_iqr,256850.0,383922.0
hsr_stations,2020-03-01,hsr_exit_banqiao,274700.0,historical_seasonal_iqr,277572.5,370016.5
hsr_stations,2020-04-01,hsr_exit_banqiao,232153.0,historical_seasonal_iqr,232528.0,441368.0
hsr_stations,2020-08-01,hsr_exit_banqiao,410127.0,historical_seasonal_iqr,251098.0,399842.0
hsr_stations,2020-10-01,hsr_exit_banqiao,440062.0,historical_seasonal_iqr,283869.0,385869.0
hsr_stations,2021-03-01,hsr_exit_banqiao,391411.0,historical_seasonal_iqr,277572.5,370016.5
hsr_stations,2021-05-01,hsr_exit_banqiao,204793.0,historical_seasonal_iqr,256297.5,392261.5
hsr_stations,2021-06-01,hsr_exit_banqiao,39079.0,historical_seasonal_iqr,239656.0,392912.0
hsr_stations,2021-07-01,hsr_exit_banqiao,88254.0,historical_seasonal_iqr,257868.0,425676.0
hsr_stations,2021-08-01,hsr_exit_banqiao,174189.0,historical_seasonal_iqr,312986.0,374490.0
hsr_stations,2022-01-01,hsr_exit_banqiao,303573.0,historical_seasonal_iqr,304494.0,389230.0
hsr_stations,2022-05-01,hsr_exit_banqiao,198964.0,historical_seasonal_iqr,203100.0,424180.0
hsr_stations,2022-08-01,hsr_exit_banqiao,375438.0,historical_seasonal_iqr,312986.0,374490.0
hsr_stations,2022-11-01,hsr_exit_banqiao,414771.0,historical_seasonal_iqr,297978.5,411198.5
hsr_stations,2022-12-01,hsr_exit_banqiao,475597.0,historical_seasonal_iqr,366324.5,454896.5
hsr_stations,2023-01-01,hsr_exit_banqiao,484888.0,historical_seasonal_iqr,274474.0,407242.0
hsr_stations,2023-02-01,hsr_exit_banqiao,400847.0,historical_seasonal_iqr,317680.0,376824.0
hsr_stations,2023-03-01,hsr_exit_banqiao,426785.0,historical_seasonal_iqr,291548.5,408352.5
hsr_stations,2023-07-01,hsr_exit_banqiao,434700.0,historical_seasonal_iqr,305543.0,397071.0
hsr_stations,2023-08-01,hsr_exit_banqiao,448171.0,historical_seasonal_iqr,297000.5,422500.5
hsr_stations,2023-09-01,hsr_exit_banqiao,407612.0,historical_seasonal_iqr,299078.5,399530.5
hsr_stations,2024-02-01,hsr_exit_banqiao,478111.0,historical_seasonal_iqr,297352.0,410704.0
hsr_stations,2024-03-01,hsr_exit_banqiao,477465.0,historical_seasonal_iqr,321216.0,433528.0
hsr_stations,2024-07-01,hsr_exit_banqiao,436649.0,historical_seasonal_iqr,303737.0,401105.0
hsr_stations,2024-09-01,hsr_exit_banqiao,451911.0,historical_seasonal_iqr,339069.0,391357.0
hsr_stations,2025-10-01,hsr_exit_banqiao,527331.0,historical_seasonal_iqr,347682.0,495490.0
hsr_stations,2025-11-01,hsr_exit_banqiao,499543.0,historical_seasonal_iqr,364668.0,498276.0
hsr_stations,2011-06-01,hsr_exit_taoyuan,274985.0,historical_seasonal_iqr,81912.375,249297.375
hsr_stations,2011-07-01,hsr_exit_taoyuan,305813.0,historical_seasonal_iqr,77705.5,304739.5
hsr_stations,2011-08-01,hsr_exit_taoyuan,287944.0,historical_seasonal_iqr,94891.125,280240.125
hsr_stations,2011-09-01,hsr_exit_taoyuan,281564.0,historical_seasonal_iqr,81580.75,252930.75
hsr_stations,2011-10-01,hsr_exit_taoyuan,307479.0,historical_seasonal_iqr,103569.125,280686.125
hsr_stations,2012-10-01,hsr_exit_taoyuan,340238.0,historical_seasonal_iqr,117462.0,326990.0
hsr_stations,2013-03-01,hsr_exit_taoyuan,387540.0,historical_seasonal_iqr,75970.5,351198.5
hsr_stations,2016-01-01,hsr_exit_taoyuan,434453.0,historical_seasonal_iqr,310975.0,342215.0
hsr_stations,2016-02-01,hsr_exit_taoyuan,552195.0,historical_seasonal_iqr,183109.5,450193.5
hsr_stations,2016-07-01,hsr_exit_taoyuan,439919.0,historical_seasonal_iqr,287082.5,431462.5
hsr_stations,2016-10-01,hsr_exit_taoyuan,459369.0,historical_seasonal_iqr,284457.5,433205.5
hsr_stations,2016-11-01,hsr_exit_taoyuan,433873.0,historical_seasonal_iqr,276534.5,399786.5
hsr_stations,2016-12-01,hsr_exit_taoyuan,473980.0,historical_seasonal_iqr,302047.0,396095.0
hsr_stations,2017-01-01,hsr_exit_taoyuan,479814.0,historical_seasonal_iqr,272179.5,408231.5
hsr_stations,2017-02-01,hsr_exit_taoyuan,461641.0,historical_seasonal_iqr,327851.5,377719.5
hsr_stations,2017-03-01,hsr_exit_taoyuan,456367.0,historical_seasonal_iqr,292425.0,444609.0
hsr_stations,2017-04-01,hsr_exit_taoyuan,518716.0,historical_seasonal_iqr,314608.0,404472.0
hsr_stations,2017-05-01,hsr_exit_taoyuan,496075.0,historical_seasonal_iqr,294446.5,429898.5
hsr_stations,2017-06-01,hsr_exit_taoyuan,454700.0,historical_seasonal_iqr,321328.5,406532.5
hsr_stations,2017-07-01,hsr_exit_taoyuan,491807.0,historical_seasonal_iqr,346482.5,411574.5
hsr_stations,2017-08-01,hsr_exit_taoyuan,507454.0,historical_seasonal_iqr,345516.0,401756.0
hsr_stations,2017-09-01,hsr_exit_taoyuan,458170.0,historical_seasonal_iqr,334176.5,382060.5
hsr_stations,2017-10-01,hsr_exit_taoyuan,525040.0,historical_seasonal_iqr,287129.5,458285.5
hsr_stations,2017-11-01,hsr_exit_taoyuan,482712.0,historical_seasonal_iqr,299471.0,424839.0
hsr_stations,2017-12-01,hsr_exit_taoyuan,575202.0,historical_seasonal_iqr,217601.5,561229.5
hsr_stations,2018-04-01,hsr_exit_taoyuan,543891.0,historical_seasonal_iqr,263175.0,515031.0
hsr_stations,2018-05-01,hsr_exit_taoyuan,524252.0,historical_seasonal_iqr,270720.0,512048.0
hsr_stations,2018-06-01,hsr_exit_taoyuan,523518.0,historical_seasonal_iqr,266505.0,521073.0
hsr_stations,2018-07-01,hsr_exit_taoyuan,537570.0,historical_seasonal_iqr,283421.5,533817.5
hsr_stations,2018-08-01,hsr_exit_taoyuan,543528.0,historical_seasonal_iqr,282684.5,528920.5
hsr_stations,2018-09-01,hsr_exit_taoyuan,523970.0,historical_seasonal_iqr,277507.0,497395.0
hsr_stations,2019-06-01,hsr_exit_taoyuan,605251.0,historical_seasonal_iqr,254402.5,574878.5
hsr_stations,2020-01-01,hsr_exit_taoyuan,658083.0,historical_seasonal_iqr,316196.0,631548.0
hsr_stations,2021-05-01,hsr_exit_taoyuan,260170.0,historical_seasonal_iqr,267497.0,678305.0
hsr_stations,2021-06-01,hsr_exit_taoyuan,69155.0,historical_seasonal_iqr,278748.0,670380.0
hsr_stations,2021-07-01,hsr_exit_taoyuan,123924.0,historical_seasonal_iqr,379170.0,632610.0
hsr_stations,2021-08-01,hsr_exit_taoyuan,223253.0,historical_seasonal_iqr,414295.0,662719.0
hsr_stations,2021-09-01,hsr_exit_taoyuan,284699.0,historical_seasonal_iqr,353476.0,632660.0
hsr_stations,2021-10-01,hsr_exit_taoyuan,395546.0,historical_seasonal_iqr,415025.5,708397.5
hsr_stations,2022-01-01,hsr_exit_taoyuan,370196.0,historical_seasonal_iqr,388464.0,632064.0
hsr_stations,2022-04-01,hsr_exit_taoyuan,396864.0,historical_seasonal_iqr,480953.5,581653.5
hsr_stations,2022-12-01,hsr_exit_taoyuan,690573.0,historical_seasonal_iqr,537307.5,638359.5
hsr_stations,2023-01-01,hsr_exit_taoyuan,684488.0,historical_seasonal_iqr,367391.5,644707.5
hsr_stations,2023-03-01,hsr_exit_taoyuan,647702.0,historical_seasonal_iqr,381814.5,614202.5
hsr_stations,2023-07-01,hsr_exit_taoyuan,709798.0,historical_seasonal_iqr,379170.0,632610.0
hsr_stations,2023-08-01,hsr_exit_taoyuan,729109.0,historical_seasonal_iqr,471572.5,628352.5
hsr_stations,2023-09-01,hsr_exit_taoyuan,674358.0,historical_seasonal_iqr,477088.5,558492.5
hsr_stations,2023-10-01,hsr_exit_taoyuan,750401.0,historical_seasonal_iqr,450853.0,686901.0
hsr_stations,2023-11-01,hsr_exit_taoyuan,713133.0,historical_seasonal_iqr,493590.0,635654.0
hsr_stations,2024-03-01,hsr_exit_taoyuan,745420.0,historical_seasonal_iqr,332178.0,696930.0
hsr_stations,2024-08-01,hsr_exit_taoyuan,785642.0,historical_seasonal_iqr,438653.5,683217.5
hsr_stations,2024-09-01,hsr_exit_taoyuan,746162.0,historical_seasonal_iqr,402157.5,683377.5
hsr_stations,2024-11-01,hsr_exit_taoyuan,777115.0,historical_seasonal_iqr,517960.5,646468.5
hsr_stations,2011-04-01,hsr_exit_hsinchu,306599.0,historical_seasonal_iqr,61006.125,299497.125
hsr_stations,2011-06-01,hsr_exit_hsinchu,304646.0,historical_seasonal_iqr,93655.75,283401.75
hsr_stations,2011-07-01,hsr_exit_hsinchu,336123.0,historical_seasonal_iqr,91660.25,331564.25
hsr_stations,2011-09-01,hsr_exit_hsinchu,321135.0,historical_seasonal_iqr,99667.0,284009.0
hsr_stations,2011-10-01,hsr_exit_hsinchu,335285.0,historical_seasonal_iqr,118118.0,311818.0
hsr_stations,2011-11-01,hsr_exit_hsinchu,327030.0,historical_seasonal_iqr,105721.125,318792.125
hsr_stations,2012-06-01,hsr_exit_hsinchu,345558.0,historical_seasonal_iqr,108292.5,343168.5
hsr_stations,2012-07-01,hsr_exit_hsinchu,371773.0,historical_seasonal_iqr,129936.5,355020.5
hsr_stations,2012-09-01,hsr_exit_hsinchu,360851.0,historical_seasonal_iqr,104704.0,350432.0
hsr_stations,2012-10-01,hsr_exit_hsinchu,373333.0,historical_seasonal_iqr,137621.0,364069.0
hsr_stations,2013-03-01,hsr_exit_hsinchu,470799.0,historical_seasonal_iqr,70729.0,421161.0
hsr_stations,2016-02-01,hsr_exit_hsinchu,399454.0,historical_seasonal_iqr,278738.5,387398.5
hsr_stations,2016-05-01,hsr_exit_hsinchu,418620.0,historical_seasonal_iqr,305363.0,418243.0
hsr_stations,2016-07-01,hsr_exit_hsinchu,421824.0,historical_seasonal_iqr,350863.0,406623.0
hsr_stations,2016-10-01,hsr_exit_hsinchu,438674.0,historical_seasonal_iqr,346280.5,418420.5
hsr_stations,2016-11-01,hsr_exit_hsinchu,427272.0,historical_seasonal_iqr,336366.5,414562.5
hsr_stations,2016-12-01,hsr_exit_hsinchu,464315.0,historical_seasonal_iqr,366078.0,408062.0
hsr_stations,2017-01-01,hsr_exit_hsinchu,429126.0,historical_seasonal_iqr,315269.0,418285.0
hsr_stations,2017-04-01,hsr_exit_hsinchu,448802.0,historical_seasonal_iqr,342416.5,410716.5
hsr_stations,2017-05-01,hsr_exit_hsinchu,464864.0,historical_seasonal_iqr,340029.0,433629.0
hsr_stations,2017-06-01,hsr_exit_hsinchu,426835.0,historical_seasonal_iqr,346466.5,414222.5
hsr_stations,2017-07-01,hsr_exit_hsinchu,462299.0,historical_seasonal_iqr,362700.0,423596.0
hsr_stations,2017-08-01,hsr_exit_hsinchu,481883.0,historical_seasonal_iqr,388649.5,403997.5
hsr_stations,2017-09-01,hsr_exit_hsinchu,444292.0,historical_seasonal_iqr,353265.0,406593.0
hsr_stations,2017-10-01,hsr_exit_hsinchu,480953.0,historical_seasonal_iqr,328597.5,451769.5
hsr_stations,2017-11-01,hsr_exit_hsinchu,466716.0,historical_seasonal_iqr,319183.0,454479.0
hsr_stations,2017-12-01,hsr_exit_hsinchu,509283.0,historical_seasonal_iqr,323463.0,485055.0
hsr_stations,2018-04-01,hsr_exit_hsinchu,485094.0,historical_seasonal_iqr,313261.0,461941.0
hsr_stations,2018-05-01,hsr_exit_hsinchu,495285.0,historical_seasonal_iqr,311852.5,482680.5
hsr_stations,2018-06-01,hsr_exit_hsinchu,488124.0,historical_seasonal_iqr,322733.5,455121.5
hsr_stations,2018-07-01,hsr_exit_hsinchu,506874.0,historical_seasonal_iqr,331546.5,475990.5
hsr_stations,2018-08-01,hsr_exit_hsinchu,519584.0,historical_seasonal_iqr,341733.5,490105.5
hsr_stations,2018-09-01,hsr_exit_hsinchu,499372.0,historical_seasonal_iqr,350279.5,421763.5
hsr_stations,2018-11-01,hsr_exit_hsinchu,512413.0,historical_seasonal_iqr,322189.5,490321.5
hsr_stations,2019-01-01,hsr_exit_hsinchu,511428.0,historical_seasonal_iqr,305446.0,503334.0
hsr_stations,2019-03-01,hsr_exit_hsinchu,524723.0,historical_seasonal_iqr,339105.0,513713.0
hsr_stations,2019-06-01,hsr_exit_hsinchu,521620.0,historical_seasonal_iqr,331782.5,483866.5
hsr_stations,2021-05-01,hsr_exit_hsinchu,268234.0,historical_seasonal_iqr,303622.5,610282.5
hsr_stations,2021-06-01,hsr_exit_hsinchu,53490.0,historical_seasonal_iqr,330704.0,582576.0
hsr_stations,2021-07-01,hsr_exit_hsinchu,103489.0,historical_seasonal_iqr,395436.5,573736.5
hsr_stations,2021-08-01,hsr_exit_hsinchu,202545.0,historical_seasonal_iqr,410226.5,601310.5
hsr_stations,2021-09-01,hsr_exit_hsinchu,274772.0,historical_seasonal_iqr,359227.0,586067.0
hsr_stations,2021-10-01,hsr_exit_hsinchu,370534.0,historical_seasonal_iqr,381000.5,647540.5
hsr_stations,2022-01-01,hsr_exit_hsinchu,395780.0,historical_seasonal_iqr,415683.0,568875.0
hsr_stations,2022-06-01,hsr_exit_hsinchu,316026.0,historical_seasonal_iqr,330704.0,582576.0
hsr_stations,2023-02-01,hsr_exit_hsinchu,522262.0,historical_seasonal_iqr,341787.5,475311.5
hsr_stations,2023-09-01,hsr_exit_hsinchu,579728.0,historical_seasonal_iqr,432534.5,542082.5
hsr_stations,2023-10-01,hsr_exit_hsinchu,610679.0,historical_seasonal_iqr,450820.5,605648.5
hsr_stations,2023-11-01,hsr_exit_hsinchu,603414.0,historical_seasonal_iqr,477488.5,570620.5
hsr_stations,2023-12-01,hsr_exit_hsinchu,640051.0,historical_seasonal_iqr,487135.0,625239.0
hsr_stations,2024-01-01,hsr_exit_hsinchu,612165.0,historical_seasonal_iqr,425467.0,569051.0
hsr_stations,2024-02-01,hsr_exit_hsinchu,546641.0,historical_seasonal_iqr,319191.5,512971.5
hsr_stations,2024-03-01,hsr_exit_hsinchu,626735.0,historical_seasonal_iqr,408208.0,594632.0
hsr_stations,2024-08-01,hsr_exit_hsinchu,655836.0,historical_seasonal_iqr,397398.5,615578.5
hsr_stations,2024-09-01,hsr_exit_hsinchu,635078.0,historical_seasonal_iqr,399650.0,596890.0
hsr_stations,2024-11-01,hsr_exit_hsinchu,646068.0,historical_seasonal_iqr,513911.5,560899.5
hsr_stations,2024-12-01,hsr_exit_hsinchu,683760.0,historical_seasonal_iqr,530341.0,607877.0
hsr_stations,2019-02-01,hsr_exit_miaoli,81495.0,historical_seasonal_iqr,47998.25,72696.25
hsr_stations,2019-10-01,hsr_exit_miaoli,82401.0,historical_seasonal_iqr,50351.25,81281.25
hsr_stations,2020-01-01,hsr_exit_miaoli,93507.0,historical_seasonal_iqr,51601.625,74938.625
hsr_stations,2020-10-01,hsr_exit_miaoli,86761.0,historical_seasonal_iqr,53484.0,85380.0
hsr_stations,2021-06-01,hsr_exit_miaoli,9057.0,historical_seasonal_iqr,29771.5,93391.5
hsr_stations,2021-07-01,hsr_exit_miaoli,19135.0,historical_seasonal_iqr,40587.0,92795.0
hsr_stations,2021-08-01,hsr_exit_miaoli,33733.0,historical_seasonal_iqr,40559.5,100195.5
hsr_stations,2022-05-01,hsr_exit_miaoli,41207.0,historical_seasonal_iqr,41456.5,87668.5
hsr_stations,2022-12-01,hsr_exit_miaoli,91617.0,historical_seasonal_iqr,78858.0,89138.0
hsr_stations,2023-01-01,hsr_exit_miaoli,93279.0,historical_seasonal_iqr,57039.0,79639.0
hsr_stations,2023-02-01,hsr_exit_miaoli,85900.0,historical_seasonal_iqr,48861.5,85433.5
hsr_stations,2023-07-01,hsr_exit_miaoli,89024.0,historical_seasonal_iqr,51609.5,86181.5
hsr_stations,2023-08-01,hsr_exit_miaoli,92389.0,historical_seasonal_iqr,61152.0,87840.0
hsr_stations,2023-09-01,hsr_exit_miaoli,93175.0,historical_seasonal_iqr,68815.5,75979.5
hsr_stations,2023-11-01,hsr_exit_miaoli,93709.0,historical_seasonal_iqr,67409.0,91929.0
hsr_stations,2023-12-01,hsr_exit_miaoli,102339.0,historical_seasonal_iqr,79958.5,90378.5
hsr_stations,2024-03-01,hsr_exit_miaoli,105187.0,historical_seasonal_iqr,59989.0,91429.0
hsr_stations,2024-08-01,hsr_exit_miaoli,102203.0,historical_seasonal_iqr,59248.5,91612.5
hsr_stations,2024-09-01,hsr_exit_miaoli,99430.0,historical_seasonal_iqr,64358.0,88126.0
hsr_stations,2024-11-01,hsr_exit_miaoli,106906.0,historical_seasonal_iqr,80270.0,84726.0
hsr_stations,2024-12-01,hsr_exit_miaoli,108556.0,historical_seasonal_iqr,75782.0,101118.0
hsr_stations,2025-10-01,hsr_exit_miaoli,121631.0,historical_seasonal_iqr,58056.0,116680.0
hsr_stations,2025-11-01,hsr_exit_miaoli,114669.0,historical_seasonal_iqr,64289.0,111361.0
hsr_stations,2026-04-01,hsr_exit_miaoli,128581.0,historical_seasonal_iqr,68421.0,115861.0
hsr_stations,2011-04-01,hsr_exit_taichung,616977.0,historical_seasonal_iqr,234271.0,611983.0
hsr_stations,2011-09-01,hsr_exit_taichung,626842.0,historical_seasonal_iqr,257758.5,571426.5
hsr_stations,2011-10-01,hsr_exit_taichung,671163.0,historical_seasonal_iqr,315894.5,640720.5
hsr_stations,2011-11-01,hsr_exit_taichung,643065.0,historical_seasonal_iqr,313621.625,627138.625
hsr_stations,2012-07-01,hsr_exit_taichung,705241.0,historical_seasonal_iqr,366295.5,664787.5
hsr_stations,2012-09-01,hsr_exit_taichung,689504.0,historical_seasonal_iqr,304369.0,629817.0
hsr_stations,2012-10-01,hsr_exit_taichung,700123.0,historical_seasonal_iqr,406488.0,648288.0
hsr_stations,2012-11-01,hsr_exit_taichung,700285.0,historical_seasonal_iqr,363570.0,668266.0
hsr_stations,2013-03-01,hsr_exit_taichung,778574.0,historical_seasonal_iqr,275039.0,773983.0
hsr_stations,2015-10-01,hsr_exit_taichung,811846.0,historical_seasonal_iqr,590235.0,806043.0
hsr_stations,2016-02-01,hsr_exit_taichung,780734.0,historical_seasonal_iqr,524307.5,780615.5
hsr_stations,2016-07-01,hsr_exit_taichung,824217.0,historical_seasonal_iqr,637081.0,818841.0
hsr_stations,2016-12-01,hsr_exit_taichung,910569.0,historical_seasonal_iqr,678583.5,832107.5
hsr_stations,2017-01-01,hsr_exit_taichung,878365.0,historical_seasonal_iqr,609347.0,818179.0
hsr_stations,2017-03-01,hsr_exit_taichung,879076.0,historical_seasonal_iqr,699976.0,834008.0
hsr_stations,2017-04-01,hsr_exit_taichung,872158.0,historical_seasonal_iqr,624382.0,870630.0
hsr_stations,2017-08-01,hsr_exit_taichung,896140.0,historical_seasonal_iqr,724333.0,824645.0
hsr_stations,2017-12-01,hsr_exit_taichung,966045.0,historical_seasonal_iqr,644885.0,923285.0
hsr_stations,2018-03-01,hsr_exit_taichung,925148.0,historical_seasonal_iqr,740745.5,841621.5
hsr_stations,2018-04-01,hsr_exit_taichung,940867.0,historical_seasonal_iqr,632170.0,920370.0
hsr_stations,2018-05-01,hsr_exit_taichung,904421.0,historical_seasonal_iqr,683454.0,889198.0
hsr_stations,2018-06-01,hsr_exit_taichung,898340.0,historical_seasonal_iqr,611170.0,895626.0
hsr_stations,2018-08-01,hsr_exit_taichung,933984.0,historical_seasonal_iqr,690649.5,910781.5
hsr_stations,2018-09-01,hsr_exit_taichung,905381.0,historical_seasonal_iqr,683492.5,823440.5
hsr_stations,2018-11-01,hsr_exit_taichung,954543.0,historical_seasonal_iqr,670796.5,925776.5
hsr_stations,2019-02-01,hsr_exit_taichung,896694.0,historical_seasonal_iqr,682181.5,856849.5
hsr_stations,2019-06-01,hsr_exit_taichung,948986.0,historical_seasonal_iqr,701521.5,857853.5
hsr_stations,2019-09-01,hsr_exit_taichung,943903.0,historical_seasonal_iqr,704485.5,879777.5
hsr_stations,2020-02-01,hsr_exit_taichung,660251.0,historical_seasonal_iqr,688412.0,934604.0
hsr_stations,2020-03-01,hsr_exit_taichung,574851.0,historical_seasonal_iqr,621760.5,1107180.5
hsr_stations,2020-04-01,hsr_exit_taichung,481476.0,historical_seasonal_iqr,619437.0,1133725.0
hsr_stations,2020-05-01,hsr_exit_taichung,616615.0,historical_seasonal_iqr,673478.5,1042986.5
hsr_stations,2021-05-01,hsr_exit_taichung,454425.0,historical_seasonal_iqr,673478.5,1042986.5
hsr_stations,2021-06-01,hsr_exit_taichung,85793.0,historical_seasonal_iqr,624877.5,1062417.5
hsr_stations,2021-07-01,hsr_exit_taichung,189469.0,historical_seasonal_iqr,704883.0,1025475.0
hsr_stations,2021-08-01,hsr_exit_taichung,365665.0,historical_seasonal_iqr,829141.5,996889.5
hsr_stations,2021-09-01,hsr_exit_taichung,492274.0,historical_seasonal_iqr,677036.0,1042388.0
hsr_stations,2021-10-01,hsr_exit_taichung,690763.0,historical_seasonal_iqr,905895.5,939859.5
hsr_stations,2022-01-01,hsr_exit_taichung,714200.0,historical_seasonal_iqr,737592.5,1030076.5
hsr_stations,2022-04-01,hsr_exit_taichung,650337.0,historical_seasonal_iqr,769094.5,1043930.5
hsr_stations,2022-08-01,hsr_exit_taichung,809491.0,historical_seasonal_iqr,829141.5,996889.5
hsr_stations,2022-10-01,hsr_exit_taichung,901498.0,historical_seasonal_iqr,905895.5,939859.5
hsr_stations,2023-10-01,hsr_exit_taichung,1081174.0,historical_seasonal_iqr,863060.5,965560.5
hsr_stations,2023-11-01,hsr_exit_taichung,1077220.0,historical_seasonal_iqr,846200.5,1019548.5
hsr_stations,2023-12-01,hsr_exit_taichung,1164234.0,historical_seasonal_iqr,857202.0,1131186.0
hsr_stations,2024-11-01,hsr_exit_taichung,1153362.0,historical_seasonal_iqr,809378.5,1080918.5
hsr_stations,2024-12-01,hsr_exit_taichung,1218638.0,historical_seasonal_iqr,821868.0,1190076.0
hsr_stations,2019-06-01,hsr_exit_changhua,60471.0,historical_seasonal_iqr,32291.0,59231.0
hsr_stations,2020-01-01,hsr_exit_changhua,80351.0,historical_seasonal_iqr,42262.75,60774.75
hsr_stations,2020-02-01,hsr_exit_changhua,42783.0,historical_seasonal_iqr,49077.125,83272.125
hsr_stations,2020-04-01,hsr_exit_changhua,36185.0,historical_seasonal_iqr,37953.125,78776.125
hsr_stations,2020-05-01,hsr_exit_changhua,44117.0,historical_seasonal_iqr,45518.25,60304.25
hsr_stations,2021-06-01,hsr_exit_changhua,6802.0,historical_seasonal_iqr,22806.5,75450.5
hsr_stations,2021-07-01,hsr_exit_changhua,15899.0,historical_seasonal_iqr,39187.5,62511.5
hsr_stations,2021-08-01,hsr_exit_changhua,27041.0,historical_seasonal_iqr,39522.5,67742.5
hsr_stations,2022-12-01,hsr_exit_changhua,66362.0,historical_seasonal_iqr,59108.5,62184.5
hsr_stations,2023-01-01,hsr_exit_changhua,78837.0,historical_seasonal_iqr,47326.5,56906.5
hsr_stations,2023-03-01,hsr_exit_changhua,67872.0,historical_seasonal_iqr,52074.5,57766.5
hsr_stations,2023-07-01,hsr_exit_changhua,66483.0,historical_seasonal_iqr,39272.5,62460.5
hsr_stations,2023-08-01,hsr_exit_changhua,68767.0,historical_seasonal_iqr,45797.5,63977.5
hsr_stations,2023-09-01,hsr_exit_changhua,68742.0,historical_seasonal_iqr,43832.0,65200.0
hsr_stations,2023-11-01,hsr_exit_changhua,68265.0,historical_seasonal_iqr,49554.5,66702.5
hsr_stations,2023-12-01,hsr_exit_changhua,75583.0,historical_seasonal_iqr,59417.5,63077.5
hsr_stations,2024-03-01,hsr_exit_changhua,79480.0,historical_seasonal_iqr,45675.5,68431.5
hsr_stations,2024-08-01,hsr_exit_changhua,75377.0,historical_seasonal_iqr,43664.5,67532.5
hsr_stations,2024-09-01,hsr_exit_changhua,73042.0,historical_seasonal_iqr,39365.0,72645.0
hsr_stations,2024-10-01,hsr_exit_changhua,73231.0,historical_seasonal_iqr,51324.0,71660.0
hsr_stations,2024-11-01,hsr_exit_changhua,76042.0,historical_seasonal_iqr,48293.0,68805.0
hsr_stations,2024-12-01,hsr_exit_changhua,75599.0,historical_seasonal_iqr,52432.0,74720.0
hsr_stations,2025-10-01,hsr_exit_changhua,94746.0,historical_seasonal_iqr,40450.5,89782.5
hsr_stations,2026-02-01,hsr_exit_changhua,96151.0,historical_seasonal_iqr,47080.0,79544.0
hsr_stations,2026-04-01,hsr_exit_changhua,94535.0,historical_seasonal_iqr,51698.0,92098.0
hsr_stations,2019-06-01,hsr_exit_yunlin,115070.0,historical_seasonal_iqr,63726.5,112002.5
hsr_stations,2019-10-01,hsr_exit_yunlin,122079.0,historical_seasonal_iqr,85068.0,121744.0
hsr_stations,2020-01-01,hsr_exit_yunlin,147806.0,historical_seasonal_iqr,72253.25,121971.25
hsr_stations,2021-06-01,hsr_exit_yunlin,12174.0,historical_seasonal_iqr,49595.0,138203.0
hsr_stations,2021-07-01,hsr_exit_yunlin,28207.0,historical_seasonal_iqr,82920.5,115532.5
hsr_stations,2021-08-01,hsr_exit_yunlin,52547.0,historical_seasonal_iqr,78506.5,130014.5
hsr_stations,2022-12-01,hsr_exit_yunlin,122744.0,historical_seasonal_iqr,107030.0,122142.0
hsr_stations,2023-01-01,hsr_exit_yunlin,141172.0,historical_seasonal_iqr,83390.0,114350.0
hsr_stations,2023-03-01,hsr_exit_yunlin,125819.0,historical_seasonal_iqr,97419.5,110623.5
hsr_stations,2023-07-01,hsr_exit_yunlin,125868.0,historical_seasonal_iqr,71760.5,122228.5
hsr_stations,2023-08-01,hsr_exit_yunlin,130786.0,historical_seasonal_iqr,84474.0,126434.0
hsr_stations,2023-09-01,hsr_exit_yunlin,131123.0,historical_seasonal_iqr,88560.5,119180.5
hsr_stations,2023-11-01,hsr_exit_yunlin,128312.0,historical_seasonal_iqr,98970.5,124830.5
hsr_stations,2023-12-01,hsr_exit_yunlin,141038.0,historical_seasonal_iqr,110727.5,120091.5
hsr_stations,2024-03-01,hsr_exit_yunlin,150929.0,historical_seasonal_iqr,87812.0,128068.0
hsr_stations,2024-08-01,hsr_exit_yunlin,142478.0,historical_seasonal_iqr,81726.0,131014.0
hsr_stations,2024-10-01,hsr_exit_yunlin,149470.0,historical_seasonal_iqr,102489.0,133833.0
hsr_stations,2024-11-01,hsr_exit_yunlin,140993.0,historical_seasonal_iqr,96317.0,130557.0
hsr_stations,2024-12-01,hsr_exit_yunlin,145786.0,historical_seasonal_iqr,107071.5,132147.5
hsr_stations,2025-10-01,hsr_exit_yunlin,181153.0,historical_seasonal_iqr,79005.0,172973.0
hsr_stations,2026-02-01,hsr_exit_yunlin,165644.0,historical_seasonal_iqr,93790.5,141490.5
hsr_stations,2011-09-01,hsr_exit_chiayi,168362.0,historical_seasonal_iqr,80014.75,162396.75
hsr_stations,2012-03-01,hsr_exit_chiayi,184666.0,historical_seasonal_iqr,97731.0,176707.0
hsr_stations,2012-07-01,hsr_exit_chiayi,186678.0,historical_seasonal_iqr,129509.0,178301.0
hsr_stations,2012-09-01,hsr_exit_chiayi,176936.0,historical_seasonal_iqr,97445.5,167089.5
hsr_stations,2012-10-01,hsr_exit_chiayi,177044.0,historical_seasonal_iqr,148226.0,156418.0
hsr_stations,2012-11-01,hsr_exit_chiayi,178412.0,historical_seasonal_iqr,126193.5,170277.5
hsr_stations,2013-03-01,hsr_exit_chiayi,202377.0,historical_seasonal_iqr,122527.5,176379.5
hsr_stations,2013-05-01,hsr_exit_chiayi,188970.0,historical_seasonal_iqr,139692.5,179152.5
hsr_stations,2013-08-01,hsr_exit_chiayi,195061.0,historical_seasonal_iqr,139420.0,179548.0
hsr_stations,2014-01-01,hsr_exit_chiayi,217815.0,historical_seasonal_iqr,127906.5,203774.5
hsr_stations,2014-05-01,hsr_exit_chiayi,204282.0,historical_seasonal_iqr,150044.5,185352.5
hsr_stations,2015-02-01,hsr_exit_chiayi,238578.0,historical_seasonal_iqr,156729.0,221841.0
hsr_stations,2015-10-01,hsr_exit_chiayi,199002.0,historical_seasonal_iqr,174669.5,180801.5
hsr_stations,2016-07-01,hsr_exit_chiayi,207668.0,historical_seasonal_iqr,175708.5,204960.5
hsr_stations,2016-12-01,hsr_exit_chiayi,220785.0,historical_seasonal_iqr,170018.5,205446.5
hsr_stations,2017-03-01,hsr_exit_chiayi,219325.0,historical_seasonal_iqr,183515.0,207643.0
hsr_stations,2017-05-01,hsr_exit_chiayi,229660.0,historical_seasonal_iqr,166002.0,227250.0
hsr_stations,2017-07-01,hsr_exit_chiayi,212496.0,historical_seasonal_iqr,183908.5,209040.5
hsr_stations,2017-08-01,hsr_exit_chiayi,218521.0,historical_seasonal_iqr,190889.5,197981.5
hsr_stations,2017-10-01,hsr_exit_chiayi,236558.0,historical_seasonal_iqr,147752.0,229752.0
hsr_stations,2017-12-01,hsr_exit_chiayi,236777.0,historical_seasonal_iqr,180067.0,206187.0
hsr_stations,2018-02-01,hsr_exit_chiayi,275793.0,historical_seasonal_iqr,171295.0,260167.0
hsr_stations,2018-03-01,hsr_exit_chiayi,261894.0,historical_seasonal_iqr,183964.5,213424.5
hsr_stations,2018-04-01,hsr_exit_chiayi,250509.0,historical_seasonal_iqr,184886.5,248018.5
hsr_stations,2018-05-01,hsr_exit_chiayi,225170.0,historical_seasonal_iqr,185516.5,220680.5
hsr_stations,2018-06-01,hsr_exit_chiayi,222943.0,historical_seasonal_iqr,166657.0,215065.0
hsr_stations,2018-08-01,hsr_exit_chiayi,228444.0,historical_seasonal_iqr,189340.0,204596.0
hsr_stations,2018-09-01,hsr_exit_chiayi,224092.0,historical_seasonal_iqr,188558.5,196786.5
hsr_stations,2018-11-01,hsr_exit_chiayi,229759.0,historical_seasonal_iqr,186604.5,201328.5
hsr_stations,2019-06-01,hsr_exit_chiayi,235853.0,historical_seasonal_iqr,169841.0,218817.0
hsr_stations,2019-07-01,hsr_exit_chiayi,234114.0,historical_seasonal_iqr,180296.0,231816.0
hsr_stations,2019-09-01,hsr_exit_chiayi,231410.0,historical_seasonal_iqr,186733.0,199829.0
hsr_stations,2019-11-01,hsr_exit_chiayi,232642.0,historical_seasonal_iqr,176579.5,226647.5
hsr_stations,2020-01-01,hsr_exit_chiayi,298260.0,historical_seasonal_iqr,177166.0,223518.0
hsr_stations,2020-02-01,hsr_exit_chiayi,162190.0,historical_seasonal_iqr,167444.5,325832.5
hsr_stations,2020-03-01,hsr_exit_chiayi,140630.0,historical_seasonal_iqr,146702.5,285082.5
hsr_stations,2020-04-01,hsr_exit_chiayi,129187.0,historical_seasonal_iqr,185096.5,289756.5
hsr_stations,2020-05-01,hsr_exit_chiayi,154143.0,historical_seasonal_iqr,180980.0,251684.0
hsr_stations,2021-05-01,hsr_exit_chiayi,115976.0,historical_seasonal_iqr,159002.5,264870.5
hsr_stations,2021-06-01,hsr_exit_chiayi,21468.0,historical_seasonal_iqr,163053.0,258877.0
hsr_stations,2021-07-01,hsr_exit_chiayi,50623.0,historical_seasonal_iqr,184956.5,245520.5
hsr_stations,2021-08-01,hsr_exit_chiayi,91059.0,historical_seasonal_iqr,203636.5,243328.5
hsr_stations,2021-09-01,hsr_exit_chiayi,127302.0,historical_seasonal_iqr,146189.5,270833.5
hsr_stations,2021-10-01,hsr_exit_chiayi,170412.0,historical_seasonal_iqr,189263.0,269359.0
hsr_stations,2021-12-01,hsr_exit_chiayi,219162.0,historical_seasonal_iqr,223551.0,244911.0
hsr_stations,2022-04-01,hsr_exit_chiayi,176623.0,historical_seasonal_iqr,207029.0,276597.0
hsr_stations,2022-06-01,hsr_exit_chiayi,124239.0,historical_seasonal_iqr,136103.0,275047.0
hsr_stations,2022-07-01,hsr_exit_chiayi,177131.0,historical_seasonal_iqr,177564.0,249956.0
hsr_stations,2022-08-01,hsr_exit_chiayi,195789.0,historical_seasonal_iqr,203636.5,243328.5
hsr_stations,2023-01-01,hsr_exit_chiayi,269955.0,historical_seasonal_iqr,172861.0,226101.0
hsr_stations,2023-12-01,hsr_exit_chiayi,266724.0,historical_seasonal_iqr,221136.0,248936.0
hsr_stations,2024-03-01,hsr_exit_chiayi,283926.0,historical_seasonal_iqr,148700.0,283884.0
hsr_stations,2024-11-01,hsr_exit_chiayi,265859.0,historical_seasonal_iqr,193882.0,255898.0
hsr_stations,2024-12-01,hsr_exit_chiayi,274747.0,historical_seasonal_iqr,216124.5,257288.5
hsr_stations,2025-10-01,hsr_exit_chiayi,309874.0,historical_seasonal_iqr,184990.0,284414.0
hsr_stations,2026-02-01,hsr_exit_chiayi,315203.0,historical_seasonal_iqr,194414.0,253430.0
hsr_stations,2026-04-01,hsr_exit_chiayi,324761.0,historical_seasonal_iqr,199922.5,316718.5
hsr_stations,2011-09-01,hsr_exit_tainan,242882.0,historical_seasonal_iqr,115194.75,242190.75
hsr_stations,2011-10-01,hsr_exit_tainan,257645.0,historical_seasonal_iqr,149668.625,257635.625
hsr_stations,2012-07-01,hsr_exit_tainan,270109.0,historical_seasonal_iqr,186477.5,254633.5
hsr_stations,2012-09-01,hsr_exit_tainan,259208.0,historical_seasonal_iqr,145380.0,241308.0
hsr_stations,2012-10-01,hsr_exit_tainan,260387.0,historical_seasonal_iqr,200801.5,237237.5
hsr_stations,2012-11-01,hsr_exit_tainan,265605.0,historical_seasonal_iqr,184273.0,249217.0
hsr_stations,2013-08-01,hsr_exit_tainan,283882.0,historical_seasonal_iqr,184992.0,274896.0
hsr_stations,2014-04-01,hsr_exit_tainan,280765.0,historical_seasonal_iqr,202452.5,274112.5
hsr_stations,2014-05-01,hsr_exit_tainan,285821.0,historical_seasonal_iqr,200673.5,281501.5
hsr_stations,2015-02-01,hsr_exit_tainan,294293.0,historical_seasonal_iqr,211397.0,282405.0
hsr_stations,2016-07-01,hsr_exit_tainan,307675.0,historical_seasonal_iqr,250582.0,302654.0
hsr_stations,2016-10-01,hsr_exit_tainan,321308.0,historical_seasonal_iqr,232493.0,306877.0
hsr_stations,2016-12-01,hsr_exit_tainan,344860.0,historical_seasonal_iqr,262849.0,314481.0
hsr_stations,2017-01-01,hsr_exit_tainan,347126.0,historical_seasonal_iqr,272654.0,285230.0
hsr_stations,2017-03-01,hsr_exit_tainan,326181.0,historical_seasonal_iqr,261809.5,307349.5
hsr_stations,2017-05-01,hsr_exit_tainan,337249.0,historical_seasonal_iqr,240309.0,332133.0
hsr_stations,2017-07-01,hsr_exit_tainan,322169.0,historical_seasonal_iqr,258605.5,321257.5
hsr_stations,2017-08-01,hsr_exit_tainan,336436.0,historical_seasonal_iqr,270703.5,297427.5
hsr_stations,2017-09-01,hsr_exit_tainan,302336.0,historical_seasonal_iqr,253049.5,291565.5
hsr_stations,2017-10-01,hsr_exit_tainan,356509.0,historical_seasonal_iqr,236233.5,323701.5
hsr_stations,2017-11-01,hsr_exit_tainan,335950.0,historical_seasonal_iqr,264453.5,297865.5
hsr_stations,2017-12-01,hsr_exit_tainan,368132.0,historical_seasonal_iqr,239784.0,358752.0
hsr_stations,2018-02-01,hsr_exit_tainan,339905.0,historical_seasonal_iqr,243143.0,324983.0
hsr_stations,2018-03-01,hsr_exit_tainan,343013.0,historical_seasonal_iqr,260097.0,314177.0
hsr_stations,2018-04-01,hsr_exit_tainan,360128.0,historical_seasonal_iqr,236935.0,353815.0
hsr_stations,2018-05-01,hsr_exit_tainan,337795.0,historical_seasonal_iqr,258576.5,331228.5
hsr_stations,2018-08-01,hsr_exit_tainan,346460.0,historical_seasonal_iqr,248143.0,343447.0
hsr_stations,2018-09-01,hsr_exit_tainan,342458.0,historical_seasonal_iqr,247175.5,323043.5
hsr_stations,2018-11-01,hsr_exit_tainan,386240.0,historical_seasonal_iqr,244148.0,350956.0
hsr_stations,2019-02-01,hsr_exit_tainan,358138.0,historical_seasonal_iqr,271044.5,319888.5
hsr_stations,2019-06-01,hsr_exit_tainan,361496.0,historical_seasonal_iqr,269285.0,327181.0
hsr_stations,2019-09-01,hsr_exit_tainan,355260.0,historical_seasonal_iqr,235561.0,342401.0
hsr_stations,2020-03-01,hsr_exit_tainan,216804.0,historical_seasonal_iqr,220223.0,416687.0
hsr_stations,2020-04-01,hsr_exit_tainan,186659.0,historical_seasonal_iqr,234770.5,435342.5
hsr_stations,2020-05-01,hsr_exit_tainan,226039.0,historical_seasonal_iqr,253267.5,388511.5
hsr_stations,2021-05-01,hsr_exit_tainan,174067.0,historical_seasonal_iqr,253267.5,388511.5
hsr_stations,2021-06-01,hsr_exit_tainan,32490.0,historical_seasonal_iqr,245007.5,394787.5
hsr_stations,2021-07-01,hsr_exit_tainan,72743.0,historical_seasonal_iqr,292094.5,363666.5
hsr_stations,2021-08-01,hsr_exit_tainan,145970.0,historical_seasonal_iqr,321400.0,361496.0
hsr_stations,2021-09-01,hsr_exit_tainan,200953.0,historical_seasonal_iqr,242153.0,402641.0
hsr_stations,2021-10-01,hsr_exit_tainan,270418.0,historical_seasonal_iqr,312386.0,391114.0
hsr_stations,2022-04-01,hsr_exit_tainan,281501.0,historical_seasonal_iqr,285958.0,404630.0
hsr_stations,2022-06-01,hsr_exit_tainan,206740.0,historical_seasonal_iqr,211920.0,414640.0
hsr_stations,2022-12-01,hsr_exit_tainan,418201.0,historical_seasonal_iqr,353687.0,392207.0
hsr_stations,2023-03-01,hsr_exit_tainan,388491.0,historical_seasonal_iqr,306965.5,364641.5
hsr_stations,2023-08-01,hsr_exit_tainan,400821.0,historical_seasonal_iqr,312207.5,367011.5
hsr_stations,2023-10-01,hsr_exit_tainan,414052.0,historical_seasonal_iqr,308621.0,397389.0
hsr_stations,2023-12-01,hsr_exit_tainan,442422.0,historical_seasonal_iqr,348411.0,407643.0
hsr_stations,2024-03-01,hsr_exit_tainan,494517.0,historical_seasonal_iqr,282806.5,404906.5
hsr_stations,2024-08-01,hsr_exit_tainan,472062.0,historical_seasonal_iqr,305744.0,377784.0
hsr_stations,2024-09-01,hsr_exit_tainan,414970.0,historical_seasonal_iqr,260022.5,412402.5
hsr_stations,2024-10-01,hsr_exit_tainan,395949.0,historical_seasonal_iqr,342164.5,393968.5
hsr_stations,2024-11-01,hsr_exit_tainan,440251.0,historical_seasonal_iqr,297233.0,414409.0
hsr_stations,2025-10-01,hsr_exit_tainan,475739.0,historical_seasonal_iqr,310054.0,447486.0
hsr_stations,2012-07-01,hsr_exit_zuoying,661813.0,historical_seasonal_iqr,518910.0,619742.0
hsr_stations,2012-09-01,hsr_exit_zuoying,614822.0,historical_seasonal_iqr,391739.5,543399.5
hsr_stations,2012-10-01,hsr_exit_zuoying,619596.0,historical_seasonal_iqr,472024.0,607064.0
hsr_stations,2012-11-01,hsr_exit_zuoying,610195.0,historical_seasonal_iqr,504519.0,543759.0
hsr_stations,2012-12-01,hsr_exit_zuoying,689134.0,historical_seasonal_iqr,424916.0,649340.0
hsr_stations,2013-03-01,hsr_exit_zuoying,655467.0,historical_seasonal_iqr,436156.0,595124.0
hsr_stations,2013-05-01,hsr_exit_zuoying,632339.0,historical_seasonal_iqr,498224.5,593020.5
hsr_stations,2013-08-01,hsr_exit_zuoying,700277.0,historical_seasonal_iqr,524452.0,621100.0
hsr_stations,2014-01-01,hsr_exit_zuoying,667829.0,historical_seasonal_iqr,533132.0,605108.0
hsr_stations,2014-04-01,hsr_exit_zuoying,645674.0,historical_seasonal_iqr,512816.5,630916.5
hsr_stations,2014-05-01,hsr_exit_zuoying,673791.0,historical_seasonal_iqr,481000.5,647028.5
hsr_stations,2015-02-01,hsr_exit_zuoying,719813.0,historical_seasonal_iqr,565043.5,666591.5
hsr_stations,2016-07-01,hsr_exit_zuoying,727008.0,historical_seasonal_iqr,633365.5,709225.5
hsr_stations,2016-11-01,hsr_exit_zuoying,692125.0,historical_seasonal_iqr,569897.5,677357.5
hsr_stations,2016-12-01,hsr_exit_zuoying,751524.0,historical_seasonal_iqr,594096.5,746156.5
hsr_stations,2017-01-01,hsr_exit_zuoying,811726.0,historical_seasonal_iqr,520403.5,811479.5
hsr_stations,2017-03-01,hsr_exit_zuoying,741666.0,historical_seasonal_iqr,569927.0,706791.0
hsr_stations,2017-04-01,hsr_exit_zuoying,724013.0,historical_seasonal_iqr,603605.5,709865.5
hsr_stations,2017-05-01,hsr_exit_zuoying,757467.0,historical_seasonal_iqr,570161.0,735969.0
hsr_stations,2017-07-01,hsr_exit_zuoying,732622.0,historical_seasonal_iqr,672428.0,686676.0
hsr_stations,2017-08-01,hsr_exit_zuoying,787479.0,historical_seasonal_iqr,621834.5,747342.5
hsr_stations,2017-10-01,hsr_exit_zuoying,797569.0,historical_seasonal_iqr,593752.5,727516.5
hsr_stations,2017-11-01,hsr_exit_zuoying,721498.0,historical_seasonal_iqr,565074.0,703562.0
hsr_stations,2018-02-01,hsr_exit_zuoying,787392.0,historical_seasonal_iqr,609660.5,785720.5
hsr_stations,2018-03-01,hsr_exit_zuoying,732746.0,historical_seasonal_iqr,617123.5,686391.5
hsr_stations,2018-06-01,hsr_exit_zuoying,740053.0,historical_seasonal_iqr,608383.5,694891.5
hsr_stations,2018-09-01,hsr_exit_zuoying,748535.0,historical_seasonal_iqr,651920.0,677304.0
hsr_stations,2018-11-01,hsr_exit_zuoying,786908.0,historical_seasonal_iqr,554462.5,774722.5
hsr_stations,2019-01-01,hsr_exit_zuoying,765267.0,historical_seasonal_iqr,616083.5,754071.5
hsr_stations,2019-02-01,hsr_exit_zuoying,842951.0,historical_seasonal_iqr,609488.0,786008.0
hsr_stations,2019-04-01,hsr_exit_zuoying,805200.0,historical_seasonal_iqr,589025.5,805005.5
hsr_stations,2019-09-01,hsr_exit_zuoying,763846.0,historical_seasonal_iqr,651920.0,677304.0
hsr_stations,2020-01-01,hsr_exit_zuoying,913646.0,historical_seasonal_iqr,580674.5,876022.5
hsr_stations,2020-02-01,hsr_exit_zuoying,528661.0,historical_seasonal_iqr,618157.0,888933.0
hsr_stations,2020-03-01,hsr_exit_zuoying,453796.0,historical_seasonal_iqr,538541.0,863541.0
hsr_stations,2020-04-01,hsr_exit_zuoying,391799.0,historical_seasonal_iqr,589869.0,909653.0
hsr_stations,2020-05-01,hsr_exit_zuoying,474782.0,historical_seasonal_iqr,602419.5,850495.5
hsr_stations,2020-07-01,hsr_exit_zuoying,681863.0,historical_seasonal_iqr,688236.0,791628.0
hsr_stations,2021-05-01,hsr_exit_zuoying,373901.0,historical_seasonal_iqr,602419.5,850495.5
hsr_stations,2021-06-01,hsr_exit_zuoying,78085.0,historical_seasonal_iqr,546048.0,856456.0
hsr_stations,2021-07-01,hsr_exit_zuoying,166132.0,historical_seasonal_iqr,688236.0,791628.0
hsr_stations,2021-08-01,hsr_exit_zuoying,321264.0,historical_seasonal_iqr,701388.0,819700.0
hsr_stations,2021-09-01,hsr_exit_zuoying,425769.0,historical_seasonal_iqr,542550.0,872126.0
hsr_stations,2021-10-01,hsr_exit_zuoying,565922.0,historical_seasonal_iqr,679629.0,868333.0
hsr_stations,2022-04-01,hsr_exit_zuoying,553414.0,historical_seasonal_iqr,625431.5,888315.5
hsr_stations,2022-06-01,hsr_exit_zuoying,414693.0,historical_seasonal_iqr,453070.5,912242.5
hsr_stations,2022-08-01,hsr_exit_zuoying,676146.0,historical_seasonal_iqr,701388.0,819700.0
hsr_stations,2023-10-01,hsr_exit_zuoying,851818.0,historical_seasonal_iqr,726207.0,772591.0
hsr_stations,2024-11-01,hsr_exit_zuoying,880044.0,historical_seasonal_iqr,620329.0,867473.0
hsr_stations,2025-10-01,hsr_exit_zuoying,1003900.0,historical_seasonal_iqr,682482.0,845466.0
gdp,2010-04-01,gdp_per_capita_nominal_twd,149886.0,historical_seasonal_iqr,129746.5,149074.5
gdp,2010-05-01,gdp_per_capita_nominal_twd,149886.0,historical_seasonal_iqr,129746.5,149074.5
gdp,2010-06-01,gdp_per_capita_nominal_twd,149886.0,historical_seasonal_iqr,129746.5,149074.5
gdp,2010-07-01,gdp_per_capita_nominal_twd,155737.0,historical_seasonal_iqr,133930.25,153332.25
gdp,2010-08-01,gdp_per_capita_nominal_twd,155737.0,historical_seasonal_iqr,133930.25,153332.25
gdp,2010-09-01,gdp_per_capita_nominal_twd,155737.0,historical_seasonal_iqr,133930.25,153332.25
gdp,2013-04-01,gdp_per_capita_nominal_twd,159449.0,historical_seasonal_iqr,135601.0,158457.0
gdp,2013-05-01,gdp_per_capita_nominal_twd,159449.0,historical_seasonal_iqr,135601.0,158457.0
gdp,2013-06-01,gdp_per_capita_nominal_twd,159449.0,historical_seasonal_iqr,135601.0,158457.0
gdp,2013-10-01,gdp_per_capita_nominal_twd,171252.0,historical_seasonal_iqr,140403.5,163367.5
gdp,2013-11-01,gdp_per_capita_nominal_twd,171252.0,historical_seasonal_iqr,140403.5,163367.5
gdp,2013-12-01,gdp_per_capita_nominal_twd,171252.0,historical_seasonal_iqr,140403.5,163367.5
gdp,2014-01-01,gdp_per_capita_nominal_twd,165254.0,historical_seasonal_iqr,138147.5,163135.5
gdp,2014-02-01,gdp_per_capita_nominal_twd,165254.0,historical_seasonal_iqr,138147.5,163135.5
gdp,2014-03-01,gdp_per_capita_nominal_twd,165254.0,historical_seasonal_iqr,138147.5,163135.5
gdp,2014-04-01,gdp_per_capita_nominal_twd,169567.0,historical_seasonal_iqr,144606.5,158194.5
gdp,2014-05-01,gdp_per_capita_nominal_twd,169567.0,historical_seasonal_iqr,144606.5,158194.5
gdp,2014-06-01,gdp_per_capita_nominal_twd,169567.0,historical_seasonal_iqr,144606.5,158194.5
gdp,2014-07-01,gdp_per_capita_nominal_twd,176757.0,historical_seasonal_iqr,146951.5,170379.5
gdp,2014-08-01,gdp_per_capita_nominal_twd,176757.0,historical_seasonal_iqr,146951.5,170379.5
gdp,2014-09-01,gdp_per_capita_nominal_twd,176757.0,historical_seasonal_iqr,146951.5,170379.5
gdp,2014-10-01,gdp_per_capita_nominal_twd,183102.0,historical_seasonal_iqr,142701.0,174045.0
gdp,2014-11-01,gdp_per_capita_nominal_twd,183102.0,historical_seasonal_iqr,142701.0,174045.0
gdp,2014-12-01,gdp_per_capita_nominal_twd,183102.0,historical_seasonal_iqr,142701.0,174045.0
gdp,2015-01-01,gdp_per_capita_nominal_twd,179835.0,historical_seasonal_iqr,147162.0,163522.0
gdp,2015-02-01,gdp_per_capita_nominal_twd,179835.0,historical_seasonal_iqr,147162.0,163522.0
gdp,2015-03-01,gdp_per_capita_nominal_twd,179835.0,historical_seasonal_iqr,147162.0,163522.0
gdp,2015-04-01,gdp_per_capita_nominal_twd,177245.0,historical_seasonal_iqr,135541.5,173793.5
gdp,2015-05-01,gdp_per_capita_nominal_twd,177245.0,historical_seasonal_iqr,135541.5,173793.5
gdp,2015-06-01,gdp_per_capita_nominal_twd,177245.0,historical_seasonal_iqr,135541.5,173793.5
gdp,2015-07-01,gdp_per_capita_nominal_twd,182665.0,historical_seasonal_iqr,143836.5,179384.5
gdp,2015-08-01,gdp_per_capita_nominal_twd,182665.0,historical_seasonal_iqr,143836.5,179384.5
gdp,2015-09-01,gdp_per_capita_nominal_twd,182665.0,historical_seasonal_iqr,143836.5,179384.5
gdp,2016-01-01,gdp_per_capita_nominal_twd,183756.0,historical_seasonal_iqr,136531.5,182487.5
gdp,2016-02-01,gdp_per_capita_nominal_twd,183756.0,historical_seasonal_iqr,136531.5,182487.5
gdp,2016-03-01,gdp_per_capita_nominal_twd,183756.0,historical_seasonal_iqr,136531.5,182487.5
gdp,2019-04-01,gdp_per_capita_nominal_twd,196231.0,historical_seasonal_iqr,166952.0,194400.0
gdp,2019-05-01,gdp_per_capita_nominal_twd,196231.0,historical_seasonal_iqr,166952.0,194400.0
gdp,2019-06-01,gdp_per_capita_nominal_twd,196231.0,historical_seasonal_iqr,166952.0,194400.0
gdp,2020-01-01,gdp_per_capita_nominal_twd,200655.0,historical_seasonal_iqr,174061.5,199913.5
gdp,2020-02-01,gdp_per_capita_nominal_twd,200655.0,historical_seasonal_iqr,174061.5,199913.5
gdp,2020-03-01,gdp_per_capita_nominal_twd,200655.0,historical_seasonal_iqr,174061.5,199913.5
gdp,2020-07-01,gdp_per_capita_nominal_twd,216447.0,historical_seasonal_iqr,173070.0,209734.0
gdp,2020-08-01,gdp_per_capita_nominal_twd,216447.0,historical_seasonal_iqr,173070.0,209734.0
gdp,2020-09-01,gdp_per_capita_nominal_twd,216447.0,historical_seasonal_iqr,173070.0,209734.0
gdp,2020-10-01,gdp_per_capita_nominal_twd,229701.0,historical_seasonal_iqr,180954.0,217866.0
gdp,2020-11-01,gdp_per_capita_nominal_twd,229701.0,historical_seasonal_iqr,180954.0,217866.0
gdp,2020-12-01,gdp_per_capita_nominal_twd,229701.0,historical_seasonal_iqr,180954.0,217866.0
gdp,2021-01-01,gdp_per_capita_nominal_twd,225036.0,historical_seasonal_iqr,174850.0,205426.0
gdp,2021-02-01,gdp_per_capita_nominal_twd,225036.0,historical_seasonal_iqr,174850.0,205426.0
gdp,2021-03-01,gdp_per_capita_nominal_twd,225036.0,historical_seasonal_iqr,174850.0,205426.0
gdp,2021-04-01,gdp_per_capita_nominal_twd,224674.0,historical_seasonal_iqr,165921.0,214417.0
gdp,2021-05-01,gdp_per_capita_nominal_twd,224674.0,historical_seasonal_iqr,165921.0,214417.0
gdp,2021-06-01,gdp_per_capita_nominal_twd,224674.0,historical_seasonal_iqr,165921.0,214417.0
gdp,2021-07-01,gdp_per_capita_nominal_twd,229763.0,historical_seasonal_iqr,182246.0,214382.0
gdp,2021-08-01,gdp_per_capita_nominal_twd,229763.0,historical_seasonal_iqr,182246.0,214382.0
gdp,2021-09-01,gdp_per_capita_nominal_twd,229763.0,historical_seasonal_iqr,182246.0,214382.0
gdp,2021-10-01,gdp_per_capita_nominal_twd,248303.0,historical_seasonal_iqr,182493.5,229065.5
gdp,2021-11-01,gdp_per_capita_nominal_twd,248303.0,historical_seasonal_iqr,182493.5,229065.5
gdp,2021-12-01,gdp_per_capita_nominal_twd,248303.0,historical_seasonal_iqr,182493.5,229065.5
gdp,2022-01-01,gdp_per_capita_nominal_twd,241359.0,historical_seasonal_iqr,174565.0,216309.0
gdp,2022-02-01,gdp_per_capita_nominal_twd,241359.0,historical_seasonal_iqr,174565.0,216309.0
gdp,2022-03-01,gdp_per_capita_nominal_twd,241359.0,historical_seasonal_iqr,174565.0,216309.0
gdp,2022-04-01,gdp_per_capita_nominal_twd,238497.0,historical_seasonal_iqr,173899.5,219343.5
gdp,2022-05-01,gdp_per_capita_nominal_twd,238497.0,historical_seasonal_iqr,173899.5,219343.5
gdp,2022-06-01,gdp_per_capita_nominal_twd,238497.0,historical_seasonal_iqr,173899.5,219343.5
gdp,2024-10-01,gdp_per_capita_nominal_twd,292187.0,historical_seasonal_iqr,194805.0,287861.0
gdp,2024-11-01,gdp_per_capita_nominal_twd,292187.0,historical_seasonal_iqr,194805.0,287861.0
gdp,2024-12-01,gdp_per_capita_nominal_twd,292187.0,historical_seasonal_iqr,194805.0,287861.0
gdp,2025-01-01,gdp_per_capita_nominal_twd,285793.0,historical_seasonal_iqr,200551.5,265843.5
gdp,2025-02-01,gdp_per_capita_nominal_twd,285793.0,historical_seasonal_iqr,200551.5,265843.5
gdp,2025-03-01,gdp_per_capita_nominal_twd,285793.0,historical_seasonal_iqr,200551.5,265843.5
gdp,2025-04-01,gdp_per_capita_nominal_twd,293006.0,historical_seasonal_iqr,194449.0,275049.0
gdp,2025-05-01,gdp_per_capita_nominal_twd,293006.0,historical_seasonal_iqr,194449.0,275049.0
gdp,2025-06-01,gdp_per_capita_nominal_twd,293006.0,historical_seasonal_iqr,194449.0,275049.0
gdp,2025-07-01,gdp_per_capita_nominal_twd,305394.0,historical_seasonal_iqr,187818.5,299670.5
gdp,2025-08-01,gdp_per_capita_nominal_twd,305394.0,historical_seasonal_iqr,187818.5,299670.5
gdp,2025-09-01,gdp_per_capita_nominal_twd,305394.0,historical_seasonal_iqr,187818.5,299670.5
gdp,2025-10-01,gdp_per_capita_nominal_twd,345842.0,historical_seasonal_iqr,211590.5,309490.5
gdp,2025-11-01,gdp_per_capita_nominal_twd,345842.0,historical_seasonal_iqr,211590.5,309490.5
gdp,2025-12-01,gdp_per_capita_nominal_twd,345842.0,historical_seasonal_iqr,211590.5,309490.5
gdp,2026-01-01,gdp_per_capita_nominal_twd,342956.0,historical_seasonal_iqr,195455.0,302591.0
gdp,2026-02-01,gdp_per_capita_nominal_twd,342956.0,historical_seasonal_iqr,195455.0,302591.0
gdp,2026-03-01,gdp_per_capita_nominal_twd,342956.0,historical_seasonal_iqr,195455.0,302591.0
gdp,2026-04-01,gdp_per_capita_nominal_twd,345711.0,historical_seasonal_iqr,194077.5,312529.5
gdp,2026-05-01,gdp_per_capita_nominal_twd,345711.0,historical_seasonal_iqr,194077.5,312529.5
gdp,2026-06-01,gdp_per_capita_nominal_twd,345711.0,historical_seasonal_iqr,194077.5,312529.5
