,汽車客運概況,汽車客運期末營業里程(公里),汽車客運期末營業車輛(輛),汽車客運營業行車次數(班次),汽車客運營業行駛里程(車公里),汽車客運客運人數(人次),汽車客運延人公里(人公里),汽車客運客運收入(新臺幣元),市區客運期末營業里程(公里),市區客運期末營業車輛(輛),市區客運營業行車次數(班次),市區客運營業行駛里程(車公里),市區客運行駛延日車數(日輛),市區客運消耗油量(公升),市區客運客運人數(人次),市區客運平均每日人數(人次),市區客運延人公里(人公里),市區客運客運收入(新臺幣元),公路客運期末營業里程(公里),公路客運期末營業車輛(輛),公路客運營業行車次數(班次),公路客運營業行駛里程(車公里),公路客運客運人數(人次),公路客運延人公里(人公里),公路客運客運收入(新臺幣元)
日期,,,,,,,,,,,,,,,,,,,,,,,,,
080年,,43833.6,11730,43621361,913595048,1638097451,20548765123,22312431916,8071.8,4295,28700044,265910174,-,-,965191891,2644361,6528375982,8157103699,35761.8,7435,14921317,647684874,672905560,14020389141,14155328217
080年01月,,39721.5,11733,3836724,79092086,143898985,1741549385,1796773285,8027.8,4240,2512450,23221725,-,-,85103520,2745275,583411317,642631070,31693.7,7493,1324274,55870361,58795465,1158138068,1154142215
080年02月,,39943.1,11631,3176612,68646059,117147677,1572668111,1676076725,8078.3,4229,2067919,19089649,-,-,68167657,2434559,459438753,557933905,31864.8,7402,1108693,49556410,48980020,1113229358,1118142820
080年03月,,40472.9,11664,3656110,77233996,145779760,1793364914,1929254150,8146,4242,2370529,22154612,-,-,85658919,2763191,579631746,714110111,32326.9,7422,1285581,55079384,60120841,1213733168,1215144039
080年04月,,40411.9,11652,3526943,74618986,135773592,1701219046,1832648714,8011.4,4236,2289860,21366204,-,-,78349261,2611642,525509028,658040809,32400.5,7416,1237083,53252782,57424331,1175710018,1174607905
080年05月,,40138,11685,3718021,77229714,142949518,1738611851,1896949537,8012.1,4295,2444103,22750063,-,-,84655101,2730810,571957092,727638882,32125.9,7390,1273918,54479651,58294417,1166654759,1169310655
080年06月,,40122.1,11644,3538603,73963576,130105430,1632334344,1769931030,8025.9,4279,2331373,21651413,-,-,76039504,2534650,514749919,646197322,32096.2,7365,1207230,52312163,54065926,1117584425,1123733708
080年07月,,42094.4,11701,3658980,76902954,126820007,1665971451,1837327916,7978.5,4290,2449505,22654807,-,-,76895869,2480512,522966732,658173363,34115.9,7411,1209475,54248147,49924138,1143004719,1179154553
080年08月,,43586.9,11745,3693238,77388291,130495725,1708583868,1895592348,7944.8,4307,2454922,22647437,-,-,78507726,2532507,533110868,677294762,35642.1,7438,1238316,54740854,51987999,1175473000,1218297586
080年09月,,43742.6,11749,3593388,75357292,137863369,1711106444,1912743124,8033.2,4326,2362439,21806830,-,-,80153353,2671778,542495027,720089352,35709.4,7423,1230949,53550462,57710016,1168611417,1192653772
080年10月,,43769.9,11744,3723605,77495452,142447342,1770656093,1922370914,7997.3,4336,2449314,22616146,-,-,83696806,2699897,563293860,717464024,35772.6,7408,1274291,54879306,58750536,1207362233,1204906890
080年11月,,43754,11751,3704674,76578749,141343871,1745836438,1890057031,7993.5,4333,2455554,22720213,-,-,83518119,2783937,563654216,715251763,35760.5,7418,1249120,53858536,57825752,1182182222,1174805268
080年12月,,43833.6,11730,3794463,79087893,143472175,1766863178,1952707142,8071.8,4295,2512076,23231075,-,-,84446056,2724066,568157424,722278336,35761.8,7435,1282387,55856818,59026119,1198705754,1230428806
081年,,45560.4,11128,40932135,890940077,1549797062,19468754576,21770205073,8217.7,4301,27494983,255913131,-,116443079.6,936938254,2559941,6385374042,8148610943,37342.7,6827,13437152,635026946,612858808,13083380534,13621594130
081年01月,,44026.4,11712,3721972,78440232,136169820,1665003932,1862503789,8112,4317,2495560,23149565,-,9374328,81583101,2631713,550732225,700129511,35914.4,7395,1226412,55290667,54586719,1114271707,1162374278
081年02月,,44133.3,11681,3236190,71216595,115915030,1535494797,1702885728,8191.8,4309,2153520,19719470,-,7915717.2,69359077,2391692,450629442,591018351,35941.5,7372,1082670,51497125,46555953,1084865355,1111867377
081年03月,,44443.3,11663,3635943,78242523,142606535,1749172489,1950151365,8175.6,4310,2414742,22612513,-,9937207.4,85002650,2742021,578557357,734117481,36267.7,7353,1221201,55630010,57603885,1170615132,1216033884
081年04月,,46100.9,11698,3505784,74587934,130848196,1615768468,1797048207,8192.5,4325,2335692,21410618,-,9319140,77957961,2598599,519881582,671270364,37908.4,7373,1170092,53177316,52890235,1095886886,1125777843
081年05月,,45184.2,11617,3615731,76873440,138778604,1694193728,1884760283,8231.8,4259,2412090,22101006,-,10088231,83071135,2679714,554833723,717495771,36952.4,7358,1203641,54772434,55707469,1139360005,1167264512
081年06月,,45104.4,11637,3388253,73698345,126029310,1602940650,1789111985,8167.4,4296,2243254,21013496,-,9901922,75296477,2509883,515534857,659034871,36937,7341,1144999,52684849,50732833,1087405793,1130077114
081年07月,,44048.1,11512,3427662,74908122,123012817,1642299456,1830664323,8254.1,4268,2281193,21350927,-,10560173,75083668,2422054,519492342,657410283,35794,7244,1146469,53557195,47929149,1122807114,1173254040
081年08月,,46446.4,11425,3390943,74290134,121917254,1611219301,1813745951,8070.8,4265,2249397,21024567,-,10462872,73799319,2380623,510663170,648393870,38375.6,7160,1141546,53265567,48117935,1100556131,1165352081
081年09月,,46628.3,11094,3148480,71039029,126102941,1595339648,1788348962,8221.2,4266,2144735,20428913,-,10029562,77125962,2570865,543179136,678311942,38407.1,6828,1003745,50610116,48976979,1052160512,1110037020
081年10月,,44294.8,11101,3303290,73682327,131436946,1615223998,1812598772,8190.2,4274,2256244,21056680,-,9930040,80678421,2602530,555756366,710824405,36104.6,6827,1047046,52625647,50758525,1059467632,1101774367
081年11月,,44267.3,11106,3221362,70788364,126278951,1541254048,1724538394,8221.7,4285,2211153,20664545,-,9335183,77742590,2591420,534630966,677655638,36045.6,6821,1010209,50123819,48536361,1006623082,1046882756
081年12月,,45560.4,11128,3336526,73173032,130700658,1600844061,1813847314,8217.7,4301,2297404,21380831,-,9588704,80237893,2588319,551482876,702948456,37342.7,6827,1039122,51792201,50462765,1049361185,1110898858
082年,,44297.8,11545,39710109,873763365,1490121047,19410980060,22467067628,7760.4,4315,25602764,238238486,-,117079163,884469380,2423204,6441251362,7825547558,36537.4,7230,14107345,635524879,605651667,12969728698,14641520070
082年01月,,43881.5,11691,3221085,72796172,116814881,1584890874,1815006666,8137.9,4212,2066327,19307108,-,8416716,67104602,2164665,485671193,589639630,35743.6,7479,1154758,53489064,49710279,1099219681,1225367036
082年02月,,44026.4,11789,3091778,67589540,116924421,1530964146,1783624444,8058.7,4343,2018268,18773100,-,8337154,69803421,2492979,508454945,625282190,35967.7,7446,1073510,48816440,47121000,1022509201,1158342254
082年03月,,44294.8,11759,3444719,75472212,135358592,1703324452,1962003791,7957.1,4339,2228389,20744461,-,9327110,80298016,2590259,585769975,702226108,36337.7,7420,1216330,54727751,55060576,1117554477,1259777683
082年04月,,44807.5,11667,3271034,72117924,123556615,1605063892,1857358571,7853.6,4294,2114858,19738393,-,9223313,72669682,2422323,528212933,645266556,36953.9,7373,1156176,52379531,50886933,1076850959,1212092015
082年05月,,44831.4,11737,3438198,74797916,131809841,1677702905,1930902970,7856.2,4321,2223977,20611883,-,10358603,78318489,2526403,567098391,690834521,36975.2,7416,1214221,54186033,53491352,1110604514,1240068449
082年06月,,43603.7,11636,3253010,71127912,120525512,1551999241,1793837046,7853.3,4302,2091598,19570316,-,10151234,71870982,2395699,525231562,638711707,35750.4,7334,1161412,51557596,48654530,1026767679,1155125339
082年07月,,43451.8,11612,3351655,72823970,117407982,1604474259,1856603237,7732,4306,2155850,20101900,-,10914537,71705631,2313085,522918304,634992317,35719.8,7306,1195805,52722070,45702351,1081555955,1221610920
082年08月,,44459.2,11543,3277111,72588043,117957671,1622611731,1878743090,7810.3,4251,2123805,19769561,-,10684401,71857926,2317998,523645988,638387496,36648.9,7292,1153306,52818482,46099745,1098965743,1240355594
082年09月,,44147.3,11564,3309775,72172911,126045000,1607640897,1887427744,7811.5,4301,2132032,19792826,-,10568514,74035133,2467838,537740233,659362819,36335.8,7263,1177743,52380085,52009867,1069900664,1228064925
082年10月,,44680.8,11563,3400451,75373548,129566155,1690494232,1960410408,7848.5,4271,2173672,20208541,-,10230768,76041539,2452953,556309153,676574637,36832.3,7292,1226779,55165007,53524616,1134185079,1283835771
082年11月,,44376.2,11504,3246164,72059657,123440601,1588030361,1831719553,7842,4257,2080903,19322645,-,9444420,72432264,2414409,528660765,637349348,36534.2,7247,1165261,52737012,51008337,1059369596,1194370205
082年12月,,44297.8,11545,3405129,74843559,130713776,1643783070,1909430108,7760.4,4315,2193085,20297751,-,9422393,78331695,2526829,571537920,686920229,36537.4,7230,1212044,54545808,52382081,1072245150,1222509879
083年,,46163.7,11571,38720013,864846609,1409337647,17995161267,22929534365,8287.7,4212,24185093,226730690,-,114953772.5,822966161,2254702,6070271753,8055346292,37876,7359,14534920,638115919,586371486,11924889514,14874188073
083年01月,,45108.3,11800,3404267,75165825,123664737,1567582521,1825055518,8238.8,4291,2137650,19775746,-,8937904,72168544,2328018,528341635,639177174,36869.5,7509,1266617,55390079,51496193,1039240886,1185878344
083年02月,,45642.3,11795,2837273,65114223,100181133,1446743892,1642917159,8201.9,4212,1756664,16303310,-,7260498,57744598,2062307,423134472,517967009,37440.4,7583,1080609,48810913,42436535,1023609420,1124950150
083年03月,,45314.8,11879,3422173,75177306,132238814,1611322422,1983973360,8280.3,4332,2150547,20037813,-,9164507,77386062,2496325,570419141,764493544,37034.5,7547,1271626,55139493,54852752,1040903281,1219479816
083年04月,,45685.4,11810,3232724,72253737,122002911,1591554843,1970134573,8237.8,4288,2031342,18948259,-,9513265,70223715,2340791,518445937,701078388,37447.6,7522,1201382,53305478,51779196,1073108906,1269056185
083年05月,,45268.5,11826,3356529,74356028,126868729,1588737447,2026701305,8249.5,4319,2096245,19593648,-,10309455,74161367,2392302,549199248,728678632,37019,7507,1260284,54762380,52707362,1039538199,1298022673
083年06月,,44822.2,11785,3233523,71562879,115301996,1467591334,1896464996,8209.8,4264,2027102,18942882,-,10253632,67097294,2236576,496712020,658060727,36612.4,7521,1206421,52619997,48204702,970879314,1238404269
083年07月,,44806.6,11667,3183335,72375606,108490594,1487938945,1944785146,8248.3,4178,1991295,18778194,-,10426412,65653904,2117868,484080707,655056877,36558.3,7489,1192040,53597412,42836690,1003858238,1289728269
083年08月,,45199.1,11617,3122302,69646011,105560712,1390736019,1813738254,8204.2,4154,1963693,18465737,-,10192385.5,64074647,2066924,471856571,635221144,36994.9,7463,1158609,51180274,41486065,918879448,1178517110
083年09月,,45688.1,11636,3174675,71008761,118928865,1464385085,1955244705,8351.5,4190,1967938,18539818,-,10004511,68227756,2274259,503495340,673495500,37336.6,7446,1206737,52468943,50701109,960889745,1281749205
083年10月,,45624.8,11584,3233070,72955050,119745787,1493375032,1981341973,8324.5,4155,1999203,18910487,-,9869623,69152226,2230717,511766637,685188521,37300.3,7429,1233867,54044563,50593561,981608395,1296153452
083年11月,,45701.6,11578,3220488,71449777,116707461,1411915017,1902303036,8315.3,4217,2011821,19038883,-,9519226,68155785,2271860,503452944,696479605,37386.3,7361,1208667,52410894,48551676,908462073,1205823431
083年12月,,46163.7,11571,3299654,73781406,119645908,1473278710,1986874343,8287.7,4212,2051593,19395913,-,9502354,68920263,2223234,509367101,700449174,37876,7359,1248061,54385493,50725645,963911609,1286425169
084年,,45519.1,11446,37973105,843934147,1311399975,16150892116,22126313602,8366.3,4291,23851621,225883303,-,114944180,759912171,2081951,5609907400,7786073627,37152.8,7155,14121484,618050844,551487804,10540984716,14340239975
084年01月,,45393.4,11534,3164062,72264735,106912772,1295490497,1761148596,7891.8,4150,1952149,18487144,-,8518328,60971711,1966829,450176351,623868274,37501.6,7384,1211913,53777591,45941061,845314146,1137280322
084年02月,,45312.2,11479,2789163,63814543,94956081,1244779447,1688788580,7918.8,4106,1734590,16420917,-,7263103,54559874,1948567,395935172,558056141,37393.4,7373,1054573,47393626,40396207,848844275,1130732439
084年03月,,45203.3,11560,3281425,72605804,120641509,1393017438,1940290361,7888.8,4190,2038092,19338459,-,9149409,69821795,2252316,513806984,710118380,37314.5,7370,1243333,53267345,50819714,879210454,1230171981
084年04月,,45253.9,11497,3078754,69382092,109136899,1364697923,1856551943,7868.2,4132,1908825,18143048,-,9040200,61495844,2049861,454759290,633684256,37385.7,7365,1169929,51239044,47641055,909938633,1222867687
084年05月,,45249,11518,3292443,71593771,116842962,1376295353,1885358807,7877.2,4220,2059990,19428737,-,10141487,67537429,2178627,496864066,686852850,37371.8,7298,1232453,52165034,49305533,879431287,1198505957
084年06月,,45312.7,11382,3141316,69448342,105027249,1294239141,1747221558,7914.7,4163,1968760,18631626,-,10299220,60332302,2011077,445490781,619894846,37398,7219,1172556,50816716,44694947,848748360,1127326712
084年07月,,45587.6,11352,3124583,69962292,100812665,1331650382,1800715883,8668,4168,1976409,18620294,-,10502217,60279041,1944485,445113526,615853327,36919.6,7184,1148174,51341998,40533624,886536856,1184862556
084年08月,,45031,11302,3165231,70102964,102837848,1333503856,1807846923,8095.2,4159,2019951,18929878,-,10604609,61824682,1994345,457110895,632606260,36935.8,7143,1145280,51173086,41013166,876392961,1175240663
084年09月,,45325.4,11349,3146807,69379752,109770358,1334151052,1842735904,8366.7,4218,1977611,18721992,-,10053964,61757626,2058588,458170872,645581937,36958.7,7131,1169196,50657760,48012732,875980180,1197153967
084年10月,,45239.4,11385,3278286,72353749,115693331,1411698403,1955970954,8328,4258,2072943,19719098,-,10461199,67107520,2164759,496685441,692744673,36911.4,7127,1205343,52634651,48585811,915012962,1263226281
084年11月,,45546.1,11442,3216911,70552986,113128238,1356107743,1877345993,8360.1,4326,2050841,19520473,-,9552437,66687175,2222906,494003854,679573926,37186,7116,1166070,51032513,46441063,862103889,1197772067
084年12月,,45519.1,11446,3294124,72473117,115640063,1415260881,1962338103,8366.3,4291,2091460,19921637,-,9358007,67537172,2178618,501790168,687238760,37152.8,7155,1202664,52551480,48102891,913470713,1275099343
085年,,47998.7,11209,39204749,856340897,1260081000,15421154572,21907281844,8170.2,4386,25185888,236745695,-,120873721,764254388,2088127,5649454582,7886643915,39828.5,6823,14018861,619595202,495826612,9771699990,14020637929
085年01月,,44795.2,11478,3335608,72712204,108957457,1311476212,1833963353,8380.3,4318,2133900,20255664,-,9222017,65202533,2103308,479333477,674429391,36414.9,7160,1201708,52456540,43754924,832142735,1159533962
085年02月,,44577.9,11383,2819228,65794032,87707047,1181146288,1653810309,8323.4,4189,1783926,16842913,-,7698865,52409246,1807215,383126315,542011535,36254.5,7194,1035302,48951119,35297801,798019973,1111798774
085年03月,,45961.6,11449,3270303,73334040,112570312,1382454390,1949424483,8497.1,4314,2069617,19502287,-,9462132,66917423,2158627,492900232,686343100,37464.5,7135,1200686,53831753,45652889,889554158,1263081383
085年04月,,45473.3,11438,3197203,71056169,105929646,1298843866,1821915063,8310,4321,2029940,19138583,-,10006796,62940044,2098001,463498331,647774802,37163.3,7117,1167263,51917586,42989602,835345535,1174140261
085年05月,,45444.8,11386,3356160,73037752,113334807,1350980027,1887130178,8110.4,4294,2139951,20338044,-,10628079,67675572,2183083,502683146,693959958,37334.4,7092,1216209,52699708,45659235,848296881,1193170220
085年06月,,44171.8,11341,3203369,69946705,100642469,1258947279,1761079297,8112.1,4254,2043384,19320837,-,10927780,60355492,2011850,450830402,629414728,36059.7,7087,1159985,50625868,40286977,808116877,1131664569
085年07月,,43873.7,11252,3198683,69978579,92757866,1207381205,1696266706,8093.7,4238,2086927,19314183,-,10736933,58664754,1892411,432700034,603957219,35780,7014,1111756,50664396,34093112,774681171,1092309487
085年08月,,44585.6,11129,3216098,69675579,98577398,1260737906,1798748470,8100.5,4265,2110879,19643966,-,10790638,62716084,2023099,463005908,647996543,36485.1,6864,1105219,50031613,35861314,797731998,1150751927
085年09月,,47182.5,11260,3295405,71608987,105545884,1294437431,1862199415,8191.9,4330,2120417,19888903,-,10805551,64003428,2133448,475754893,662842334,38990.6,6930,1174988,51720084,41542456,818682538,1199357081
085年10月,,47139.9,11262,3427935,74708754,112022947,1302122869,1877039379,8118.4,4336,2206770,20770116,-,10982163,67009869,2161609,497830229,684431450,39021.5,6926,1221165,53938638,45013078,804292640,1192607929
085年11月,,47571.2,11314,3396938,71252958,108361389,1254945546,1836579044,8138.9,4403,2196192,20521646,-,10024697,66462528,2215418,490510971,692691222,39432.3,6911,1200746,50731312,41898861,764434575,1143887822
085年12月,,47998.7,11209,3487819,73235136,113673778,1317681553,1929126150,8170.2,4386,2263985,21208551,-,9588070,69897415,2254755,517280644,720791636,39828.5,6823,1223834,52026585,43776363,800400909,1208334514
086年,,55704.6,10689,39614714,814571419,1228123439,14417038789,21665276139,8410.6,4424,26200842,243887112,-,120731029,794853081,2177680,5806407830,8727703790,47294,6265,13413872,570684307,433270358,8610630959,12937572349
086年01月,,48939.6,10767,3396999,67446365,104324532,1195087928,1736639537,8277.3,4383,2257200,21006021,-,9323315,66902934,2158159,493599033,691085545,40662.3,6384,1139799,46440344,37421598,701488895,1045553992
086年02月,,49455.8,10481,2726328,57915715,84927895,1066268779,1574640218,8294.8,4210,1774619,16581065,-,7384838,53361236,1905758,390362319,565054939,41161,6271,951709,41334650,31566659,675906460,1009585279
086年03月,,50479.9,10514,3344823,67881409,108552134,1252099628,1843298706,8284.1,4345,2212884,20648487,-,9703806,69486038,2241485,509224997,723769796,42195.8,6169,1131939,47232922,39066096,742874631,1119528910
086年04月,,51098.5,10459,3262312,66654577,101537312,1199957970,1829284764,8350.7,4356,2169855,20229352,-,9742139,65157693,2171923,477279310,679080556,42747.8,6103,1092457,46425225,36379619,722678660,1150204208
086年05月,,51187.9,10518,3435320,69092692,106814981,1223208227,1789153160,8219.5,4332,2284410,21367120,-,10996414,68889998,2222258,507349250,711973764,42968.4,6186,1150910,47725572,37924983,715858977,1077179396
086年06月,,52356.1,10544,3243775,66825102,99194820,1159185052,1705163709,8218.5,4301,2149046,20038870,-,10432180,64267074,2142236,471788391,674922473,44137.6,6243,1094729,46786232,34927746,687396661,1030241236
086年07月,,52674.9,10554,3319779,69453975,99392746,1196923491,1775118451,8229.1,4296,2212119,20553121,-,11050254,65568496,2115113,480512967,678949786,44445.8,6258,1107660,48900854,33824250,716410524,1096168665
086年08月,,53281.8,10338,3194686,68143210,94795931,1161464358,1713238994,8167.5,4091,2098344,19608143,-,10558044,62332838,2010737,457800603,673824761,45114.3,6247,1096342,48535067,32463093,703663755,1039414233
086年09月,,56464.7,10578,3326712,69099740,106290286,1243418404,1936110304,7979,4309,2171914,20338766,-,10542605,68325048,2277502,492172263,807821644,48485.7,6269,1154798,48760974,37965238,751246141,1128288660
086年10月,,56248.1,10594,3445608,71735316,108279387,1281889252,1969524913,8057.5,4332,2256427,21063594,-,10764850,70463960,2273031,513637768,839449689,48190.6,6262,1189181,50671722,37815427,768251484,1130075224
086年11月,,56619.9,10597,3341184,69245014,103054610,1211875161,1853024949,8099,4318,2204767,20562309,-,10008196,67031494,2234383,491180825,800573423,48520.9,6279,1136417,48682705,36023116,720694336,1052451526
086年12月,,55704.6,10689,3577188,71078303,110958805,1225660539,1940078435,8410.6,4424,2409257,21890263,-,10224388,73066272,2356977,521500104,881197415,47294,6265,1167931,49188040,37892533,704160435,1058881020
087年,,57451.5,11388,41179956,836823063,1208220165,14298480584,21967623325,8816.8,5045,27534337,257544993,-,129996796,807724245,2212943,5965551981,9687796185,48634.7,6343,13645619,579278070,400495920,8332928603,12279827140
087年01月,,56614.1,11297,3215704,59888665,92379328,1139450646,1734079008,8376.3,4757,2068417,19271659,-,8824585,59675688,1925022,435824257,709488409,48237.8,6540,1147287,40617006,32703640,703626389,1024590599
087年02月,,57275.9,11277,3014509,64034734,93080459,1113183115,1699480063,8177.7,4776,1968333,18354712,-,8561632,61023977,2179428,448930064,736153763,49098.2,6501,1046176,45680022,32056482,664253051,963326300
087年03月,,56933.7,11308,3497750,72945273,108759615,1265234314,1930436205,8194.5,4794,2289600,21470831,-,10032492,71633886,2310771,529981497,855133525,48739.2,6514,1208150,51474442,37125729,735252817,1075302680
087年04月,,57225.7,11325,3378096,70387785,101984862,1226743891,1853336982,8364.5,4825,2222609,20926309,-,10334162,66616648,2220555,495005034,796411166,48861.2,6500,1155487,49461476,35368214,731738857,1056925816
087年05月,,58025.2,11266,3513383,72246119,105613183,1259671954,1986994552,8690,4822,2317134,21759066,-,11255962,68386490,2206016,505640064,830843144,49335.2,6444,1196249,50487053,37226693,754031890,1156151408
087年06月,,58430.7,11270,3423394,69525968,96982164,1135713664,1738573862,8854.9,4833,2280776,21430004,-,11166404,64826193,2160873,480951312,783034039,49575.8,6437,1142618,48095964,32155971,654762352,955539823
087年07月,,57529.3,11330,3480404,71910714,94307628,1148696794,1779467589,8780.4,4818,2339911,21878163,-,11777973,64246899,2072481,476282025,771962091,48748.9,6512,1140493,50032551,30060729,672414769,1007505498
087年08月,,59183.5,11358,3479420,71583877,96757342,1180928653,1830005840,8871,4836,2349255,21873364,-,11851486,65468900,2111900,483476169,784243073,50312.5,6522,1130165,49710513,31288442,697452484,1045762767
087年09月,,57894.7,11422,3533293,71239990,103172063,1183032489,1828960763,9060.1,4856,2384359,22224646,-,11500179,69290866,2309696,510555798,829363816,48834.6,6566,1148934,49015344,33881197,672476691,999596947
087年10月,,57996.1,11364,3538372,71334339,102891828,1200425645,1837775066,9250.8,5010,2430685,22708108,-,11633675,69590841,2244866,513436379,831570501,48745.3,6354,1107687,48626231,33300987,686989266,1006204565
087年11月,,57813.3,11407,3498094,69908798,104278492,1193853867,1840544637,9393.9,5040,2402277,22453946,-,11212893,71942172,2398072,529721774,866947513,48419.4,6367,1095817,47454852,32336320,664132093,973597124
087年12月,,57451.5,11388,3607537,71816799,108013201,1251545552,1907968761,8816.8,5045,2480981,23194183,-,11845353,75021685,2420054,555747608,892645148,48634.7,6343,1126556,48622616,32991516,695797944,1015323613
088年,,61038.3,11582,41428186,863587373,1197753410,14246729834,21686831925,9762,5109,28239564,270328155,-,135030945,829996070,2273962,6322213620,9959291861,51276.3,6473,13188622,593259218,367757340,7924516214,11727540064
088年01月,,57919,11702,3569836,71237137,100324462,1144319654,1764197561,9247.4,5011,2449153,22976058,-,10601601,69741712,2249733,519257492,828118187,48671.6,6691,1120683,48261079,30582750,625062162,936079374
088年02月,,58012.4,11701,2966154,61723583,83314225,1018167014,1572811517,9278,5014,2007401,18895534,-,9063206,56511343,2018262,420985160,672346007,48734.4,6687,958753,42828049,26802882,597181854,900465510
088年03月,,58332.9,11392,3577537,72139544,107770123,1212775245,1866917526,9493.2,5044,2452478,23578495,-,11173871,74852942,2414611,572376122,898320554,48839.7,6348,1125059,48561049,32917181,640399123,968596972
088年04月,,59119.4,11477,3424850,70542604,102693852,1210227067,1836574136,9578.5,5034,2342851,22588649,-,11166270,69796539,2326551,534385158,828128954,49540.9,6443,1081999,47953955,32897313,675841909,1008445182
088年05月,,59419.6,11512,3568743,74005545,106719269,1240976831,1961165774,9425.9,5043,2426417,23364489,-,11963560,72693701,2344958,556531441,873384119,49993.7,6469,1142326,50641056,34025568,684445390,1087781655
088年06月,,59555,11446,3422473,71437541,95372343,1149185548,1715987286,9369.4,5025,2322642,22304053,-,11991161,66130779,2204359,504461707,794016829,50185.6,6421,1099831,49133488,29241564,644723841,921970457
088年07月,,59806.5,11471,3436749,73064909,96260487,1186997165,1837024198,9380.6,5022,2357387,22708160,-,12016554,68331175,2204231,525034881,827134757,50425.9,6449,1079362,50356749,27929312,661962284,1009889441
088年08月,,59702.3,11588,3407606,72848699,96668387,1201560189,1801040439,9365.7,4997,2325182,22301067,-,11953446,67540602,2178729,518168114,815129414,50336.6,6591,1082424,50547632,29127785,683392075,985911025
088年09月,,60473.9,11526,3366434,73160279,98424755,1211654753,1786948778,9564.4,5011,2282847,22079593,-,11627061,67461925,2248731,519887580,811098808,50909.5,6515,1083587,51080686,30962830,691767173,975849970
088年10月,,60719,11482,3560634,74675380,104202258,1220749690,1849723040,9778.9,5016,2421422,23222017,-,12022032,72818390,2348980,556533682,879667591,50940.1,6466,1139212,51453363,31383868,664216008,970055449
088年11月,,60685.7,11469,3505000,72747726,100507831,1188053123,1799372586,9753.3,5070,2391087,22654651,-,10689868,70142769,2338092,529074122,838209769,50932.4,6399,1113913,50093075,30365062,658979001,961162817
088年12月,,61038.3,11582,3622172,76004426,105495418,1262063554,1895069084,9762,5109,2460699,23655389,-,10762315,73974193,2386264,565518161,893736872,51276.3,6473,1161473,52349037,31521225,696545393,1001332212
089年,,62853,11456,41853735,928800312,1145684806,14657160981,21847502943,9526.4,4908,28369801,274121688,-,132052770,790789285,2160626,6072911104,9446618397,53326.6,6548,13483934,654678624,354895521,8584249877,12400884546
089年01月,,62142.8,11641,3553043,78300516,96755094,1188364031,1746460102,9931.6,5082,2405478,23233827,-,10483195,67458063,2176067,518818670,802764705,52211.2,6559,1147565,55066689,29297031,669545361,943695397
089年02月,,62136.6,11614,3088558,70836157,82207003,1114316567,1644678618,9894.4,5063,2053808,19744251,-,8673816,56449032,1946518,431400876,675054418,52242.2,6551,1034750,51091906,25757971,682915691,969624200
089年03月,,61599.5,11631,3597819,78519402,102286724,1238364485,1867636387,9802.9,5092,2427920,23317333,-,10644236,70909136,2287391,540106181,847798400,51796.6,6539,1169899,55202069,31377588,698258304,1019837987
089年04月,,61865.9,11615,3407360,76137926,94825679,1218388719,1825857148,9862.1,5089,2288943,22120510,-,10515620,64296106,2143204,493517245,773610264,52003.8,6526,1118417,54017416,30529573,724871474,1052246884
089年05月,,62517.6,11493,3648584,79470612,103119976,1259658477,1943990044,9628.8,4961,2476068,23694027,-,11745719,70641777,2278767,536055652,837671085,52888.8,6532,1172516,55776585,32478199,723602825,1106318959
089年06月,,63425.6,11508,3499173,76620431,91969567,1154120721,1728458038,9725.4,4944,2374071,22714503,-,11549535,63877291,2129243,485142077,763260686,53700.2,6564,1125102,53905928,28092276,668978644,965197352
089年07月,,62740.3,11434,3502517,79003842,90549587,1224534119,1781995868,9593.2,4937,2386884,23062204,-,11832370,63659587,2053535,487748474,758434846,53147.1,6497,1115633,55941638,26890000,736785645,1023561022
089年08月,,62564.9,11389,3470139,78144525,89945745,1209919813,1778622773,9434.2,4895,2365924,22977984,-,11525407,62797983,2025741,487026862,750970819,53130.7,6494,1104215,55166541,27147762,722892951,1027651954
089年09月,,62599.5,11448,3443703,78012200,95850372,1252658700,1880677914,9518.5,4918,2356508,22952922,-,11528308,65729112,2190970,508909199,784299563,53081,6530,1087195,55059278,30121260,743749501,1096378351
089年10月,,62563.2,11398,3546920,78212882,98728571,1268479717,1884216817,9466.2,4923,2415219,23534459,-,11637996,67737635,2185085,523604831,811729302,53097,6475,1131701,54678423,30990936,744874886,1072487515
089年11月,,62313.7,11404,3442944,75584888,97198851,1223701560,1815246756,9460.4,4914,2354727,22930400,-,10770285,66451697,2215057,513335528,795388260,52853.3,6490,1088217,52654488,30747154,710366032,1019858496
089年12月,,62853,11456,3652978,79956931,102247637,1304654070,1949662477,9526.4,4908,2464254,23839268,-,11146283,70781866,2283286,547245509,845636048,53326.6,6548,1188724,56117663,31465771,757408561,1104026429
090年,,70153.6,11252,42332183,961282739,1109346813,15236536962,24292890659,9918.8,4993,28998620,283461224,1639123,136110622.7,804337475,2203664,6288993291,10915854915,60234.8,6259,13333563,677821515,305009338,8947543671,13377035744
090年01月,,62933.4,10266,3320601,77581708,87037272,1187219400,1811128646,9696,4936,2204677,21499003,133352,9471468,59874656,1931441,460951815,703574990,53237.4,5330,1115924,56082705,27162616,726267585,1107553656
090年02月,,62351.7,10293,3188214,71605923,86301218,1161018364,1808572431,9600.2,4958,2158127,20847248,124080,9327163,61085119,2181611,470338949,785557415,52751.5,5335,1030087,50758675,25216099,690679415,1023015016
090年03月,,63120.4,10270,3647991,81005578,99911992,1306851016,2109574187,9559,4943,2477104,24003302,138692,10926351,70705985,2280838,549242152,973262854,53561.4,5327,1170887,57002276,29206007,757608864,1136311333
090年04月,,62435.3,10247,3484524,78671263,93317515,1264184714,2023497872,9550.5,4936,2365121,22999798,133217,10669429.5,64959926,2165331,503036707,889089196,52884.8,5311,1119403,55671465,28357589,761148007,1134408676
090年05月,,62510.7,10167,3670722,81768255,100009490,1300936453,2091295385,9638.5,4913,2504613,24331731,138270,12087942,70335037,2268872,546353411,964831419,52872.2,5254,1166109,57436524,29674453,754583042,1126463966
090年06月,,63640.6,10286,3515735,78760179,90110651,1219170630,1942383315,9627.4,4955,2410937,23568243,134336,11988073.9,64392535,2146418,504526202,884847284,54013.2,5331,1104798,55191936,25718116,714644428,1057536031
090年07月,,67836.7,11066,3506567,80062829,83886714,1233831425,1950557836,9666.6,4985,2424606,23870040,138597,12179663,62666628,2021504,493867766,871500097,58170.1,6081,1081961,56192789,21220086,739963659,1079057739
090年08月,,69889.5,11092,3586745,82817549,88340915,1311301740,2093765967,9675.6,4973,2485503,24500390,140277,12751816,66014971,2129515,520300635,919000548,60213.9,6119,1101242,58317159,22325944,791001105,1174765419
090年09月,,69669.8,11130,3336277,77583553,85163011,1210583202,1973083693,9724.8,4970,2287679,22493563,133441,11689793.8,63240570,2108019,497723756,877203163,59945,6160,1048598,55089990,21922441,712859446,1095880530
090年10月,,69907.3,11217,3696214,84139522,101980293,1372490001,2215913423,9867.6,5015,2552274,25089190,142858,12155994.1,76136826,2456027,600284467,1050163517,60039.7,6202,1143940,59050332,25843467,772205534,1165749906
090年11月,,69610,11225,3640742,82088158,97550749,1323842655,2128050592,9989.8,5036,2524975,24761568,139592,11319511.6,73348607,2444954,577724759,1009288034,59620.2,6189,1115767,57326590,24202142,746117896,1118762558
090年12月,,70153.6,11252,3737853,85198222,95736993,1345107363,2145067312,9918.8,4993,2603006,25497148,142410,11543416.8,71576615,2308923,564642672,987536398,60234.8,6259,1134847,59701074,24160378,780464691,1157530914
091年,,68947.9,11978,44390645,1062600589,1057029729,15769657892,24375384372,8804.1,5277,30882766,302892368,1677790,142037844,778420827,2132660,6114208089,10691576197,60143.8,6701,13507879,759708221,278608902,9655449803,13683808175
091年01月,,68194.2,11351,3709124,85867301,90049382,1257504236,1989959919,8606.6,4987,2588478,25346415,141979,11020693,67123303,2165268,524963393,926797245,59587.6,6364,1120646,60520886,22926079,732540843,1063162674
091年02月,,68187.5,11419,3066485,77072333,74240412,1149620984,1828972891,8636.2,4974,2074185,20520973,121152,9214335,54371771,1941849,424463363,747794448,59551.3,6445,992300,56551360,19868641,725157621,1081178443
091年03月,,67883.3,11557,3710804,90172961,92063873,1331263069,2094986299,8469,5025,2559956,25112633,141486,11467307,67996172,2193425,531037448,929676066,59414.3,6532,1150848,65060328,24067701,800225621,1165310233
091年04月,,69168.7,11570,3646460,87445251,89078371,1312937755,2060799375,8585.2,5023,2527813,24771264,136707,10678782,65002508,2166750,509711343,891912206,60583.5,6547,1118647,62673987,24075863,803226412,1168887169
091年05月,,69155.8,11547,3817619,91124986,93938762,1375398176,2137682830,8570.6,5022,2645018,25815298,142206,12578592,67984927,2193062,533201186,933454526,60585.2,6525,1172601,65309688,25953835,842196990,1204228304
091年06月,,68708.9,11503,3648368,87890622,84570863,1284885107,1982550787,8605.8,5049,2530935,24716597,137252,12518151,61721114,2057370,484934573,848447554,60103.1,6454,1117433,63174025,22849749,799950534,1134103233
091年07月,,68451.2,11619,3733511,90182034,83055200,1312526392,2010112568,8619.4,5095,2608220,25486680,143132,12764653,61460909,1982610,484365061,859856600,59831.8,6524,1125291,64695354,21594291,828161331,1150255968
091年08月,,67681.6,11490,3742240,88272997,84547039,1337348918,2052089768,8719,5165,2641543,25861347,144621,12905627,62882126,2028456,494819679,878195111,58962.6,6325,1100697,62411650,21664913,842529239,1173894657
091年09月,,68623.1,11783,3686641,88980600,84894684,1298306245,2013393395,8734.3,5168,2564872,25130118,140320,12169528,62217307,2073910,490399782,855034191,59888.8,6615,1121769,63850482,22677377,807906463,1158359204
091年10月,,68314.9,11606,3883025,89542156,93915084,1338401556,2041510684,8804.6,5167,2720064,26696172,147073,12587637,69288007,2235097,546880465,940564418,59510.3,6439,1162961,62845984,24627077,791521091,1100946266
091年11月,,68979.7,11836,3796012,91106870,90989349,1361756768,2062603622,8810.3,5225,2657791,26087376,131691,11825944,67684453,2256148,532911936,920611890,60169.4,6611,1138221,65019494,23304896,828844832,1141991732
091年12月,,68947.9,11978,3950359,94942479,95686710,1409708686,2100722234,8804.1,5277,2763894,27347496,150171,12306595,70688230,2280265,556519860,959231942,60143.8,6701,1186465,67594983,24998480,853188826,1141490292
092年,,70261.49,12282,44447672,1075175103,992435364,14743626967,22711243436,8717.19,5253,31085213,310873243,1732641,144147514.11,742683644,2034750,5873265821,10140028452,61544.3,7029,13362459,764301860,249751720,8870361146,12571214984
092年01月,,69780.08,12170,3858580,94534697,89094468,1308344034,2043897841,9029.38,5289,2701376,26796900,149142,11685981,66568923,2147385,525163686,914979935,60750.7,6881,1157204,67737797,22525545,783180348,1128917906
092年02月,,69688.88,12167,3355852,84750458,77901850,1229681178,1890955587,8951.58,5262,2316019,23102390,132513,10036213,57392298,2049725,452585799,790671455,60737.3,6905,1039833,61648068,20509552,777095379,1100284132
092年03月,,70672.88,12226,3911215,93487120,92559961,1352805623,2050787771,8940.88,5286,2738933,27186080,149872,12093069,69114263,2229492,542545480,939149331,61732,6940,1172282,66301040,23445698,810260143,1111638440
092年04月,,70759.43,12209,3776751,90067373,86183281,1247748539,1916204644,8939.73,5258,2646678,26358971,144771,12469775,64439644,2147988,507352482,875277354,61819.7,6951,1130073,63708402,21743637,740396057,1040927290
092年05月,,70811.28,12250,3647357,80350918,70782425,935010724,1437478050,8962.98,5255,2569217,25775424,144829,12428247.9,52741191,1701329,417398725,714160865,61848.3,6995,1078140,54575494,18041234,517611999,723317185
092年06月,,70783.38,12309,3450790,79151942,71983602,1005653001,1570921681,8960.78,5253,2425736,24291318,139268,11889453.53,54155822,1805194,428749973,740384065,61822.6,7056,1025054,54860624,17827780,576903028,830537616
092年07月,,70959.58,12272,3705044,91980369,76716980,1197425814,1824995318,8903.38,5245,2607811,26050892,145886,13014296.22,58587048,1889905,466748586,806649413,62056.2,7027,1097233,65929477,18129932,730677228,1018345905
092年08月,,69736.33,12113,3690350,92614288,78612093,1245158085,1895575882,8638.53,5155,2591809,25833013,144756,12146735.59,59890981,1931967,475432572,821880718,61097.8,6958,1098541,66781275,18721112,769725513,1073695164
092年09月,,69844.88,12145,3697814,91128704,85599510,1268376646,1964838158,8746.18,5185,2572199,25771759,142248,12538170.02,63615047,2120502,503435176,870101293,61098.7,6960,1125615,65356945,21984463,764941470,1094736865
092年10月,,69908.93,12158,3801192,93246835,88062863,1324645238,2039872618,8770.13,5184,2652522,26714900,147518,12457883.7,66151216,2133910,525106898,895100036,61138.8,6974,1148670,66531935,21911647,799538340,1144772582
092年11月,,69907.73,12221,3679911,90091246,84258526,1278440067,1969100257,8773.53,5212,2562072,25786142,142077,11748836.04,62586545,2086218,495172967,855690037,61134.2,7009,1117839,64305104,21671981,783267100,1113410220
092年12月,,70261.49,12282,3872818,93771155,90679805,1350338019,2106615630,8717.19,5253,2700843,27205456,149761,11638853.11,67440666,2175505,533573478,915983951,61544.3,7029,1171975,66565699,23239139,816764541,1190631679
093年,,71166.06,12748,45822031,1140168668,1019155884,15777746337,24227921073,9163.76,5478,32317409,331330304,1841189,150756496.5,765136407,2090537,6115454832,10370075300,62002.3,7270,13504622,808838364,254019477,9662291505,13857845773
093年01月,,70176.46,12243,3546335,92776970,75565911,1266641464,1963715869,8754.26,5168,2428639,24448406,142442,10446533,55709854,1797092,448618724,759819843,61422.2,7075,1117696,68328564,19856057,818022740,1203896026
093年02月,,69912.81,12308,3551410,87561146,79590075,1204924929,1882812450,8772.41,5221,2485164,25012771,139451,10916524,60299598,2079296,478119406,823228608,61140.4,7087,1066246,62548375,19290477,726805523,1059583842
093年03月,,69871.06,12366,3902882,95191788,87979815,1313538692,2040698006,8860.46,5274,2744542,27870139,152567,11511291.5,66395521,2141791,526247544,894957714,61010.6,7092,1158340,67321649,21584294,787291148,1145740292
093年04月,,70029.56,12494,3815130,93397955,86243232,1295308869,2006068595,8918.26,5312,2685061,27264752,148544,12306317,64295973,2143199,509331669,865034319,61111.3,7182,1130069,66133203,21947259,785977200,1141034276
093年05月,,69649.06,12521,3899401,96319987,87215791,1332515646,2065436373,9026.16,5405,2760804,28320704,156368,13421912,65609381,2116432,522946152,886109678,60622.9,7116,1138597,67999283,21606410,809569494,1179326695
093年06月,,69255.11,12384,3787999,90046309,82956944,1226563604,1880180400,9049.61,5454,2691465,27675554,153734,13164392,62069277,2068976,497722122,839146432,60205.5,6930,1096534,62370755,20887667,728841482,1041033968
093年07月,,70083.26,12605,3836610,97249197,82280496,1335443284,2022150464,9085.16,5467,2740947,28264295,158184,13820730,62744939,2024030,504042221,855541269,60998.1,7138,1095663,68984902,19535557,831401063,1166609195
093年08月,,69729.66,12629,3735143,95934514,80094151,1318681796,2007970994,9196.26,5468,2642415,27333956,157846,13326905,60033158,1936553,483982304,819729521,60533.4,7161,1092728,68600558,20060993,834699492,1188241473
093年09月,,69868.76,12679,3847386,95314649,85904556,1318383814,2038172730,9089.36,5500,2721723,28123698,156061,13419980,64635076,2154503,517447641,879504759,60779.4,7179,1125663,67190951,21269480,800936173,1158667971
093年10月,,70352.11,12672,3950967,98882961,89515322,1382840217,2094956926,9182.91,5483,2785910,28887468,159919,12938146,67512759,2177831,539943412,913977447,61169.2,7189,1165057,69995493,22002563,842896805,1180979479
093年11月,,71064.26,12749,3913339,96807623,90925406,1368187764,2064188741,9253.86,5503,2771436,28645636,156338,12651399,67946269,2264876,544140631,915854111,61810.4,7246,1141903,68161987,22979137,824047133,1148334630
093年12月,,71166.06,12748,4035429,100685569,90884185,1414716260,2161569528,9163.76,5478,2859303,29482925,159734,12832367,67884602,2189826,542913008,917171602,62002.3,7270,1176126,71202644,22999583,871803252,1244397926
094年,,69181.11,13068,45373095,1179824933,1013338032,16100169326,25588061293,9421.31,5756,32114849,335772773,1918971,151671348,760514026,2083600,6108532910,10894727305,59759.8,7312,13258246,844052160,252824006,9991636416,14693333988
094年01月,,71525.06,12822,3971636,100090744,84665923,1322063067,2065068945,9260.06,5502,2827640,29206968,159881,12336886,63561338,2050366,509096750,909534083,62265,7320,1143996,70883776,21104585,812966317,1155534862
094年02月,,71224.36,12878,3276786,90615378,68953459,1168946493,1865338077,9275.86,5583,2265534,23737736,142823,10048138,50936708,1819168,408346576,729654334,61948.5,7295,1011252,66877642,18016751,760599917,1135683743
094年03月,,70625.56,12853,3962586,99756005,90135555,1334449541,2116439291,9258.56,5587,2820278,29262468,162578,12556033,68211857,2200382,545491185,968684716,61367,7266,1142308,70493537,21923698,788958356,1147754575
094年04月,,70844.41,12854,3810390,98621696,85902699,1368224518,2149899359,9287.71,5570,2691380,27899036,156401,12545038,64148581,2138286,511257048,907847349,61556.7,7284,1119010,70722660,21754118,856967470,1242052010
094年05月,,70547.21,12817,3942096,101091697,89011530,1385583108,2189840921,9339.21,5606,2786986,28998080,163012,13508979,66324706,2139507,531068353,944014544,61208,7211,1155110,72093617,22686824,854514755,1245826377
094年06月,,69884.71,12820,3804229,97597527,83944573,1309378028,2075073101,9330.11,5604,2692560,28074232,157371,12645140,62638557,2087952,503702722,900654066,60554.6,7216,1111669,69523295,21306016,805675306,1174419035
094年07月,,69468.41,12866,3695219,97950580,77740813,1340473244,2076007908,9183.91,5617,2630722,27478188,160873,13196164,58711255,1893911,473655236,846769638,60284.5,7249,1064497,70472392,19029558,866818008,1229238270
094年08月,,69491.66,12947,3746056,99021089,81377377,1358294997,2133622389,9308.96,5665,2653667,27775667,161902,13387393,61603076,1987196,496142116,883494101,60182.7,7282,1092389,71245422,19774301,862152881,1250128288
094年09月,,69454.31,12972,3698195,96311348,84846959,1341434720,2153073229,9244.11,5714,2611990,27511533,159352,13196194,63969190,2132306,514771021,922454426,60210.2,7258,1086205,68799815,20877769,826663699,1230618803
094年10月,,69341.41,13042,3801658,99837227,89094435,1390543344,2242209532,9261.81,5768,2686214,28368600,165629,13047026,66077620,2131536,530234027,946919435,60079.6,7274,1115444,71468627,23016815,860309317,1295290097
094年11月,,69257.61,13060,3778240,97974574,87725821,1357515030,2209134427,9344.41,5764,2679519,28278484,161783,12663467,66329189,2210973,534879808,953793111,59913.2,7296,1098721,69696090,21396632,822635222,1255341316
094年12月,,69181.11,13068,3886004,100957067,89938888,1423263236,2312354114,9421.31,5756,2768359,29181780,167366,12540890,68001949,2193611,549888068,980907502,59759.8,7312,1117645,71775287,21936939,873375168,1331446612
095年,,68483.51,13024,44472992,1166001432,1013751374,16385984777,26582445965,9742.81,5742,31841690,334643426,1973789,151635366,768532180,2105568,6195015590,11099415331,58740.7,7282,12631302,831358006,245219194,10190969187,15483030634
095年01月,,68511.51,13056,3681028,98351229,81009192,1313364966,2141219482,9620.41,5793,2615640,27598561,165440,11714084,60682403,1957497,489611680,873715520,58891.1,7263,1065388,70752668,20326789,823753286,1267503962
095年02月,,68542.01,13023,3286953,88776756,74512804,1244494283,1975577949,9707.31,5780,2325195,24560488,147952,10456422,56323342,2011548,453144695,813278500,58834.7,7243,961758,64216268,18189462,791349588,1162299449
095年03月,,68628.31,13054,3847914,99768484,89923396,1382218159,2211361343,9801.81,5781,2764090,29069883,168694,12622224,68429895,2207416,550149644,984895351,58826.5,7273,1083824,70698601,21493501,832068515,1226465992
095年04月,,68581.21,13027,3663398,96438906,85198767,1387215224,2222505133,9919.51,5760,2627782,27567961,163655,12383508,63529150,2117638,510329478,905627489,58661.7,7267,1035616,68870945,21669617,876885746,1316877644
095年05月,,68194.51,13059,3823987,99013367,88594029,1400134692,2263760494,9899.61,5800,2737643,28758853,170493,13252104,67162937,2166546,539251878,964619012,58294.9,7259,1086344,70254514,21431092,860882814,1299141482
095年06月,,68266.01,13048,3700354,95464301,83347774,1325892157,2135151510,10000.31,5792,2661685,28014331,165413,13164647,63320411,2110680,509131499,909201425,58265.7,7256,1038669,67449970,20027363,816760658,1225950085
095年07月,,68397.91,13016,3695455,97529089,78778767,1359705247,2166205181,9858.01,5762,2671665,27950085,168678,13572689,60571394,1953916,489032448,873136796,58539.9,7254,1023790,69579004,18207373,870672799,1293068385
095年08月,,68269.86,13010,3754908,98657528,83006763,1382529136,2233055341,9912.16,5768,2709965,28433911,169424,13774144,63555503,2050178,513634840,916882530,58357.7,7242,1044943,70223617,19451260,868894296,1316172811
095年09月,,68345.41,13049,3695259,96186002,86147079,1342673689,2210417873,9938.21,5779,2643528,27859896,161212,13097723,65495250,2183175,526966002,944863069,58407.2,7270,1051731,68326106,20651829,815707687,1265554804
095年10月,,68317.71,12999,3792192,100083732,87085416,1428048350,2335573691,9733.81,5738,2705095,28474455,165919,12951073,65398272,2109622,527815303,952333458,58583.9,7261,1087097,71609277,21687144,900233047,1383240233
095年11月,,68439.36,13026,3729116,96511448,86806359,1369302169,2260178682,9751.16,5751,2666932,27868192,161118,12436974,66636468,2221216,538537328,975292322,58688.2,7275,1062184,68643256,20169891,830764841,1284886360
095年12月,,68483.51,13024,3802428,99220589,89341028,1450406705,2427439286,9742.81,5742,2712470,28486809,165791,12209774,67427155,2175070,547410795,985569859,58740.7,7282,1089958,70733780,21913873,902995910,1441869427
096年,,68376.55,13155,43885512,1127637223,1020791025,15979244492,26934331741,10115.35,5707,31321010,327055494,1934165,147132669,778460657,2132769,6293834124,11941338026,58261.2,7448,12564502,800581729,242330368,9685410368,14992993715
096年01月,,68619.1,13138,3806831,97309094,87400630,1315321418,2256799885,9770.7,5745,2723215,28555766,166333,11906438,65651581,2117793,532801980,1010396541,58848.4,7393,1083616,68753328,21749049,782519438,1246403344
096年02月,,69245.2,13174,3104948,87107501,67436292,1201605442,1991039043,9813.7,5712,2173058,22886167,145926,9872684,51061980,1823642,417128454,785664149,59431.5,7462,931890,64221334,16374312,784476988,1205374894
096年03月,,69104.6,13213,3813800,98110547,91091835,1395284628,2310147904,9800,5732,2708274,28412147,166358,12267910,69539385,2243206,563965796,1064015437,59304.6,7481,1105526,69698400,21552450,831318832,1246132467
096年04月,,68130.3,13173,3683710,95906576,85654429,1388736790,2271131367,9766.6,5730,2618660,27056727,160430,11835086,64461069,2148702,520722426,983723973,58363.7,7443,1065050,68849849,21193360,868014364,1287407394
096年05月,,68009.5,13145,3835633,98200898,89707553,1399243357,2308733748,9756.7,5704,2727309,28250288,166080,13131209,68668949,2215127,557157628,1053211418,58252.8,7441,1108324,69950610,21038604,842085729,1255522330
096年06月,,68300,13085,3642881,94326950,81883197,1291674914,2162671361,9954.9,5652,2588918,26939165,158492,12607845,62515643,2083855,506100446,958320403,58345.1,7433,1053963,67387785,19367554,785574468,1204350958
096年07月,,68017.1,13117,3690184,94210751,81693071,1336276442,2222993057,9742.3,5712,2661064,27685960,163725,13410083,62934076,2030131,509573736,969704434,58274.8,7405,1029120,66524791,18758995,826702706,1253288623
096年08月,,68062,13012,3660838,92431674,81146814,1296460776,2177997923,9850.7,5637,2644764,27492159,162773,13036065,63005607,2032439,509087686,970443950,58211.3,7375,1016074,64939515,18141207,787373090,1207553973
096年09月,,67818.1,13004,3526462,90952195,82846896,1323290431,2267829121,9746.5,5609,2508658,26246349,156384,12449491,62861341,2095378,506313065,944486571,58071.6,7395,1017804,64705846,19985555,816977366,1323342550
096年10月,,67865.9,12893,3688143,91984218,90008962,1317595304,2273625675,9735.2,5584,2647812,27677991,162439,12507974,67945702,2191797,546695687,1053060441,58130.7,7309,1040331,64306227,22063260,770899617,1220565234
096年11月,,68393.9,12991,3668935,91595963,88926815,1321692933,2261372420,9801.1,5629,2627169,27377470,158951,12000867,68444801,2281493,550621517,1050307590,58592.8,7362,1041766,64218493,20482014,771071416,1211064830
096年12月,,68376.55,13155,3763147,95500857,92994531,1392062057,2429990237,10115.35,5707,2692109,28475306,166274,12107017,71370523,2302275,573665703,1098003119,58261.2,7448,1071038,67025551,21624008,818396354,1331987118
097年,,66446.9,12967,43135263,1038087771,1054094197,15783116093,27076383141,10933,5807,31131851,330309115,1956760,145621229,807660317,2206722,6442971116,12492797144,55513.9,7160,12003412,707778656,246433880,9340144977,14583585997
097年01月,,68138.25,13117,3741200,94314253,88912808,1297397104,2267957549,10097.45,5714,2682470,28279638,166153,12049836,68154760,2198541,551035790,1056773381,58040.8,7403,1058730,66034615,20758048,746361314,1211184168
097年02月,,67544.25,12945,3259856,84111506,73531152,1178175067,2029402338,10100.65,5663,2300381,24354690,152587,10061611,56756500,1957121,460120715,878743722,57443.6,7282,959475,59756816,16774652,718054352,1150658616
097年03月,,67336.85,13032,3730867,91207072,92730314,1380305957,2389393821,10084.25,5745,2671316,28125407,166618,11896295,70249369,2266109,562259485,1079940985,57252.6,7287,1059551,63081665,22480945,818046472,1309452836
097年04月,,66967.85,13024,3617411,88435632,88489243,1299102967,2249619911,9827.35,5751,2584706,27325045,160190,11930029,67585988,2252866,539339178,1040022017,57140.5,7273,1032705,61110587,20903255,759763789,1209597894
097年05月,,66644.75,13080,3729498,90610885,91881669,1361691676,2333461408,9873.75,5765,2675979,28366055,166866,12710213,70113148,2261714,558071923,1087262150,56771,7315,1053519,62244830,21768521,803619753,1246199258
097年06月,,66482.15,13042,3542039,84374552,87325441,1294887914,2197593358,9832.45,5763,2561958,27409262,160209,12445702,66522948,2217432,527288192,1022887462,56649.7,7279,980081,56965290,20802493,767599722,1174705896
097年07月,,66341.8,12907,3566972,84684888,84020450,1316680169,2189858287,9865.3,5727,2619110,27691412,165109,12902361,65399695,2109668,524356087,1007629228,56476.5,7180,947862,56993476,18620755,792324082,1182229059
097年08月,,67332,12929,3612772,87035922,86142624,1365328988,2295245682,11113.2,5767,2634744,27928273,166697,12994221,66658411,2150271,511672176,1030664737,56218.8,7162,978028,59107649,19484213,853656812,1264580945
097年09月,,67133.9,12927,3378754,79395022,84840855,1256736354,2174198867,11067.4,5766,2455576,26103716,158400,11903884,64461084,2148703,515465915,1005570937,56066.5,7161,923178,53291306,20379771,741270439,1168627930
097年10月,,67033.6,12935,3684918,85627117,93708424,1370144162,2373736028,11034.1,5799,2671630,28436370,166272,12619067,71977718,2321862,574904807,1118172348,55999.5,7136,1013288,57190747,21730706,795239355,1255563680
097年11月,,66823,12930,3547711,82195808,87845401,1292665271,2213845735,10999.1,5792,2570697,27385056,160638,11866799,67268921,2242297,537537948,1045390889,55823.9,7138,977014,54810752,20576480,755127323,1168454846
097年12月,,66446.9,12967,3723265,86095114,94665816,1370000464,2362070158,10933,5807,2703284,28904191,167021,12241211,72511775,2339090,580918900,1119739289,55513.9,7160,1019981,57190923,22154041,789081564,1242330869
098年,,65651.2,13123,43306365,1026909131,1038779326,15882309009,26620292575,11231.5,6049,31441770,335613048,1964248,146462395,800974730,2194451,6433075663,12355921787,54419.7,7074,11864595,691296083,237804596,9449233346,14264370788
098年01月,,65854.6,12988,3423892,83519491,80414516,1269953757,2139984681,10982.2,5826,2458379,26298834,163305,10555863,60071965,1937805,482308775,928177966,54872.4,7162,965513,57220657,20342551,787644982,1211806715
098年02月,,65825.35,13009,3311373,77772711,81614373,1234870804,2042127373,10952.75,5875,2407109,25519848,149080,10584364,62983870,2249424,505573539,974285201,54872.6,7134,904264,52252863,18630503,729297265,1067842172
098年03月,,65795.4,12947,3706181,86819650,90928434,1329745739,2267098831,10922.4,5871,2700156,28754572,166012,11813912,70451887,2272642,538147141,1090248208,54873,7076,1006025,58065078,20476547,791598598,1176850623
098年04月,,65959.2,12986,3620937,85016345,88298076,1319266989,2208202844,11128.5,5914,2630531,28063225,162379,11761834,68077667,2269256,548373434,1054335071,54830.7,7072,990406,56953120,20220409,770893555,1153867773
098年05月,,65970.5,12995,3665884,88605196,88429597,1410168656,2356779416,11167.7,5906,2647926,28299720,168060,12531302,67423877,2174964,543856476,1044583118,54802.8,7089,1017958,60305476,21005720,866312180,1312196298
098年06月,,65544.6,13103,3619167,83989060,85770473,1272135620,2114012373,11124.5,6007,2633938,28158211,162332,13238085,66907155,2230239,540803427,1033451582,54420.1,7096,985229,55830849,18863318,731332193,1080560791
098年07月,,66620.9,13078,3672785,87450022,84722508,1361658235,2218091147,11175.3,6002,2681454,28633267,167322,13842676,65965481,2127919,536022267,1005981810,55445.6,7076,991331,58816755,18757027,825635968,1212109337
098年08月,,71032,13055,3534994,84744782,81081088,1322773755,2178953097,11242,5969,2580943,27585493,164091,12795113,62374248,2012073,501325594,956621218,59790,7086,954051,57159289,18706840,821448161,1222331879
098年09月,,65765.9,13026,3631183,86166057,86885106,1319283310,2226006073,11259.9,5969,2629158,28098546,163118,13133576,67356318,2245211,545430286,1038703161,54506,7057,1002025,58067511,19528788,773853024,1187302912
098年10月,,65471.6,13033,3751439,89152406,90219566,1361516246,2296863377,11215.5,5995,2720252,29094585,168669,12513954,69766428,2250530,564542258,1075580321,54256.1,7038,1031187,60057821,20453138,796973988,1221283056
098年11月,,65579.7,13112,3612981,85368160,87492000,1298527838,2210176558,11215,6053,2620878,28024511,161919,11885801,67702030,2256734,546207932,1043214270,54364.7,7059,992103,57343649,19789970,752319906,1166962288
098年12月,,65651.2,13123,3755549,88305251,92923589,1382408060,2361996805,11231.5,6049,2731046,29082236,167961,11805915,71893804,2319155,580484534,1110739861,54419.7,7074,1024503,59223015,21029785,801923526,1251256944
099年,,66960.05,13900,35677419,1063822190,1109828544,16307046898,28109534186,12115.45,6761,24022117,367544830,1988974,154894121.37,877066788,2402923,7021087669,13427979918,54844.6,7139,11655302,696277360,232761756,9285959229,14681554268
099年01月,,66070.7,13601,3022976,89027187,90777759,1336343572,2278776777,12060.9,6498,2028499,30746789,164192,12393598.24,71374776,2302412,575320954,1096479294,54009.8,7103,994477,58280398,19402983,761022618,1182297483
099年02月,,65993.21,13636,2561847,78912532,73946627,1190170673,1986768897,12148.21,6545,1687742,25742466,146493,10661262.69,57708156,2061006,466320005,872119493,53845,7091,874105,53170066,16238471,723850668,1114649404
099年03月,,65860.87,13628,3090569,89633197,98529040,1403049143,2399367835,12015.57,6588,2064461,31403339,169320,13000621.53,77740151,2507747,624587056,1184295499,53845.3,7040,1026108,58229858,20788889,778462087,1215072336
099年04月,,65860.95,13670,2986419,87771324,92876536,1359859906,2330141001,11989.25,6603,1989652,30081092,163014,12494647.67,72992264,2433075,584023124,1120739094,53871.7,7067,996767,57690232,19884272,775836782,1209401907
099年05月,,66862.45,13668,3064002,89792466,95859001,1400749021,2410506641,11952.35,6603,2036975,30917334,163719,13387994.44,75858769,2447057,607179417,1143012146,54910.1,7065,1027027,58875132,20000232,793569604,1267494495
099年06月,,67056.55,13643,3197014,90900091,90513129,1304687042,2274192608,11948.45,6581,2254786,34781414,162701,12967754.96,71205351,2373512,571267321,1094780322,55108.1,7062,942228,56118677,19307778,733419721,1179412286
099年07月,,67041.9,13647,2936957,88844892,90200952,1395239929,2398379947,11920.2,6581,1977259,30237434,167816,13929628.59,71196934,2296675,572065211,1095831382,55121.7,7066,959698,58607458,19004018,823174718,1302548565
099年08月,,67356.55,13690,2946396,89603718,90303259,1423574718,2411570844,12046.15,6599,1978250,30260798,168574,13703871.24,71266161,2298908,573589677,1095697008,55310.4,7091,968146,59342920,19037098,849985041,1315873836
099年09月,,67101.8,13716,2870859,85989972,91886214,1341303391,2331431795,11792.3,6590,1928838,29528607,162485,13439307.53,72572768,2419092,583516936,1113180708,55309.5,7126,942021,56461365,19313446,757786455,1218251087
099年10月,,66689.8,13817,2988811,90359306,98421952,1409935025,2451828072,11923.95,6629,2013820,31042698,172123,13327698.7,77740864,2507770,623760057,1195727020,54765.85,7188,974991,59316608,20681088,786174968,1256101052
099年11月,,66953.95,13907,2929066,88849832,94998866,1332628410,2356947804,12099.25,6692,1975330,30558835,169956,12589545.76,75872196,2529073,600564207,1185660165,54854.7,7215,953736,58290997,19126670,732064203,1171287639
099年12月,,66960.05,13900,3082503,94137676,101515209,1409506069,2479621965,12115.45,6761,2086505,32244024,178581,12998190.02,81538398,2630271,638893704,1230457787,54844.6,7139,995998,61893652,19976811,770612365,1249164178
100年,,62180.43,14407,38059619,1086685082,1164297381,17039888002,29205067075,14585.13,7609,27087740,390018910,2488850,167926367.04,943694264,2585464,7503861109,14479949003,47595.3,6798,10971879,696666172,220603117,9536026893,14725118072
100年01月,,62634.88,14239,3297416,94124005,95284044,1315317187,2314699194,12059.38,7136,2327266,32938540,207571,13093287.49,77076052,2486324,597786854,1165397234,50575.5,7103,970150,61185465,18207992,717530333,1149301960
100年02月,,62889.13,14345,2848760,85238187,84127065,1230508652,2156410388,12367.33,7211,1994440,28168723,183216,11260584.53,67691511,2417554,508411637,984243479,50521.8,7134,854320,57069464,16435554,722097015,1172166909
100年03月,,62714.16,14182,3328339,94819915,104053420,1387137735,2449661827,12375.76,7216,2375269,33773410,211816,13633070.38,85018094,2742519,647495326,1257338509,50338.4,6966,953070,61046505,19035326,739642409,1192323318
100年04月,,62799.86,14285,3173427,92080989,100816520,1406088847,2448377399,12415.96,7262,2249068,31723183,206786,13451863.1,81693940,2723131,610397415,1188593954,50383.9,7023,924359,60357806,19122580,795691432,1259783445
100年05月,,62825.46,14279,3215331,92158590,99219653,1445843003,2476312398,12424.86,7246,2277769,32989758,212652,14392505.62,80009572,2580954,638601543,1220934126,50400.6,7033,937562,59168832,19210081,807241460,1255378272
100年06月,,62387.46,14260,3108237,87813208,92632215,1395315104,2352608228,12939.76,7274,2218341,32157903,206020,14817521.64,74730670,2491022,602775073,1155823775,49447.7,6986,889896,55655305,17901545,792540031,1196784453
100年07月,,61301.69,14219,3187999,91343292,92585944,1474951577,2453846724,12929.09,7274,2278641,33076627,208431,15229201.48,74966617,2418278,609132277,1167088046,48372.6,6945,909358,58266665,17619327,865819300,1286758678
100年08月,,61822.04,14185,3199105,90852135,94037232,1469612847,2462711137,12941.14,7258,2285182,33157487,209806,15248774.92,76265040,2460163,622638774,1191660684,48880.9,6927,913923,57694648,17772192,846974073,1271050453
100年09月,,61827.21,14215,3106668,88241732,97864918,1471256513,2489027135,13132.11,7293,2214310,32174679,203339,14588169.79,79182205,2639407,644180965,1228282622,48695.1,6922,892358,56067053,18682713,827075548,1260744513
100年10月,,61957.51,14219,3208967,90704205,100643720,1508582977,2541924201,13285.01,7307,2287880,33161367,212660,14401769.86,81442001,2627161,664320655,1265576328,48672.5,6912,921087,57542838,19201719,844262322,1276347873
100年11月,,62176.53,14285,3145948,87853801,99460368,1430581607,2419782338,13411.63,7347,2251894,32681581,207351,13919311.33,80996525,2699884,662429187,1255482136,48764.9,6938,894054,55172220,18463843,768152420,1164300202
100年12月,,62180.43,14407,3239422,91455023,103572282,1504691953,2639706106,14585.13,7609,2327680,34015652,219202,13890306.9,84622037,2729743,695691403,1399528110,47595.3,6798,911742,57439371,18950245,809000550,1240177996
101年,,62231.75,14792,38549966,1059127874,1191308825,17585569196,31076499125,18491.88,8507,28699557,417216144,2761388,178680275.07,994257486,2716551,8188123023,16719380182,43739.87,6285,9850409,641911730,197051339,9397446173,14357118943
101年01月,,62409.98,14404,3115483,89765634,88381988,1392555011,2427279053,15354.18,7783,2259217,32584586,216038,12959805.69,72178205,2328329,594358875,1190276773,47055.8,6621,856266,57181048,16203783,798196136,1237002280
101年02月,,62091.75,14280,3045182,84420078,91950164,1393615490,2430012204,15415.95,7758,2235530,32159841,206972,13006516.04,75814569,2614295,623503781,1255228246,46675.8,6522,809652,52260237,16135595,770111709,1174783958
101年03月,,62099.8,14243,3271972,89222458,103633218,1488476432,2654344595,15406.6,7795,2411827,34728869,222746,14523832.7,85944789,2772413,703610385,1447473762,46693.2,6448,860145,54493589,17688429,784866047,1206870833
101年04月,,62058.78,14252,3162523,87479316,98874450,1473027402,2602722716,15513.38,7810,2325345,33500096,219430,14236031.27,81636384,2721213,667712730,1366974490,46545.4,6442,837178,53979220,17238066,805314672,1235748226
101年05月,,62140.88,14331,3293680,89653918,104750202,1500937688,2666291442,15964.18,7902,2442121,35145053,230659,15516726.42,87205419,2813078,708821679,1452362007,46176.7,6429,851559,54508865,17544783,792116009,1213929435
101年06月,,61862.58,14472,3130838,85937392,95372983,1394238246,2474448738,16005.88,8055,2333834,33725804,225548,15132417.8,79426134,2647538,653447280,1339377910,45856.7,6417,797004,52211588,15946849,740790966,1135070828
101年07月,,61851.68,14648,3260363,90317244,96151207,1468743706,2591313061,16500.48,8315,2437214,35550497,235065,16213906.74,80461052,2595518,644097366,1365080363,45351.2,6333,823149,54766747,15690155,824646340,1226232698
101年08月,,61507.38,14639,3212706,87715976,95822189,1437496160,2551727946,16789.08,8288,2418703,35400899,234501,15960037.08,80624096,2600777,646717671,1368563446,44718.3,6351,794003,52315077,15198093,790778489,1183164500
101年09月,,61717.83,14656,3187189,87319055,100994659,1503135612,2643208633,16877.63,8314,2390127,34968150,234878,15539462.51,84796702,2826557,710102180,1435193560,44840.2,6342,797062,52350905,16197957,793033432,1208015073
101年10月,,61852,14667,3321607,89986789,106656082,1533509243,2718030249,17272.83,8379,2501594,36686992,249089,15610948.17,89842603,2898148,751719529,1519944117,44579.17,6288,820013,53299797,16813479,781789714,1198086132
101年11月,,62049.85,14616,3226326,87045811,102488376,1470382384,2597586735,17380.38,8323,2431410,35682393,237869,14829795.64,86533087,2884436,727086883,1460900241,44669.47,6293,794916,51363418,15955289,743295501,1136686494
101年12月,,62231.75,14792,3322097,90264203,106233307,1529451822,2719533753,18491.88,8507,2512635,37082964,248593,15150795.01,89794446,2896595,756944664,1518005267,43739.87,6285,809462,53181239,16438861,772507158,1201528486
102年,,63304.33,15266,39866140,1059164093,1219641068,17927529802,31553159790,22253.59,9313,31015707,452547882,3013922,191562453.43,1045843377,2865324,8904389368,17848037433,41050.74,5953,8850433,606616211,173797691,9023140434,13705122357
102年01月,,61963.3,14645,3348762,89421976,101199992,1463673266,2567390380,19389.53,8671,2580143,37987215,250978,15073877.99,86606958,2793773,735650553,1476365978,42573.77,5974,768619,51434761,14593034,728022713,1091024402
102年02月,,62026.67,14614,2910476,78917381,85154770,1335171747,2329442000,19652.96,8709,2232328,31890107,217754,12781648.6,72123912,2575854,617448282,1232556572,42373.71,5905,678148,47027274,13030858,717723465,1096885428
102年03月,,62275.32,14695,3322444,88975854,106935271,1538040640,2727825943,19718.71,8783,2567019,37889808,253868,15479357.15,91527392,2952497,769873869,1545784367,42556.61,5912,755425,51086046,15407879,768166771,1182041576
102年04月,,62393.17,14703,3276190,86075579,101134316,1455674086,2587617131,19834.11,8807,2544692,36578607,247336,15087993.67,86526494,2884216,723619809,1469480352,42559.06,5896,731498,49496972,14607822,732054277,1118136779
102年05月,,62461.08,14717,3408077,89460399,107099434,1527822146,2708324007,19901.71,8809,2650866,38028660,257171,16655941.44,91993025,2967517,775442377,1565491659,42559.37,5908,757211,51431739,15106409,752379769,1142832348
102年06月,,62390.52,14765,3268345,86869541,99314669,1470757565,2580728179,19904.76,8817,2540062,36841711,246420,16719940.17,84939640,2831321,722210375,1445824612,42485.76,5948,728283,50027830,14375029,748547190,1134903567
102年07月,,61950.64,14792,3362678,88512565,97619565,1476282131,2564859906,19776.48,8861,2632962,38079477,251703,17211788.53,83836730,2704411,714731776,1431043742,42174.16,5931,729716,50433088,13782835,761550355,1133816164
102年08月,,62777.64,14841,3367638,89826333,96554771,1500722157,2616223954,20220.93,8900,2624723,38347176,252612,17126996.64,82659843,2666447,711567165,1430976846,42556.71,5941,742915,51479157,13894928,789154992,1185247108
102年09月,,62980.59,14808,3311643,88318417,100824746,1496571641,2642219963,21981.88,8927,2586247,38116823,250955,16665914.89,86524349,2884145,739784463,1488535902,40998.71,5881,725396,50201594,14300397,756787178,1153684061
102年10月,,63034,14861,3462463,91149223,108873315,1553492935,2765000887,22065.43,8948,2715873,40034730,263243,16721582.87,93825807,3026639,803394932,1611530096,40968.57,5913,746590,51114493,15047508,750098003,1153470791
102年11月,,63107.75,14922,3345239,89073075,105977994,1535727026,2689766473,22071.23,8964,2615359,38645558,254674,15937501.83,91313173,3043772,786967283,1552185257,41036.52,5958,729880,50427517,14664821,748759743,1137581216
102年12月,,63304.33,15266,3482185,92563750,108952225,1573594462,2773760967,22253.59,9313,2725433,40108010,267208,16099909.65,93966054,3031163,803698484,1598262050,41050.74,5953,756752,52455740,14986171,769895978,1175498917
103年,,64409.55,15240,40590176,1085858339,1238796536,18384478592,32225302300,23472.18,9452,31759402,471382483,2947690,201050647.88,1066895710,2923002,9326309924,18236142800,40937.37,5788,8830774,614475856,171900826,9058168668,13989159500
103年01月,,63048.13,15021,3383209,92353863,99915953,1490605236,2667908137,22341.69,9049,2636476,39458510,257763,15690749.74,85908734,2771249,747304460,1515243399,40706.44,5972,746733,52895353,14007219,743300776,1152664738
103年02月,,63452.03,15047,2994882,81733257,90803383,1405235824,2453146666,22488.14,9050,2324559,34296081,226883,13824845.77,77619914,2772140,676773693,1344655468,40963.89,5997,670323,47437176,13183469,728462131,1108491198
103年03月,,63526.68,15045,3411542,90963662,107085119,1575863050,2769706494,22632.99,9128,2662897,39438511,262338,16222585.72,92175776,2973412,796141541,1583842011,40893.69,5917,748645,51525151,14909343,779721509,1185864483
103年04月,,63381.7,15024,3336279,88526722,103424614,1524866533,2645273842,22659.67,9178,2610625,38615890,254046,16150100.54,88818558,2960619,770237805,1509589186,40722.03,5846,725654,49910832,14606056,754628728,1135684656
103年05月,,63366.25,15204,3453564,92555133,108197841,1582439641,2766664329,22602.27,9337,2698398,40076788,263432,17367558.08,93323271,3010428,806492762,1579546165,40763.98,5867,755166,52478345,14874570,775946879,1187118164
103年06月,,63383.01,15131,3338634,88919662,100952603,1508406333,2588906195,22715.33,9240,2616375,38695596,251523,16985483.09,86715594,2890520,759242297,1472481912,40667.68,5891,722259,50224066,14237009,749164036,1116424283
103年07月,,63116.99,15120,3388489,91069480,98768557,1527416792,2635143370,22638.51,9275,2662642,39574690,255004,17873113.89,85153212,2746878,747503202,1451299078,40478.48,5845,725847,51494790,13615345,779913590,1183844292
103年08月,,63267.4,15073,3462435,93383882,101469690,1584312802,2763636151,22709.92,9262,2714800,40479671,259474,17973517.24,87216272,2813428,767815806,1494537036,40557.48,5811,747635,52904211,14253418,816496996,1269099115
103年09月,,64138.61,15125,3359090,89531516,103225007,1516924577,2679155659,23224.67,9310,2632650,39189060,311173,17842498.57,89039337,2967978,782661709,1517063851,40913.94,5815,726440,50342456,14185670,734262868,1162091808
103年10月,,64231.7,15238,3569264,93583613,110338861,1586705564,2804537013,23281.38,9444,2807939,40993083,333224,17542081.08,95386780,3076993,833778099,1621222717,40950.32,5794,761325,52590530,14952081,752927465,1183314296
103年11月,,64295,15166,3365394,90039712,104718644,1521519361,2677571092,23392.18,9382,2629483,39312141,257028,16606982.73,90404083,3013469,797001739,1531824700,40902.82,5784,735911,50727571,14314561,724517622,1145746392
103年12月,,64409.55,15240,3527394,93197837,109896264,1560182879,2773653352,23472.18,9452,2762558,41252462,267733,16971131.43,95134179,3068844,841356811,1614837277,40937.37,5788,764836,51945375,14762085,718826068,1158816075
104年,,64578.93,15272,39992063,1077977856,1217178266,17565272357,31843587670,24018.68,9561,31217808,474885801,3139295,203451549.33,1048555233,2872754,9037316254,18240302068,40560.25,5711,8774255,603092055,168623033,8527956103,13603285602
104年01月,,64567.83,15245,3467973,92675962,102254382,1479143471,2648793696,23626.66,9445,2713980,40729986,265471,16585249.6,88171568,2844244,764742965,1523456450,40941.17,5800,753993,51945976,14082814,714400506,1125337246
104年02月,,64574.6,15324,2989458,82577072,84091389,1323832802,2366110563,23635.94,9535,2317562,34802574,233739,13869428.25,71821265,2565045,628630207,1270928422,40938.66,5789,671896,47774498,12270124,695202595,1095182141
104年03月,,64560.39,15163,3366749,90982181,107971281,1516287455,2742944474,23675.18,9417,2623493,40308327,266662,16643012.94,93433736,3013991,804870409,1606017505,40885.21,5746,743256,50673854,14537545,711417046,1136926969
104年04月,,64393.79,15169,3298079,88313267,101705953,1467808747,2638883422,23554.78,9422,2576764,38731275,259217,16928308.7,87617420,2920581,754083433,1518984906,40839.01,5747,721315,49581992,14088533,713725314,1119898516
104年05月,,64077,15174,3416292,91392216,105812549,1515148353,2749172518,23258.73,9453,2670647,40121710,270141,17388729.19,91319151,2945779,786991468,1585320768,40818.27,5721,745645,51270506,14493398,728156885,1163851750
104年06月,,63944.2,15207,3315343,88425626,100188408,1433095943,2616262504,23422.68,9469,2594061,39064050,258527,17654876.99,86333148,2877772,743202116,1507631508,40521.52,5738,721282,49361576,13855260,689893827,1108630996
104年07月,,63452.27,15232,3328119,90644785,97893061,1447185908,2618275801,23506.92,9478,2597630,40100007,263491,17928834.57,84361286,2721332,729063626,1476014272,39945.35,5754,730489,50544778,13531775,718122282,1142261529
104年08月,,64088.62,15151,3283966,89834765,95318164,1427329959,2587343561,23619.82,9411,2556861,39549696,259269,17400492.62,81946600,2643439,704953985,1441876516,40468.8,5740,727105,50285069,13371564,722375974,1145467045
104年09月,,64163.35,15129,3202944,87568687,99807374,1431254418,2621270444,23687.55,9388,2490466,38566307,256684,17011329.56,85731143,2857705,734038002,1495949725,40475.8,5741,712478,49002380,14076231,697216416,1125320719
104年10月,,64258.4,15198,3404195,92395129,107892616,1520170799,2778780298,23706.6,9468,2648403,40983552,268236,17997393.17,93117258,3003783,798500169,1626685687,40551.8,5730,755792,51411577,14775358,721670630,1152094611
104年11月,,64261.02,15208,3380526,89768652,104462002,1479866299,2698783389,23723.27,9497,2649379,39965584,264243,16935702.38,89929445,2997648,773461524,1573317998,40537.75,5711,731147,49803068,14532557,706404775,1125465391
104年12月,,64578.93,15272,3538419,93399514,109781087,1524148203,2776967000,24018.68,9561,2778562,41962733,273615,17108191.36,94773213,3057200,814778350,1614118311,40560.25,5711,759857,51436781,15007874,709369853,1162848689
105年,,65321.2,15310,39760553,1082655182,1225341671,17378670778,31555591206,27285.14,9978,31004065,485832065,3244910,208107823,1056903700,2887715,8988253457,18296670780,38036.06,5332,8756488,596823117,168437971,8390417321,13258920426
105年01月,,64905.17,15233,3418626,92594752,100377639,1417175929,2593218598,24339.25,9532,2667477,41407992,298457,16581264.5,86594421,2793368,737502108,1489481870,40565.92,5701,751149,51186760,13783218,679673821,1103736728
105年02月,,65045.02,15242,3112077,85318724,88170032,1337013477,2405482746,24462.1,9534,2424719,37195475,242849,14273615.42,75159780,2591717,648136403,1309250436,40582.92,5708,687358,48123249,13010252,688877074,1096232310
105年03月,,65132.3,15270,3374048,91151336,107283806,1458426181,2671426251,24517.02,9564,2624425,40924198,272044,16817143.26,92769209,2992555,787604967,1587911158,40615.28,5706,749623,50227138,14514597,670821214,1083515093
105年04月,,65175.1,15312,3236496,89368023,101166953,1448455040,2633413508,24604.57,9601,2504564,39478492,262638,16782370.41,86789929,2892998,737132551,1519449532,40570.53,5711,731932,49889531,14377024,711322489,1113963976
105年05月,,65084.68,15320,3382183,92194645,106992778,1507841709,2762191236,24681.72,9609,2624559,41254545,274725,18237761.94,92005901,2967932,778275598,1620253023,40402.96,5711,757624,50940100,14986877,729566111,1141938213
105年06月,,65171.63,15372,3280776,89284682,99461578,1416663571,2586839473,24764.77,9638,2548431,40030270,262855,18170996.63,85534659,2851155,727540258,1512998643,40406.86,5734,732345,49254412,13926919,689123313,1073840830
105年07月,,64602.55,15369,3301427,90603436,95893394,1432303660,2602965613,24451.34,9645,2572318,40599504,265063,18521133.71,82237958,2652837,705702386,1480316612,40151.21,5724,729109,50003932,13655436,726601274,1122649001
105年08月,,65377.6,15402,3396244,92247285,101602830,1481521541,2710425865,24998.99,9662,2646123,41655759,278936,18830231.64,87352995,2817839,752801935,1561465412,40378.61,5740,750121,50591526,14249835,728719606,1148960453
105年09月,,65055.51,15416,3129552,85495849,96056525,1365410728,2498687817,25184.65,9681,2435796,38279374,259213,16884448.56,82494309,2749810,705765408,1461346424,39870.86,5735,693756,47216475,13562216,659645320,1037341393
105年10月,,65068.31,15363,3390215,92392126,106457762,1503190248,2757123642,25150.3,9678,2633707,41340073,274680,18298301.09,91677907,2957352,786044342,1620740801,39918.01,5685,756508,51052053,14779855,717145906,1136382841
105年11月,,65239.51,15358,3316990,89093676,108555777,1455129545,2610739192,25260.6,9682,2587247,40641575,267769,17113061.92,94128823,3137627,786407124,1547289907,39978.91,5676,729743,48452101,14426954,668722421,1063449285
105年12月,,65321.2,15279,3421919,92910648,113322597,1555539149,2723077265,27285.14,9947,2734699,43024808,285313,17593170.32,100157809,3230897,835340377,1586166962,38036.06,5332,687220,49885840,13164788,720198772,1136910303
106年,,65991.29,15644,39277912,1065235970,1235066036,17053463884,31924585948,29030,10284,31496500,497332652,3557621,240062383.3,1093161321,2994963,9342250531,19371480314,36961.29,5360,7781412,567903318,141904715,7711213353,12553105634
106年01月,,65514.66,15290,3233764,90131166,100410763,1431793877,2611397134,27465.5,9964,2568857,40909717,276834,16111056.8,88468215,2853813,754105181,1560866371,38049.16,5326,664907,49221449,11942548,677688696,1050530763
106年02月,,65617.16,15343,2967982,81963531,93985451,1329371892,2452658888,27584.5,10006,2364210,37561098,268494,43636036.4,82714021,2954072,693976681,1459734320,38032.66,5337,603772,44402433,11271430,635395211,992924568
106年03月,,65100.83,15505,3379588,91022862,111303512,1468795477,2802010138,27801.9,10119,2706395,42417114,307314,17441189.7,98924047,3191098,824828469,1727013054,37298.93,5386,673193,48605748,12379465,643967008,1074997084
106年04月,,65069.78,15509,3190766,87858449,101355033,1431261421,2715437863,27912.7,10137,2544064,40132129,290043,16657723.2,89352769,2978426,771713712,1628238356,37157.08,5372,646702,47726320,12002264,659547709,1087199507
106年05月,,65214.73,15545,3346305,91656107,105896523,1490991410,2830904383,27997.4,10164,2676193,42250075,299735,18003172,93526242,3016976,808491427,1703611536,37217.33,5381,670112,49406032,12370281,682499983,1127292847
106年06月,,65305.56,15574,3248765,87141120,101113545,1350671623,2579892044,28190.1,10153,2609014,41266093,297113,17915711.4,89962044,2998735,771926601,1620661434,37115.46,5421,639751,45875027,11151501,578745022,959230610
106年07月,,64838.69,15621,3281280,88308969,96480866,1378635078,2588714639,28022.6,10199,2639451,41416702,290234,18492668.8,85233392,2749464,737752020,1534255363,36816.09,5422,641829,46892267,11247474,640883058,1054459276
106年08月,,65569.97,15680,3352492,90524658,100789098,1442158458,2693659186,28431.2,10261,2692565,42512116,291393,19297036.6,88928249,2868653,770888076,1589398996,37138.77,5419,659927,48012542,11860849,671270382,1104260190
106年09月,,66113.07,15680,3301046,88204742,102988930,1380057677,2610589944,28954.3,10273,2660271,41968376,300297,19004722.3,91392663,3046422,778008748,1604087708,37158.77,5407,640775,46236366,11596267,602048929,1006502236
106年10月,,66158.87,15633,3343953,90229107,104580054,1446384667,2678723690,29015.6,10230,2688904,42331657,305869,18224141.3,92568054,2986066,790558966,1625180228,37143.27,5403,655049,47897450,12012000,655825701,1053543462
106年11月,,66121.09,15625,3278243,87236113,105981429,1406770536,2611680086,29031.9,10214,2648257,41853458,304039,17301250.4,94283034,3142768,804724576,1643452512,37089.19,5411,629986,45382655,11698395,602045960,968227574
106年12月,,65991.29,15644,3353728,90959146,110180832,1496571768,2748917953,29030,10284,2698319,42714117,326256,17977674.4,97808591,3155116,835276074,1674980436,36961.29,5360,655409,48245029,12372241,661295694,1073937517
107年,,70017.17,15798,39062420,1051699267,1249697996,17136059016,32639291257,33575.88,10602,31617144,504235249,3592007,212140267.41,1113776359,3051442,9770618769,20516064389,36441.29,5196,7445276,547464018,135921637,7365440247,12123226868
107年01月,,65733.89,15840,3358140,90665755,104717407,1403008198,2654400112,28837.8,10474,2707628,43067426,308395,17686203.5,93240059,3007744,801855838,1681874731,36896.09,5366,650512,47598329,11477348,601152360,972525381
107年02月,,66182.75,15707,2855660,79524999,88336885,1257331279,2298797396,29219.4,10394,2286467,36369749,255961,14812136,78570068,2806074,683567562,1374201289,36963.35,5313,569193,43155250,9766817,573763717,924596107
107年03月,,66244.8,15610,3337141,89551152,110361962,1464685488,2815749494,29286,10291,2691028,42719404,310038,17845004.1,98148756,3166089,842504543,1767448983,36958.8,5319,646113,46831748,12213206,622180945,1048300511
107年04月,,66301.34,15610,3178918,86153029,101158918,1419832240,2648726590,29461.9,10301,2558684,40537924,301383,16415869.4,89488950,2982965,784362005,1615194115,36839.44,5309,620234,45615105,11669968,635470235,1033532475
107年05月,,66653.64,15659,3360903,89386207,109712315,1476998543,2801035524,29423.2,10339,2721529,43127341,305682,18712479.4,97854583,3156599,856919825,1767046035,37230.44,5320,639374,46258866,11857732,620078718,1033989489
107年06月,,66571.34,15618,3218312,86958302,102038735,1398592288,2636918549,29436.9,10306,2600688,41296233,292599,17950536.2,90989006,3032967,796323632,1652459562,37134.44,5312,617624,45662069,11049729,602268656,984458987
107年07月,,65937.82,15814,3293237,88223734,99205676,1405726394,2689186920,29102.6,10505,2667599,42491562,294584,18320730.1,88195230,2845007,786082724,1669203886,36835.22,5309,625638,45732172,11010446,619643670,1019983034
107年08月,,66683.7,15344,3277993,89106867,101177635,1434501059,2741978639,29507.4,10041,2646633,42702351,286270,18317304.3,90023469,2903983,803842353,1702023694,37176.3,5303,631360,46404516,11154166,630658706,1039954945
107年09月,,67032.54,15617,3198729,86551637,102085607,1430554062,2698200241,29868.3,10318,2584218,41209543,293645,17631042.3,90903927,3030131,817958091,1699697581,37164.24,5299,614511,45342094,11181680,612595971,998502660
107年10月,,66934.25,15620,3354676,88877490,111025046,1481687298,2880889446,30268.99,10408,2736924,43554543,311918,17960219.81,99450654,3208086,876606863,1882936763,36665.26,5212,617752,45322947,11574392,605080435,997952683
107年11月,,69087.79,15727,3285824,87504743,109161203,1459543414,2840493037,32455.3,10520,2685190,43160581,311530,18279741.1,97826943,3260898,852600966,1842039681,36632.49,5207,600634,44344162,11334260,606942448,998453356
107年12月,,70017.17,15798,3342887,89195352,110716607,1503598752,2933265402,33575.88,10602,2730556,43998592,320668,18209001.2,99084714,3196281,867994366,1862288162,36441.29,5196,612331,45196760,11631893,635604386,1070977240
108年,,71480.89,16064,38775039,1029368445,1246943401,17064304113,33140376466,35779.27,10928,31732750,514649540,3710820,219900762.94,1117584619,3061876,9974532983,21293502464,35701.62,5136,7042289,514718905,129358782,7089771130,11846874002
108年01月,,69693.32,15717,3325718,88434294,105420875,1425125648,2757038601,33471.08,10537,2722040,44508671,323687,17543319,94419607,3045794,835517503,1771320306,36222.24,5180,603678,43925623,11001268,589608145,985718295
108年02月,,69729.28,15716,2831303,77375753,87740614,1260284152,2414321444,33529.59,10536,2300690,37329891,272598,15003485.2,77881565,2781484,691038022,1469031668,36199.69,5180,530613,40045862,9859049,569246130,945289776
108年03月,,70123.98,15708,3299646,87682022,107540549,1467812757,2807732882,33906.4,10536,2699369,43607179,316841,18085266.3,96355682,3108248,861559955,1804431617,36217.58,5172,600277,44074843,11184867,606252802,1003301265
108年04月,,70046.31,15789,3195665,85396399,104072389,1431416182,2717922620,33968.08,10626,2612742,42551668,310845,18127193.38,93056263,3101875,826864298,1731429419,36078.23,5163,582923,42844731,11016126,604551884,986493201
108年05月,,70252.57,15798,3344028,88648561,110123798,1466960585,2838107158,34141.58,10619,2737916,44618400,319196,18915045.92,98985631,3193085,876634542,1851138551,36110.99,5179,606112,44030161,11138167,590326043,986968607
108年06月,,70392.28,15765,3172150,84708838,100034695,1391433460,2663330796,34287.98,10614,2587827,41956564,292044,18782208.09,89488887,2982963,801196003,1692480065,36104.3,5151,584323,42752274,10545808,590237457,970850731
108年07月,,69297.33,15777,3298640,87323161,102316093,1417631604,2749639191,33976.39,10641,2703463,44226456,296553,19954439.02,91683633,2957537,826194362,1769425955,35320.94,5136,595177,43096705,10632460,591437242,980213236
108年08月,,70143.58,15769,3240009,85595807,99393045,1395144608,2724930646,34472.51,10637,2652502,42714375,292506,19564093.04,89020203,2871619,800318886,1736757796,35671.07,5132,587507,42881432,10372842,594825722,988172850
108年09月,,70137.24,15800,3146302,84051354,101464217,1391536828,2725171754,34470.37,10644,2573214,42128020,308821,18496029.12,90947779,3031593,814513454,1764107206,35666.87,5156,573088,41923334,10516438,577023374,961064548
108年10月,,70283.35,15710,3322593,87180022,109330091,1462743877,2860496082,34492.03,10581,2723167,43867081,323492,18902510.07,98112146,3164908,870782513,1885132503,35791.32,5129,599426,43312941,11217945,591961364,975363579
108年11月,,70675.99,15812,3217120,83219930,105177428,1404786216,2804363521,34927.47,10683,2636269,41083701,318236,17672219.7,94389471,3146316,824456357,1826476718,35748.52,5129,580851,42136229,10787957,580329859,977886803
108年12月,,71480.89,16064,3381865,89752303,114329607,1549428194,3077321771,35779.27,10928,2783551,46057533,336001,18854954.1,103243752,3330444,945457086,1991770660,35701.62,5136,598314,43694770,11085855,603971108,1085551111
109年,,79040.55,15922,38054458,958212193,1078800322,14305978657,28051114761,43649.27,11021,31816921,518485195,3753730,221687404.87,977144995,2669795,8875988126,18969917505,35391.28,4901,6237537,439726998,101655327,5429990531,9081197256
109年01月,,71463.53,15862,3167235,86674733,94272051,1365843941,2612802502,35245.19,10679,2582065,41706491,296819,16694730.26,84090847,2712608,764708392,1634040569,36218.34,5183,585170,44968242,10181204,601135549,978761933
109年02月,,71494.3,15747,3034752,80413804,77495575,1077361710,2081895358,35255.86,10668,2502458,40934829,310268,15851638.34,69653973,2401861,640310568,1362391206,36238.44,5079,532294,39478975,7841602,437051142,719504152
109年03月,,71393.55,15757,3260311,82633815,86842304,1105024845,2183790657,35150.96,10701,2711707,44314211,321506,17905191.67,78856635,2543762,713926063,1533674897,36242.59,5056,548604,38319604,7985669,391098782,650115760
109年04月,,71324.3,15773,3109993,76524084,75760946,964493643,1881973704,35172.36,10687,2609303,42611140,316747,19394735.81,68818792,2293960,622572678,1328327656,36151.94,5086,500690,33912944,6942154,341920965,553646048
109年05月,,71143.24,15761,3187800,78290805,86938138,1117020619,2191433475,35070.19,10678,2673251,43717525,315781,19689299.65,78922697,2545893,713149841,1525622181,36073.05,5083,514549,34573280,8015441,403870778,665811294
109年06月,,71614.25,15780,3123614,76957592,88403621,1167180413,2302296045,35558.05,10732,2619277,42526795,308736,18898044.04,79973377,2665779,727113312,1543935638,36056.2,5048,504337,34430797,8430244,440067101,758360407
109年07月,,71913.99,15786,3246734,80365691,91537870,1221088825,2372576090,36298.64,10817,2730323,44647176,306351,19972242.4,82947376,2675722,757133521,1600038732,35615.35,4969,516411,35718515,8590494,463955304,772537358
109年08月,,72756.93,15791,3198629,80380472,89738640,1230131401,2382516206,37148.78,10843,2683682,43863443,298929,19618351.6,81156967,2617967,741350228,1571515018,35608.15,4948,514947,36517029,8581673,488781173,811001188
109年09月,,72768.76,15819,3163951,78296553,95302606,1229633753,2412129433,37448.33,10855,2662686,43368892,314107,19300396.5,86736263,2891209,788494008,1663883782,35320.43,4964,501265,34927661,8566343,441139745,748245651
109年10月,,72839.03,15809,3178766,79853211,95937377,1272447012,2493502184,37473.6,10862,2667873,43494669,317961,18550298.7,87010116,2806778,788544167,1700727697,35365.43,4947,510893,36358542,8927261,483902845,792774487
109年11月,,78291.11,15937,3126808,77407646,95956553,1248155323,2469034420,42917.98,11013,2632418,42797680,316360,17615104.3,87295411,2909847,790600704,1709186401,35373.13,4924,494390,34609966,8661142,457554619,759848019
109年12月,,79040.55,15922,3255865,80413787,100614641,1307597172,2667164687,43649.27,11021,2741878,44502344,330165,18197371.6,91682541,2957501,828084644,1796573728,35391.28,4901,513987,35911443,8932100,479512528,870590959
110年,,80802.05,15390,32320742,764272985,791638849,10153204218,20315392755,47307.19,10735,27562570,451458745,3467341,183243382.3,723208427,1981393,6580579296,14374563956,33494.86,4655,4758172,312814240,68430422,3572624922,5940828799
110年01月,,79550.93,15808,3163163,78712799,88424018,1142791534,2254165308,44189.63,10915,2657767,43398764,318290,17308855.7,80670819,2602284,733320700,1576230965,35361.3,4893,505396,35314035,7753199,409470834,677934343
110年02月,,79454.01,15832,2708559,69147933,72343773,1001520079,1947414356,44104.96,10944,2260998,37172316,266075,14635199.8,65441631,2337201,601045911,1288303808,35349.05,4888,447561,31975617,6902142,400474168,659110548
110年03月,,79675.4,15788,3170482,78629867,96000144,1235110563,2436157327,44392.55,10902,2662875,43254387,325499,17723576.5,87536418,2823755,793640175,1705622572,35282.85,4886,507607,35375480,8463726,441470388,730534755
110年04月,,79954.93,15773,3032220,76221979,90627410,1206565076,2366832161,44826.98,10901,2542591,41467855,313726,17240291.1,82256532,2741884,748979011,1621083409,35127.95,4872,489629,34754124,8370878,457586065,745748752
110年05月,,79807.37,15684,2772142,66927810,54838355,703366456,1400641178,44680.7,10855,2346467,38443861,296432,15953671.8,50030523,1613888,457471469,992646787,35126.67,4829,425675,28483949,4807832,245894987,407994391
110年06月,,75489.08,15557,1892320,40333451,19600346,227451667,474072378,42696.61,10731,1652421,27227119,247955,10391058.1,18111181,603706,166613116,372619511,32792.47,4826,239899,13106332,1489165,60838551,101452867
110年07月,,76551.34,15604,1970939,41962054,27784397,339021590,688744387,43301.07,10796,1724927,28401980,248912,11169239.7,25599950,825805,235628676,517394490,33250.27,4808,246012,13560074,2184447,103392914,171349897
110年08月,,77597.33,15617,2336059,51972589,45166862,589147833,1168660659,44105.29,10824,2032174,33430312,268835,13753287.3,41350809,1333897,384518993,828946747,33492.04,4793,303885,18542277,3816053,204628840,339713912
110年09月,,78430.83,15614,2696730,60845452,59376632,744971077,1494686612,45645.21,10848,2331929,38321789,286701,16423144.4,54395637,1813188,501921076,1087667585,32785.62,4766,364801,22523663,4980995,243050001,407019027
110年10月,,79890.38,15606,2833690,65203799,73503902,930446224,1895545121,46307.09,10859,2435217,39865035,299086,16626461.1,67357036,2172808,614758410,1358727889,33583.29,4747,398473,25338764,6146866,315687814,536817232
110年11月,,80532.98,15505,2814896,65444086,79455158,980065359,2014331156,47188.42,10777,2411010,39492536,293228,15834754.9,72942267,2431409,652551647,1465596813,33344.56,4728,403886,25951550,6512891,327513712,548734343
110年12月,,80802.05,15390,2929542,68871165,84517852,1052746761,2174142112,47307.19,10735,2504194,40982790,302602,16183841.9,77515624,2500504,690130113,1559723380,33494.86,4655,425348,27888375,7002228,362616648,614418732
111年,,82016.07,15174,32309639,752007515,836736508,10286543947,21857833278,50868.49,10776,27681563,456665953,3478544,182974015.3,769352501,2107815,6828833422,16127135718,31147.58,4398,4628076,295341562,67384007,3457710525,5730697560
111年01月,,80492.54,15412,2840873,66965118,72560418,886354091,1831650688,47373.98,10779,2423868,39856373,294306,15939547.6,66809161,2155134,594930745,1350331566,33118.56,4633,417005,27108745,5751257,291423346,481319122
111年02月,,80506.14,15478,2433968,57924216,59380817,754012694,1549230881,47612.43,10850,2069197,34005418,254682,13279519,54411635,1943273,485424463,1107730872,32893.71,4628,364771,23918798,4969182,268588231,441500009
111年03月,,80096.32,15351,2891475,66696337,83944092,1008151325,2092808432,47822.21,10784,2473722,40487593,300277,16147216.7,77246510,2491823,684342709,1555745516,32274.11,4567,417753,26208744,6697582,323808616,537062916
111年04月,,80432.44,15355,2698770,63301546,65818090,815006668,1682102579,48232.83,10805,2301969,37868461,285689,14911468.5,60453078,2015103,538367879,1227531207,32199.61,4550,396801,25433085,5365012,276638789,454571372
111年05月,,80156,15348,2686024,62121002,50651076,607956970,1273890070,48104.09,10806,2302424,37987904,290642,14538185,46658594,1505116,413808310,954194060,32051.91,4542,383600,24133098,3992482,194148660,319696010
111年06月,,79656.49,15345,2476237,57162727,54973553,665965654,1388120369,47987.68,10818,2121465,35235911,290373,14270152.6,50679008,1689300,446212044,1028139768,31668.81,4527,354772,21926816,4294545,219753610,359980601
111年07月,,79432.94,15284,2606074,60950671,64253165,814848635,1683307610,47954.38,10839,2231757,37093931,285349,15702353,58851036,1898421,527323719,1204317010,31478.56,4445,374317,23856740,5402129,287524916,478990600
111年08月,,79989.08,15267,2756336,63561336,70523848,888071817,1831959521,48611.97,10855,2373864,39271312,292426,16557522.2,64669408,2086110,578959360,1317744096,31377.11,4412,382472,24290024,5854440,309112457,514215425
111年09月,,80320.73,15279,2679901,61981121,73507977,899639965,1864713703,48828.89,10873,2303839,37964898,297097,15734263.9,67618092,2253936,599023070,1364844018,31491.84,4406,376062,24016223,5889885,300616895,499869685
111年10月,,80830.7,15228,2734191,63543379,76711818,943498297,2113690896,49311.46,10827,2348286,38728710,295733,15377048.1,70560517,2276146,625190379,1586212161,31519.24,4401,385905,24814669,6151301,318307918,527478735
111年11月,,82281.26,15193,2714263,62778421,80346326,972592571,2215617561,50915.92,10799,2333252,38495414,290836,15135049.8,73978797,2465960,649111274,1675251712,31365.34,4394,381011,24283007,6367529,323481297,540365849
111年12月,,82016.07,15174,2791527,65021640,84065328,1030445261,2330740968,50868.49,10776,2397920,39670027,301134,15381688.9,77416665,2497312,686139471,1755093732,31147.58,4398,393607,25351613,6648663,344305790,575647236
112年,,82288.23,14807,31543462,747916690,959605210,11591012516,27053115420,52409.46,10654,27016075,450983903,3406452,173180067.68,881041652,2413813,7559623679,20159873423,29878.77,4153,4527387,296932787,78563558,4031388837,6893241997
112年01月,,81644.31,15165,2562705,61118994,70193492,897516156,1991831778,50869.17,10755,2186602,36121006,282789,13290719.22,64215293,2071461,572152051,1455278666,30775.14,4410,376103,24997988,5978199,325364105,536553112
112年02月,,81528.1,15147,2439386,57392200,71953182,887051116,2018248569,50972.44,10798,2090936,34950325,274260,12833321.04,65973730,2356205,574180930,1500665060,30555.66,4349,348450,22441875,5979452,312870186,517583509
112年03月,,81809.49,15082,2767055,64384331,86074080,1013791170,2356750724,51309.33,10765,2378606,39522397,297468,14811504.05,79345853,2559544,677026209,1788772181,30500.16,4317,388449,24861934,6728227,336764961,567978543
112年04月,,81880.44,15052,2565162,61388489,77553811,954411442,2219079048,51517.73,10776,2193171,36665511,288097,13833052.74,70996345,2366545,607209524,1623211999,30362.71,4276,371991,24722978,6557466,347201918,595867049
112年05月,,81976.37,15006,2730287,64504410,84651231,997965654,2354377188,51603.71,10753,2341119,39126057,294443,15210782.49,77929814,2513865,664126902,1776435305,30372.66,4253,389168,25378353,6721417,333838752,577941883
112年06月,,82138.31,14952,2593739,61633044,76775302,919302279,2156330760,51806.45,10722,2222695,37285790,281039,15141685.41,70565124,2352171,602124435,1612345987,30331.86,4230,371044,24347254,6210178,317177844,543984773
112年07月,,81353.57,14943,2634610,63018069,75098209,915425855,2165979770,51461.52,10730,2253827,37864485,280604,15314755.32,68820375,2220012,587407710,1594151794,29892.05,4213,380783,25153584,6277834,328018145,571827976
112年08月,,82219.41,14923,2667334,63561025,78273089,952862050,2238475931,51983.75,10736,2283242,38357883,283045,15385639.46,71772481,2315241,615227322,1653813602,30235.66,4187,384092,25203142,6500608,337634728,584662329
112年09月,,81851.51,14851,2576207,61203554,81423412,957102683,2260885146,51673.86,10662,2206650,36840846,276779,14941724.44,74936677,2497889,635456986,1704997936,30177.65,4189,369557,24362708,6486735,321645697,555887210
112年10月,,81779.1,14774,2646057,63180172,84105596,1015477028,2382831853,51673.48,10576,2264991,37897401,281231,14511435.53,77199253,2490298,660169595,1773738960,30105.62,4198,381066,25282771,6906343,355307433,609092893
112年11月,,82017.72,14845,2673674,62388525,86132584,1024712533,2421383061,51991.55,10637,2296255,37796846,280771,13996171.36,79111143,2637038,676936288,1822899724,30026.17,4208,377419,24591679,7021441,347776245,598483337
112年12月,,82288.23,14807,2687246,64143879,87371222,1055394550,2486941592,52409.46,10654,2297981,38555358,285926,13909276.62,80175564,2586309,687605727,1853562209,29878.77,4153,389265,25588521,7195658,367788823,633379383
113年,,87956.24,14433,31015489,738265104,981652952,12187576885,27970195278,58358.81,10554,26545668,445233445,3339540,166214722.89,900762532,2461100,7974344102,20758076883,29597.43,3879,4469821,293031659,80890420,4213232783,7212118395
113年01月,,82968.91,14683,2712575,64097553,82453925,1015909171,2340774698,53079.71,10499,2323380,38719359,281458,13683018.02,75635123,2439843,669169495,1743522376,29889.2,4184,389195,25378194,6818802,346739676,597252322
113年02月,,82988.37,14665,2355284,56830774,70585386,904323094,2059030952,53282.19,10479,2005055,33532884,253774,11708071.47,64408029,2220967,570711980,1489122348,29706.18,4186,350229,23297890,6177357,333611114,569908604
113年03月,,83082.91,14684,2682801,63468498,86684492,1064942070,2457188947,53366.13,10498,2297652,38374691,286672,13672778.76,79495513,2564371,703604444,1831584871,29716.78,4186,385149,25093807,7188979,361337626,625604076
113年04月,,83287.67,14413,2578975,61456175,82168598,1023888915,2323997147,53325.58,10502,2208878,37012362,277896,13743108.21,75370081,2512336,664515547,1727234968,29962.09,3911,370097,24443813,6798517,359373368,596762179
113年05月,,83207.48,14398,2689210,63819399,88235246,1074516057,2473455311,53705.31,10497,2302518,38609696,290054,14507937.63,81160478,2618080,710533614,1861259905,29502.17,3901,386692,25209703,7074768,363982443,612195406
113年06月,,83755.1,14407,2531925,60929279,79090606,994328984,2251724240,54254.2,10507,2159994,36326956,274526,14086533.3,72512643,2417088,642579762,1667247725,29500.9,3900,371931,24602323,6577963,351749222,584476515
113年07月,,83288.63,14391,2527294,60189478,75525486,945372677,2164354820,54122.49,10495,2166846,36353204,274046,14471831.77,69337193,2236684,616155808,1605681044,29166.14,3896,360448,23836274,6188293,329216869,558673776
113年08月,,84414.07,14381,2637437,63426558,80487027,1019986992,2329181728,54925.7,10491,2251895,37961987,280108,14976407.8,73650024,2375807,653317595,1703487529,29488.37,3890,385542,25464571,6837003,366669397,625694199
113年09月,,85542.89,14404,2557694,61144279,82010801,1020169829,2338318827,56014.4,10511,2185100,36577580,275084,14382685.81,75225950,2507532,668064505,1729960734,29528.49,3893,372594,24566699,6784851,352105324,608358093
113年10月,,84182.38,14398,2475024,58315882,80311649,981201500,2274677552,54649.53,10500,2130329,35813180,273983,13363368.46,73888147,2383489,652877477,1702753569,29532.85,3898,344695,22502702,6423502,328324023,571923983
113年11月,,86715.98,14457,2578636,61041863,85401388,1048885245,2431477774,56952.14,10546,2209771,37165036,280081,13756513.27,78596536,2619885,697834372,1819628256,29763.84,3911,368865,23876827,6804852,351050873,611849518
113年12月,,87956.24,14433,2688634,63545364,88698348,1094052352,2526013282,58358.81,10554,2304250,38786508,291858,13862468.39,81482815,2628478,724979504,1876593558,29597.43,3879,384384,24758856,7215533,369072848,649419724
114年,,92535.81,14431,30621436,736649920,991534251,12357406189,29537361489,62418.75,10582,26173233,448029120,3392585,161425976.46,910198884,2493696,8110850643,22144878414,30117.06,3849,4448203,288620800,81335367,4246555546,7392483075
114年01月,,88655.76,14376,2514288,60996364,75989282,955714400,2206540822,59242.83,10495,2143524,36596539,277141,12741750.71,69727462,2249273,624463642,1644024068,29412.93,3881,370764,24399825,6261820,331250758,562516754
114年02月,,88841.36,14338,2353330,56165175,74245482,925680131,2222356003,59428.43,10481,2010868,34141528,258812,11732734.41,68145073,2433753,609239308,1669190543,29412.93,3857,342462,22023647,6100409,316440823,553165460
114年03月,,89092.82,14308,2631139,62667699,86168171,1062873769,2557899306,59681.23,10447,2251142,38160729,289075,13409584.54,79150036,2553227,705887662,1932131234,29411.59,3861,379997,24506970,7018135,356986107,625768072
114年04月,,90405.08,14341,2558110,60952698,82874901,1032034755,2471840917,60196.7,10487,2188922,37058903,280466,13618070.56,75986134,2532871,677522410,1864464820,30208.38,3854,369188,23893795,6888767,354512345,607376097
114年05月,,90244.14,14297,2648046,63308100,85628803,1063214272,2552229785,60164.21,10465,2265609,38369691,290038,14476494.88,78618027,2536065,699906745,1923865893,30079.93,3832,382437,24938409,7010776,363307527,628363892
114年06月,,90955.41,14252,2558579,61212582,81077341,1006123373,2420247429,60162.61,10439,2188936,37148126,281346,14113145.12,74481392,2482713,664316791,1825276980,30792.8,3813,369643,24064456,6595949,341806582,594970449
114年07月,,90484.91,14277,2614111,62157686,80127946,995134167,2396674411,60369.89,10456,2241918,38014215,284759,14266174.62,73711131,2377778,655199539,1798490797,30115.02,3821,372193,24143471,6416815,339934628,598183614
114年08月,,91257.81,14252,2560180,62509387,80720701,1032407767,2462778824,61170.17,10455,2182913,37707231,282470,14209654.79,73909015,2384162,658176022,1805491894,30087.64,3797,377267,24802156,6811686,374231745,657286930
114年09月,,90870.09,14283,2535484,61218400,84197100,1034602135,2484364360,60642.04,10470,2167207,37487810,284752,13937553.69,77385756,2579525,687441927,1875722949,30228.05,3813,368277,23730590,6811344,347160208,608641411
114年10月,,91130.84,14358,2557870,62720338,85476190,1076368656,2541206969,60949.28,10519,2178541,38076113,290970,13730340.51,78343972,2527225,696379250,1898896587,30181.56,3839,379329,24644225,7132218,379989406,642310382
114年11月,,92018.77,14386,2472731,60112006,85192945,1059049495,2546816732,61857.31,10539,2113487,36774506,279538,12510858.63,78228221,2607607,695559759,1902343123,30161.46,3847,359244,23337500,6964724,363489736,644473609
114年12月,,92535.81,14431,2617568,62629485,89835389,1114203269,2674405932,62418.75,10582,2240166,38493729,293218,12679614,82512665,2661699,736757588,2004979527,30117.06,3849,377402,24135756,7322724,377445681,669426405
115年(至07月),,93892.6,14313,17295561,418275671,568071996,7181390116,17059831614,64400.85,10594,14787170,257270173,1949465,80387845.55,520637518,2455837,4715182733,12751478451,29491.75,3719,2508391,161005498,47434478,2466207383,4308353163
115年01月,,92492.51,14408,2591078,62688900,83721072,1044466431,2496393595,62371.65,10584,2215743,38631752,287943,12103913.65,76793911,2477223,690691297,1867236477,30120.86,3824,375335,24057148,6927161,353775134,629157118
115年02月,,92755.19,14406,2140691,53113967,66290104,891943839,2025778611,62632.58,10615,1816199,31751103,245473,9654822.49,60425565,2158056,561539101,1481221306,30122.61,3791,324492,21362864,5864539,330404738,544557305
115年03月,,93567.69,14372,2576489,62230327,88230923,1096183503,2624813862,63444.38,10610,2203682,38450758,291675,11862288.89,80841918,2607804,721626551,1961735585,30123.31,3762,372807,23779569,7389005,374556952,663078277
115年04月,,93476.62,14467,2463551,59491632,82679564,1054303359,2469698178,63382.46,10708,2105401,36561531,279120,11619038.84,75649022,2521634,689155426,1841848086,30094.16,3759,358150,22930101,7030542,365147933,627850092
115年05月,,93584.25,14428,2586221,61524105,86625564,1103520323,2614439707,63368.12,10683,2217370,37875296,285459,11851708.37,79303407,2558174,729037364,1948514555,30216.13,3745,368851,23648809,7322157,374482959,665925152
115年06月,,93939.95,14339,2456380,59383817,81339196,1000479669,2413904547,64045.8,10593,2100165,36683978,280537,11748674.26,74870009,2495667,668572999,1836479920,29894.15,3746,356215,22699839,6469187,331906670,577424627
115年07月,,93892.6,14313,2481152,59842923,79185573,990492992,2414803115,64400.85,10594,2128611,37315755,279258,11547399.05,72753686,2346893,654559995,1814442523,29491.75,3719,352541,22527168,6431887,335932997,600360592
"說明：
1.市區客運98年(含)以前臺北市之營業行車次數以「段次」計算，為與全國資料計算基礎一致，99年起改以
   「班次」統計。
2.100年起市區客運行駛延日車數、客運人數及平均每日人數，均含客運業者經縣市政府核定區域內行駛
   路線、市區客運業出租業務及鄉、鎮、市、區公所等自購營業客車之營運資料，惟113年9月起，地方政府
   已依汽車運輸業管理規則將鄉鎮市區公所自購營業客車轉為業管路線，爰自有車輛相關資料併入路線客運
   之統計範圍。
3.99年(含)以前本表資料範圍不包括金門縣及連江縣。
4.100年起期末營業里程係以不重複路線統計為原則，即若多家客運公司經營同一路線，則僅列計一條路線
   里程。
5.消耗油量及行駛延日車數分別自民國81年及90年起開始統計。
6.依109年11月汽車運輸業管理規則第44條之2、3等增訂規定，市區汽車客運之偏遠路線，得由計程車客運
   業、當地社會團體或個人成立之市區汽車客運業經營；由地方政府自行經營市區汽車客運業者，其經營得
   徵求當地社會團體、個人協助。
7.公路客運含國道客運及一般公路客運。
8.100年起公路汽車客運人數含客運業者出租業務運量。
9.公路客運概況資料於115年5月進行114年1-12月資料釐正作業。",,,,,,,,,,,,,,,,,,,,,,,,,
"資料來源：
1.市區客運：98年前為監理單位；99年起由各縣市政府提供。
2.公路客運：公路局。",,,,,,,,,,,,,,,,,,,,,,,,,
最近一次資料更新時間：115年09月29日,,,,,,,,,,,,,,,,,,,,,,,,,
